[     697ms] [INFO] %cDownload the React DevTools for a better development experience: https://react.dev/link/react-devtools font-weight:bold @ http://localhost:8788/node_modules/.vite/deps/react-dom_client.js?v=32f5a6e4:15804
[    1425ms] [ERROR] Encountered a script tag while rendering React component. Scripts inside React components are never executed when rendering on the client. Consider using template tag instead (https://developer.mozilla.org/en-US/docs/Web/HTML/Element/template). @ http://localhost:8788/node_modules/.vite/deps/react-dom_client.js?v=32f5a6e4:6614
[    1617ms] [INFO] [cadence:tasks-query] state changed {filters: Object, enabled: false, status: pending, fetchStatus: idle, count: null} @ http://localhost:8788/app/hooks/tasks/use-tasks.ts:28
[    1622ms] [INFO] [cadence:inbox-query] state changed {enabled: false, status: pending, fetchStatus: idle, count: null, error: null} @ http://localhost:8788/app/hooks/inbox/use-inbox.ts:21
[    1623ms] [INFO] [cadence:tasks-query] state changed {filters: Object, enabled: false, status: pending, fetchStatus: idle, count: null} @ http://localhost:8788/app/hooks/tasks/use-tasks.ts:28
[    1633ms] [INFO] [cadence:tasks-query] state changed {filters: Object, enabled: false, status: pending, fetchStatus: idle, count: null} @ http://localhost:8788/app/hooks/tasks/use-tasks.ts:28
[    1635ms] [INFO] [cadence:inbox-query] state changed {enabled: false, status: pending, fetchStatus: idle, count: null, error: null} @ http://localhost:8788/app/hooks/inbox/use-inbox.ts:21
[    1636ms] [INFO] [cadence:tasks-query] state changed {filters: Object, enabled: false, status: pending, fetchStatus: idle, count: null} @ http://localhost:8788/app/hooks/tasks/use-tasks.ts:28
[    1702ms] [INFO] [cadence:tasks-query] state changed {filters: Object, enabled: false, status: pending, fetchStatus: idle, count: null} @ http://localhost:8788/app/hooks/tasks/use-tasks.ts:28
[    1702ms] [INFO] [cadence:tasks-query] state changed {filters: Object, enabled: false, status: pending, fetchStatus: idle, count: null} @ http://localhost:8788/app/hooks/tasks/use-tasks.ts:28
[    1794ms] [INFO] [cadence:tasks-query] state changed {filters: Object, enabled: false, status: success, fetchStatus: idle, count: 1} @ http://localhost:8788/app/hooks/tasks/use-tasks.ts:28
[    1796ms] [INFO] [cadence:inbox-query] state changed {enabled: false, status: success, fetchStatus: idle, count: 0, error: null} @ http://localhost:8788/app/hooks/inbox/use-inbox.ts:21
[    1798ms] [INFO] [cadence:tasks-query] state changed {filters: Object, enabled: false, status: success, fetchStatus: idle, count: 0} @ http://localhost:8788/app/hooks/tasks/use-tasks.ts:28
[    1881ms] [INFO] [cadence:tasks-query] state changed {filters: Object, enabled: false, status: success, fetchStatus: idle, count: 1} @ http://localhost:8788/app/hooks/tasks/use-tasks.ts:28
[    1953ms] [INFO] [cadence:tasks-query] state changed {filters: Object, enabled: false, status: success, fetchStatus: idle, count: 1} @ http://localhost:8788/app/hooks/tasks/use-tasks.ts:28
[    1954ms] [INFO] [cadence:inbox-query] state changed {enabled: false, status: success, fetchStatus: idle, count: 0, error: null} @ http://localhost:8788/app/hooks/inbox/use-inbox.ts:21
[    1954ms] [INFO] [cadence:tasks-query] state changed {filters: Object, enabled: false, status: success, fetchStatus: idle, count: 0} @ http://localhost:8788/app/hooks/tasks/use-tasks.ts:28
[    2076ms] [INFO] [cadence:tasks-query] state changed {filters: Object, enabled: true, status: success, fetchStatus: fetching, count: 1} @ http://localhost:8788/app/hooks/tasks/use-tasks.ts:28
[    2079ms] [INFO] [cadence:inbox-query] state changed {enabled: true, status: success, fetchStatus: fetching, count: 0, error: null} @ http://localhost:8788/app/hooks/inbox/use-inbox.ts:21
[    2080ms] [INFO] [cadence:tasks-query] state changed {filters: Object, enabled: true, status: success, fetchStatus: fetching, count: 0} @ http://localhost:8788/app/hooks/tasks/use-tasks.ts:28
[    2082ms] [INFO] [cadence:tasks-query] state changed {filters: Object, enabled: true, status: success, fetchStatus: fetching, count: 1} @ http://localhost:8788/app/hooks/tasks/use-tasks.ts:28
[    2083ms] [INFO] [cadence:inbox-query] state changed {enabled: true, status: success, fetchStatus: fetching, count: 0, error: null} @ http://localhost:8788/app/hooks/inbox/use-inbox.ts:21
[    2083ms] [INFO] [cadence:tasks-query] state changed {filters: Object, enabled: true, status: success, fetchStatus: fetching, count: 0} @ http://localhost:8788/app/hooks/tasks/use-tasks.ts:28
[    2087ms] [INFO] [cadence:tasks-query] state changed {filters: Object, enabled: true, status: success, fetchStatus: fetching, count: 1} @ http://localhost:8788/app/hooks/tasks/use-tasks.ts:28
[    2088ms] [INFO] [cadence:inbox-query] state changed {enabled: true, status: success, fetchStatus: fetching, count: 0, error: null} @ http://localhost:8788/app/hooks/inbox/use-inbox.ts:21
[    2089ms] [INFO] [cadence:tasks-query] state changed {filters: Object, enabled: true, status: success, fetchStatus: fetching, count: 0} @ http://localhost:8788/app/hooks/tasks/use-tasks.ts:28
[    2131ms] [INFO] [cadence:tasks-query] state changed {filters: Object, enabled: true, status: success, fetchStatus: fetching, count: 1} @ http://localhost:8788/app/hooks/tasks/use-tasks.ts:28
[    2133ms] [INFO] [cadence:tasks-query] state changed {filters: Object, enabled: true, status: success, fetchStatus: fetching, count: 0} @ http://localhost:8788/app/hooks/tasks/use-tasks.ts:28
[    2135ms] [INFO] [cadence:tasks-query] state changed {filters: Object, enabled: true, status: success, fetchStatus: fetching, count: 1} @ http://localhost:8788/app/hooks/tasks/use-tasks.ts:28
[    2135ms] [INFO] [cadence:tasks-query] state changed {filters: Object, enabled: true, status: success, fetchStatus: fetching, count: 0} @ http://localhost:8788/app/hooks/tasks/use-tasks.ts:28
[    2161ms] [WARNING] Geolocation permission has been blocked as the user has ignored the permission prompt several times. This can be reset in Page Info which can be accessed by clicking the tune icon next to the URL. See https://www.chromestatus.com/feature/6443143280984064 for more information. @ http://localhost:8788/:0
[    2350ms] [INFO] [cadence:tasks-query] state changed {filters: Object, enabled: false, status: success, fetchStatus: fetching, count: 1} @ http://localhost:8788/app/hooks/tasks/use-tasks.ts:28
[    2351ms] [INFO] [cadence:inbox-query] state changed {enabled: true, status: success, fetchStatus: fetching, count: 0, error: null} @ http://localhost:8788/app/hooks/inbox/use-inbox.ts:21
[    2352ms] [INFO] [cadence:tasks-query] state changed {filters: Object, enabled: false, status: success, fetchStatus: fetching, count: 1} @ http://localhost:8788/app/hooks/tasks/use-tasks.ts:28
[    2353ms] [INFO] [cadence:inbox-query] state changed {enabled: true, status: success, fetchStatus: fetching, count: 0, error: null} @ http://localhost:8788/app/hooks/inbox/use-inbox.ts:21
[    2355ms] [INFO] [cadence:tasks-query] state changed {filters: Object, enabled: false, status: success, fetchStatus: fetching, count: 1} @ http://localhost:8788/app/hooks/tasks/use-tasks.ts:28
[    2356ms] [INFO] [cadence:inbox-query] state changed {enabled: true, status: success, fetchStatus: fetching, count: 0, error: null} @ http://localhost:8788/app/hooks/inbox/use-inbox.ts:21
[    2357ms] [INFO] [cadence:tasks-query] state changed {filters: Object, enabled: false, status: success, fetchStatus: fetching, count: 1} @ http://localhost:8788/app/hooks/tasks/use-tasks.ts:28
[    2357ms] [INFO] [cadence:inbox-query] state changed {enabled: true, status: success, fetchStatus: fetching, count: 0, error: null} @ http://localhost:8788/app/hooks/inbox/use-inbox.ts:21
[    2553ms] [INFO] [cadence:tasks-query] state changed {filters: Object, enabled: true, status: success, fetchStatus: fetching, count: 1} @ http://localhost:8788/app/hooks/tasks/use-tasks.ts:28
[    2944ms] [INFO] [cadence:tasks-query] state changed {filters: Object, enabled: true, status: success, fetchStatus: fetching, count: 1} @ http://localhost:8788/app/hooks/tasks/use-tasks.ts:28
[    2946ms] [INFO] [cadence:inbox-query] state changed {enabled: true, status: success, fetchStatus: idle, count: 0, error: null} @ http://localhost:8788/app/hooks/inbox/use-inbox.ts:21
[    2946ms] [INFO] [cadence:tasks-query] state changed {filters: Object, enabled: true, status: success, fetchStatus: fetching, count: 0} @ http://localhost:8788/app/hooks/tasks/use-tasks.ts:28
[    2947ms] [INFO] [cadence:tasks-query] state changed {filters: Object, enabled: false, status: success, fetchStatus: fetching, count: 1} @ http://localhost:8788/app/hooks/tasks/use-tasks.ts:28
[    2947ms] [INFO] [cadence:inbox-query] state changed {enabled: true, status: success, fetchStatus: idle, count: 0, error: null} @ http://localhost:8788/app/hooks/inbox/use-inbox.ts:21
[    2948ms] [INFO] [cadence:tasks-query] state changed {filters: Object, enabled: false, status: success, fetchStatus: fetching, count: 1} @ http://localhost:8788/app/hooks/tasks/use-tasks.ts:28
[    2948ms] [INFO] [cadence:inbox-query] state changed {enabled: true, status: success, fetchStatus: idle, count: 0, error: null} @ http://localhost:8788/app/hooks/inbox/use-inbox.ts:21
[    2949ms] [INFO] [cadence:tasks-query] state changed {filters: Object, enabled: true, status: success, fetchStatus: fetching, count: 1} @ http://localhost:8788/app/hooks/tasks/use-tasks.ts:28
[    2949ms] [INFO] [cadence:inbox-query] state changed {enabled: true, status: success, fetchStatus: idle, count: 0, error: null} @ http://localhost:8788/app/hooks/inbox/use-inbox.ts:21
[    2949ms] [INFO] [cadence:tasks-query] state changed {filters: Object, enabled: true, status: success, fetchStatus: fetching, count: 0} @ http://localhost:8788/app/hooks/tasks/use-tasks.ts:28
[    3086ms] [INFO] [cadence:tasks-query] state changed {filters: Object, enabled: true, status: success, fetchStatus: idle, count: 1} @ http://localhost:8788/app/hooks/tasks/use-tasks.ts:28
[    3089ms] [INFO] [cadence:tasks-query] state changed {filters: Object, enabled: true, status: success, fetchStatus: fetching, count: 0} @ http://localhost:8788/app/hooks/tasks/use-tasks.ts:28
[    3089ms] [INFO] [cadence:tasks-query] state changed {filters: Object, enabled: false, status: success, fetchStatus: idle, count: 1} @ http://localhost:8788/app/hooks/tasks/use-tasks.ts:28
[    3090ms] [INFO] [cadence:tasks-query] state changed {filters: Object, enabled: false, status: success, fetchStatus: idle, count: 1} @ http://localhost:8788/app/hooks/tasks/use-tasks.ts:28
[    3090ms] [INFO] [cadence:tasks-query] state changed {filters: Object, enabled: true, status: success, fetchStatus: idle, count: 1} @ http://localhost:8788/app/hooks/tasks/use-tasks.ts:28
[    3558ms] [INFO] [cadence:tasks-query] state changed {filters: Object, enabled: true, status: success, fetchStatus: idle, count: 1} @ http://localhost:8788/app/hooks/tasks/use-tasks.ts:28
[    3559ms] [INFO] [cadence:tasks-query] state changed {filters: Object, enabled: true, status: success, fetchStatus: idle, count: 0} @ http://localhost:8788/app/hooks/tasks/use-tasks.ts:28
[    3560ms] [INFO] [cadence:tasks-query] state changed {filters: Object, enabled: false, status: success, fetchStatus: idle, count: 1} @ http://localhost:8788/app/hooks/tasks/use-tasks.ts:28
[    3561ms] [INFO] [cadence:tasks-query] state changed {filters: Object, enabled: false, status: success, fetchStatus: idle, count: 1} @ http://localhost:8788/app/hooks/tasks/use-tasks.ts:28
[    3562ms] [INFO] [cadence:tasks-query] state changed {filters: Object, enabled: true, status: success, fetchStatus: idle, count: 1} @ http://localhost:8788/app/hooks/tasks/use-tasks.ts:28
[    3562ms] [INFO] [cadence:tasks-query] state changed {filters: Object, enabled: true, status: success, fetchStatus: idle, count: 0} @ http://localhost:8788/app/hooks/tasks/use-tasks.ts:28
[    9094ms] [INFO] [cadence:tasks-query] state changed {filters: Object, enabled: true, status: success, fetchStatus: idle, count: 1} @ http://localhost:8788/app/hooks/tasks/use-tasks.ts:28
[   56332ms] [INFO] [cadence:tasks-query] state changed {filters: Object, enabled: true, status: success, fetchStatus: idle, count: 1} @ http://localhost:8788/app/hooks/tasks/use-tasks.ts:28
[  112096ms] [INFO] [cadence:tasks-query] state changed {filters: Object, enabled: true, status: success, fetchStatus: idle, count: 1} @ http://localhost:8788/app/hooks/tasks/use-tasks.ts:28
[  154124ms] [INFO] [cadence:tasks-query] state changed {filters: Object, enabled: true, status: success, fetchStatus: idle, count: 1} @ http://localhost:8788/app/hooks/tasks/use-tasks.ts:28
[  154126ms] [INFO] [cadence:tasks-query] state changed {filters: Object, enabled: true, status: success, fetchStatus: idle, count: 0} @ http://localhost:8788/app/hooks/tasks/use-tasks.ts:28
[  169808ms] [INFO] [cadence:tasks-query] state changed {filters: Object, enabled: true, status: success, fetchStatus: idle, count: 1} @ http://localhost:8788/app/hooks/tasks/use-tasks.ts:28
[  171466ms] [INFO] [cadence:tasks-query] state changed {filters: Object, enabled: true, status: success, fetchStatus: idle, count: 1} @ http://localhost:8788/app/hooks/tasks/use-tasks.ts:28
[  171466ms] [INFO] [cadence:tasks-query] state changed {filters: Object, enabled: true, status: success, fetchStatus: idle, count: 0} @ http://localhost:8788/app/hooks/tasks/use-tasks.ts:28
[  225435ms] [INFO] [cadence:tasks-query] state changed {filters: Object, enabled: true, status: success, fetchStatus: idle, count: 1} @ http://localhost:8788/app/hooks/tasks/use-tasks.ts:28
[  280912ms] [INFO] [cadence:tasks-query] state changed {filters: Object, enabled: true, status: success, fetchStatus: idle, count: 1} @ http://localhost:8788/app/hooks/tasks/use-tasks.ts:28
[  336526ms] [INFO] [cadence:tasks-query] state changed {filters: Object, enabled: true, status: success, fetchStatus: idle, count: 1} @ http://localhost:8788/app/hooks/tasks/use-tasks.ts:28
[  377784ms] [INFO] [cadence:tasks-query] state changed {filters: Object, enabled: true, status: success, fetchStatus: idle, count: 1} @ http://localhost:8788/app/hooks/tasks/use-tasks.ts:28
[  377785ms] [INFO] [cadence:tasks-query] state changed {filters: Object, enabled: true, status: success, fetchStatus: idle, count: 0} @ http://localhost:8788/app/hooks/tasks/use-tasks.ts:28
[  377941ms] [INFO] [cadence:tasks-query] state changed {filters: Object, enabled: true, status: success, fetchStatus: idle, count: 1} @ http://localhost:8788/app/hooks/tasks/use-tasks.ts:28
[  377941ms] [INFO] [cadence:tasks-query] state changed {filters: Object, enabled: true, status: success, fetchStatus: idle, count: 0} @ http://localhost:8788/app/hooks/tasks/use-tasks.ts:28
[  380885ms] [WARNING] The resource http://localhost:8788/app/app.css was preloaded using link preload but not used within a few seconds from the window's load event. Please make sure it has an appropriate `as` value and it is preloaded intentionally. @ http://localhost:8788/:0
[  381537ms] [INFO] [cadence:tasks-query] state changed {filters: Object, enabled: true, status: success, fetchStatus: idle, count: 1} @ http://localhost:8788/app/hooks/tasks/use-tasks.ts:28
[  381538ms] [INFO] [cadence:tasks-query] state changed {filters: Object, enabled: true, status: success, fetchStatus: idle, count: 0} @ http://localhost:8788/app/hooks/tasks/use-tasks.ts:28
[  383894ms] [INFO] [cadence:tasks-query] state changed {filters: Object, enabled: true, status: success, fetchStatus: idle, count: 1} @ http://localhost:8788/app/hooks/tasks/use-tasks.ts:28
[  383895ms] [INFO] [cadence:tasks-query] state changed {filters: Object, enabled: true, status: success, fetchStatus: idle, count: 0} @ http://localhost:8788/app/hooks/tasks/use-tasks.ts:28
[  383548ms] [INFO] [cadence:tasks-query] state changed {filters: Object, enabled: true, status: success, fetchStatus: idle, count: 1} @ http://localhost:8788/app/hooks/tasks/use-tasks.ts:28
[  383548ms] [INFO] [cadence:tasks-query] state changed {filters: Object, enabled: true, status: success, fetchStatus: idle, count: 0} @ http://localhost:8788/app/hooks/tasks/use-tasks.ts:28
[  385495ms] [INFO] [cadence:tasks-query] state changed {filters: Object, enabled: true, status: success, fetchStatus: idle, count: 1} @ http://localhost:8788/app/hooks/tasks/use-tasks.ts:28
[  385496ms] [INFO] [cadence:tasks-query] state changed {filters: Object, enabled: true, status: success, fetchStatus: idle, count: 0} @ http://localhost:8788/app/hooks/tasks/use-tasks.ts:28
[  388457ms] [WARNING] The resource http://localhost:8788/app/app.css was preloaded using link preload but not used within a few seconds from the window's load event. Please make sure it has an appropriate `as` value and it is preloaded intentionally. @ http://localhost:8788/:0
[  389994ms] [INFO] [cadence:tasks-query] state changed {filters: Object, enabled: true, status: success, fetchStatus: idle, count: 1} @ http://localhost:8788/app/hooks/tasks/use-tasks.ts:28
[  389996ms] [INFO] [cadence:tasks-query] state changed {filters: Object, enabled: true, status: success, fetchStatus: idle, count: 0} @ http://localhost:8788/app/hooks/tasks/use-tasks.ts:28
[  392002ms] [INFO] [cadence:tasks-query] state changed {filters: Object, enabled: true, status: success, fetchStatus: idle, count: 1} @ http://localhost:8788/app/hooks/tasks/use-tasks.ts:28
[  392195ms] [INFO] [cadence:tasks-query] state changed {filters: Object, enabled: true, status: success, fetchStatus: idle, count: 1} @ http://localhost:8788/app/hooks/tasks/use-tasks.ts:28
[  392196ms] [INFO] [cadence:tasks-query] state changed {filters: Object, enabled: true, status: success, fetchStatus: idle, count: 0} @ http://localhost:8788/app/hooks/tasks/use-tasks.ts:28
[  395146ms] [WARNING] The resource http://localhost:8788/app/app.css was preloaded using link preload but not used within a few seconds from the window's load event. Please make sure it has an appropriate `as` value and it is preloaded intentionally. @ http://localhost:8788/:0
[  395871ms] [INFO] [cadence:tasks-query] state changed {filters: Object, enabled: true, status: success, fetchStatus: idle, count: 1} @ http://localhost:8788/app/hooks/tasks/use-tasks.ts:28
[  395873ms] [INFO] [cadence:tasks-query] state changed {filters: Object, enabled: true, status: success, fetchStatus: idle, count: 0} @ http://localhost:8788/app/hooks/tasks/use-tasks.ts:28
[  398834ms] [WARNING] The resource http://localhost:8788/app/app.css was preloaded using link preload but not used within a few seconds from the window's load event. Please make sure it has an appropriate `as` value and it is preloaded intentionally. @ http://localhost:8788/:0
[  399360ms] [INFO] [cadence:tasks-query] state changed {filters: Object, enabled: true, status: success, fetchStatus: idle, count: 1} @ http://localhost:8788/app/hooks/tasks/use-tasks.ts:28
[  399362ms] [INFO] [cadence:tasks-query] state changed {filters: Object, enabled: true, status: success, fetchStatus: idle, count: 0} @ http://localhost:8788/app/hooks/tasks/use-tasks.ts:28
[  402352ms] [WARNING] The resource http://localhost:8788/app/app.css was preloaded using link preload but not used within a few seconds from the window's load event. Please make sure it has an appropriate `as` value and it is preloaded intentionally. @ http://localhost:8788/:0
[  404692ms] [INFO] [cadence:tasks-query] state changed {filters: Object, enabled: true, status: success, fetchStatus: idle, count: 1} @ http://localhost:8788/app/hooks/tasks/use-tasks.ts:28
[  404693ms] [INFO] [cadence:tasks-query] state changed {filters: Object, enabled: true, status: success, fetchStatus: idle, count: 0} @ http://localhost:8788/app/hooks/tasks/use-tasks.ts:28
[  407471ms] [INFO] [cadence:tasks-query] state changed {filters: Object, enabled: true, status: success, fetchStatus: idle, count: 1} @ http://localhost:8788/app/hooks/tasks/use-tasks.ts:28
[  407472ms] [INFO] [cadence:tasks-query] state changed {filters: Object, enabled: true, status: success, fetchStatus: idle, count: 0} @ http://localhost:8788/app/hooks/tasks/use-tasks.ts:28
[  410398ms] [WARNING] The resource http://localhost:8788/app/app.css was preloaded using link preload but not used within a few seconds from the window's load event. Please make sure it has an appropriate `as` value and it is preloaded intentionally. @ http://localhost:8788/:0
[  412993ms] [INFO] [cadence:tasks-query] state changed {filters: Object, enabled: true, status: success, fetchStatus: idle, count: 1} @ http://localhost:8788/app/hooks/tasks/use-tasks.ts:28
[  412993ms] [INFO] [cadence:tasks-query] state changed {filters: Object, enabled: true, status: success, fetchStatus: idle, count: 0} @ http://localhost:8788/app/hooks/tasks/use-tasks.ts:28
[  413802ms] [WARNING] The resource http://localhost:8788/app/app.css was preloaded using link preload but not used within a few seconds from the window's load event. Please make sure it has an appropriate `as` value and it is preloaded intentionally. @ http://localhost:8788/:0
[  419226ms] [INFO] [cadence:tasks-query] state changed {filters: Object, enabled: true, status: success, fetchStatus: idle, count: 1} @ http://localhost:8788/app/hooks/tasks/use-tasks.ts:28
[  419227ms] [INFO] [cadence:tasks-query] state changed {filters: Object, enabled: true, status: success, fetchStatus: idle, count: 0} @ http://localhost:8788/app/hooks/tasks/use-tasks.ts:28
[  422198ms] [WARNING] The resource http://localhost:8788/app/app.css was preloaded using link preload but not used within a few seconds from the window's load event. Please make sure it has an appropriate `as` value and it is preloaded intentionally. @ http://localhost:8788/:0
[  426208ms] [INFO] [cadence:tasks-query] state changed {filters: Object, enabled: true, status: success, fetchStatus: idle, count: 1} @ http://localhost:8788/app/hooks/tasks/use-tasks.ts:28
[  426209ms] [INFO] [cadence:tasks-query] state changed {filters: Object, enabled: true, status: success, fetchStatus: idle, count: 0} @ http://localhost:8788/app/hooks/tasks/use-tasks.ts:28
[  428512ms] [INFO] [cadence:tasks-query] state changed {filters: Object, enabled: true, status: success, fetchStatus: idle, count: 1} @ http://localhost:8788/app/hooks/tasks/use-tasks.ts:28
[  428512ms] [INFO] [cadence:tasks-query] state changed {filters: Object, enabled: true, status: success, fetchStatus: idle, count: 0} @ http://localhost:8788/app/hooks/tasks/use-tasks.ts:28
[  431563ms] [WARNING] The resource http://localhost:8788/app/app.css was preloaded using link preload but not used within a few seconds from the window's load event. Please make sure it has an appropriate `as` value and it is preloaded intentionally. @ http://localhost:8788/:0
[  432070ms] [INFO] [cadence:tasks-query] state changed {filters: Object, enabled: true, status: success, fetchStatus: idle, count: 1} @ http://localhost:8788/app/hooks/tasks/use-tasks.ts:28
[  432071ms] [INFO] [cadence:tasks-query] state changed {filters: Object, enabled: true, status: success, fetchStatus: idle, count: 0} @ http://localhost:8788/app/hooks/tasks/use-tasks.ts:28
[  433805ms] [INFO] [cadence:tasks-query] state changed {filters: Object, enabled: true, status: success, fetchStatus: idle, count: 1} @ http://localhost:8788/app/hooks/tasks/use-tasks.ts:28
[  433806ms] [INFO] [cadence:tasks-query] state changed {filters: Object, enabled: true, status: success, fetchStatus: idle, count: 0} @ http://localhost:8788/app/hooks/tasks/use-tasks.ts:28
[  436802ms] [WARNING] The resource http://localhost:8788/app/app.css was preloaded using link preload but not used within a few seconds from the window's load event. Please make sure it has an appropriate `as` value and it is preloaded intentionally. @ http://localhost:8788/:0
[  447575ms] [INFO] [cadence:tasks-query] state changed {filters: Object, enabled: true, status: success, fetchStatus: idle, count: 1} @ http://localhost:8788/app/hooks/tasks/use-tasks.ts:28
[  451162ms] [INFO] %cDownload the React DevTools for a better development experience: https://react.dev/link/react-devtools font-weight:bold @ http://localhost:8788/node_modules/.vite/deps/react-dom_client.js?v=32f5a6e4:15804
[  451856ms] [ERROR] Encountered a script tag while rendering React component. Scripts inside React components are never executed when rendering on the client. Consider using template tag instead (https://developer.mozilla.org/en-US/docs/Web/HTML/Element/template). @ http://localhost:8788/node_modules/.vite/deps/react-dom_client.js?v=32f5a6e4:6614
[  451975ms] [INFO] [cadence:tasks-query] state changed {filters: Object, enabled: false, status: pending, fetchStatus: idle, count: null} @ http://localhost:8788/app/hooks/tasks/use-tasks.ts:28
[  451979ms] [INFO] [cadence:inbox-query] state changed {enabled: false, status: pending, fetchStatus: idle, count: null, error: null} @ http://localhost:8788/app/hooks/inbox/use-inbox.ts:21
[  451980ms] [INFO] [cadence:tasks-query] state changed {filters: Object, enabled: false, status: pending, fetchStatus: idle, count: null} @ http://localhost:8788/app/hooks/tasks/use-tasks.ts:28
[  451987ms] [INFO] [cadence:tasks-query] state changed {filters: Object, enabled: false, status: pending, fetchStatus: idle, count: null} @ http://localhost:8788/app/hooks/tasks/use-tasks.ts:28
[  451988ms] [INFO] [cadence:inbox-query] state changed {enabled: false, status: pending, fetchStatus: idle, count: null, error: null} @ http://localhost:8788/app/hooks/inbox/use-inbox.ts:21
[  451989ms] [INFO] [cadence:tasks-query] state changed {filters: Object, enabled: false, status: pending, fetchStatus: idle, count: null} @ http://localhost:8788/app/hooks/tasks/use-tasks.ts:28
[  452040ms] [INFO] [cadence:tasks-query] state changed {filters: Object, enabled: false, status: pending, fetchStatus: idle, count: null} @ http://localhost:8788/app/hooks/tasks/use-tasks.ts:28
[  452041ms] [INFO] [cadence:tasks-query] state changed {filters: Object, enabled: false, status: pending, fetchStatus: idle, count: null} @ http://localhost:8788/app/hooks/tasks/use-tasks.ts:28
[  452135ms] [INFO] [cadence:tasks-query] state changed {filters: Object, enabled: false, status: success, fetchStatus: idle, count: 1} @ http://localhost:8788/app/hooks/tasks/use-tasks.ts:28
[  452137ms] [INFO] [cadence:inbox-query] state changed {enabled: false, status: success, fetchStatus: idle, count: 0, error: null} @ http://localhost:8788/app/hooks/inbox/use-inbox.ts:21
[  452138ms] [INFO] [cadence:tasks-query] state changed {filters: Object, enabled: false, status: success, fetchStatus: idle, count: 0} @ http://localhost:8788/app/hooks/tasks/use-tasks.ts:28
[  452182ms] [INFO] [cadence:tasks-query] state changed {filters: Object, enabled: false, status: success, fetchStatus: idle, count: 1} @ http://localhost:8788/app/hooks/tasks/use-tasks.ts:28
[  453549ms] [INFO] [cadence:tasks-query] state changed {filters: Object, enabled: false, status: success, fetchStatus: idle, count: 1} @ http://localhost:8788/app/hooks/tasks/use-tasks.ts:28
[  453549ms] [INFO] [cadence:inbox-query] state changed {enabled: false, status: success, fetchStatus: idle, count: 0, error: null} @ http://localhost:8788/app/hooks/inbox/use-inbox.ts:21
[  453550ms] [INFO] [cadence:tasks-query] state changed {filters: Object, enabled: false, status: success, fetchStatus: idle, count: 0} @ http://localhost:8788/app/hooks/tasks/use-tasks.ts:28
[  453632ms] [INFO] [cadence:tasks-query] state changed {filters: Object, enabled: true, status: success, fetchStatus: fetching, count: 1} @ http://localhost:8788/app/hooks/tasks/use-tasks.ts:28
[  453635ms] [INFO] [cadence:inbox-query] state changed {enabled: true, status: success, fetchStatus: fetching, count: 0, error: null} @ http://localhost:8788/app/hooks/inbox/use-inbox.ts:21
[  453636ms] [INFO] [cadence:tasks-query] state changed {filters: Object, enabled: true, status: success, fetchStatus: fetching, count: 0} @ http://localhost:8788/app/hooks/tasks/use-tasks.ts:28
[  453638ms] [INFO] [cadence:tasks-query] state changed {filters: Object, enabled: true, status: success, fetchStatus: fetching, count: 1} @ http://localhost:8788/app/hooks/tasks/use-tasks.ts:28
[  453639ms] [INFO] [cadence:inbox-query] state changed {enabled: true, status: success, fetchStatus: fetching, count: 0, error: null} @ http://localhost:8788/app/hooks/inbox/use-inbox.ts:21
[  453640ms] [INFO] [cadence:tasks-query] state changed {filters: Object, enabled: true, status: success, fetchStatus: fetching, count: 0} @ http://localhost:8788/app/hooks/tasks/use-tasks.ts:28
[  453644ms] [INFO] [cadence:tasks-query] state changed {filters: Object, enabled: true, status: success, fetchStatus: fetching, count: 1} @ http://localhost:8788/app/hooks/tasks/use-tasks.ts:28
[  453645ms] [INFO] [cadence:inbox-query] state changed {enabled: true, status: success, fetchStatus: fetching, count: 0, error: null} @ http://localhost:8788/app/hooks/inbox/use-inbox.ts:21
[  453645ms] [INFO] [cadence:tasks-query] state changed {filters: Object, enabled: true, status: success, fetchStatus: fetching, count: 0} @ http://localhost:8788/app/hooks/tasks/use-tasks.ts:28
[  453712ms] [INFO] [cadence:tasks-query] state changed {filters: Object, enabled: true, status: success, fetchStatus: fetching, count: 1} @ http://localhost:8788/app/hooks/tasks/use-tasks.ts:28
[  453714ms] [INFO] [cadence:tasks-query] state changed {filters: Object, enabled: true, status: success, fetchStatus: fetching, count: 0} @ http://localhost:8788/app/hooks/tasks/use-tasks.ts:28
[  453715ms] [INFO] [cadence:tasks-query] state changed {filters: Object, enabled: true, status: success, fetchStatus: fetching, count: 1} @ http://localhost:8788/app/hooks/tasks/use-tasks.ts:28
[  453715ms] [INFO] [cadence:tasks-query] state changed {filters: Object, enabled: true, status: success, fetchStatus: fetching, count: 0} @ http://localhost:8788/app/hooks/tasks/use-tasks.ts:28
[  453736ms] [WARNING] Geolocation permission has been blocked as the user has ignored the permission prompt several times. This can be reset in Page Info which can be accessed by clicking the tune icon next to the URL. See https://www.chromestatus.com/feature/6443143280984064 for more information. @ http://localhost:8788/:0
[  453812ms] [INFO] [cadence:tasks-query] state changed {filters: Object, enabled: true, status: success, fetchStatus: fetching, count: 1} @ http://localhost:8788/app/hooks/tasks/use-tasks.ts:28
[  454811ms] [INFO] [cadence:tasks-query] state changed {filters: Object, enabled: true, status: success, fetchStatus: fetching, count: 1} @ http://localhost:8788/app/hooks/tasks/use-tasks.ts:28
[  454812ms] [INFO] [cadence:tasks-query] state changed {filters: Object, enabled: true, status: success, fetchStatus: idle, count: 0} @ http://localhost:8788/app/hooks/tasks/use-tasks.ts:28
[  454864ms] [INFO] [cadence:tasks-query] state changed {filters: Object, enabled: true, status: success, fetchStatus: idle, count: 1} @ http://localhost:8788/app/hooks/tasks/use-tasks.ts:28
[  455240ms] [INFO] [cadence:tasks-query] state changed {filters: Object, enabled: true, status: success, fetchStatus: idle, count: 1} @ http://localhost:8788/app/hooks/tasks/use-tasks.ts:28
[  455240ms] [INFO] [cadence:inbox-query] state changed {enabled: true, status: success, fetchStatus: idle, count: 0, error: null} @ http://localhost:8788/app/hooks/inbox/use-inbox.ts:21
[  455241ms] [INFO] [cadence:tasks-query] state changed {filters: Object, enabled: true, status: success, fetchStatus: idle, count: 0} @ http://localhost:8788/app/hooks/tasks/use-tasks.ts:28
[  507537ms] [INFO] [cadence:tasks-query] state changed {filters: Object, enabled: true, status: success, fetchStatus: idle, count: 1} @ http://localhost:8788/app/hooks/tasks/use-tasks.ts:28
[  562956ms] [INFO] [cadence:tasks-query] state changed {filters: Object, enabled: true, status: success, fetchStatus: idle, count: 1} @ http://localhost:8788/app/hooks/tasks/use-tasks.ts:28
[  583602ms] [INFO] [cadence:tasks-query] state changed {filters: Object, enabled: true, status: success, fetchStatus: idle, count: 1} @ http://localhost:8788/app/hooks/tasks/use-tasks.ts:28
[  583603ms] [INFO] [cadence:tasks-query] state changed {filters: Object, enabled: true, status: success, fetchStatus: idle, count: 0} @ http://localhost:8788/app/hooks/tasks/use-tasks.ts:28
[  588053ms] [INFO] [cadence:tasks-query] state changed {filters: Object, enabled: true, status: success, fetchStatus: idle, count: 1} @ http://localhost:8788/app/hooks/tasks/use-tasks.ts:28
[  588053ms] [INFO] [cadence:tasks-query] state changed {filters: Object, enabled: true, status: success, fetchStatus: idle, count: 0} @ http://localhost:8788/app/hooks/tasks/use-tasks.ts:28
[  600305ms] [INFO] [cadence:tasks-query] state changed {filters: Object, enabled: true, status: success, fetchStatus: idle, count: 1} @ http://localhost:8788/app/hooks/tasks/use-tasks.ts:28
[  600306ms] [INFO] [cadence:tasks-query] state changed {filters: Object, enabled: true, status: success, fetchStatus: idle, count: 0} @ http://localhost:8788/app/hooks/tasks/use-tasks.ts:28
[  610101ms] [INFO] [cadence:tasks-query] state changed {filters: Object, enabled: true, status: success, fetchStatus: idle, count: 1} @ http://localhost:8788/app/hooks/tasks/use-tasks.ts:28
[  610102ms] [INFO] [cadence:tasks-query] state changed {filters: Object, enabled: true, status: success, fetchStatus: idle, count: 0} @ http://localhost:8788/app/hooks/tasks/use-tasks.ts:28
[  613039ms] [WARNING] The resource http://localhost:8788/app/app.css was preloaded using link preload but not used within a few seconds from the window's load event. Please make sure it has an appropriate `as` value and it is preloaded intentionally. @ http://localhost:8788/:0
[  616348ms] [INFO] [cadence:tasks-query] state changed {filters: Object, enabled: true, status: success, fetchStatus: idle, count: 1} @ http://localhost:8788/app/hooks/tasks/use-tasks.ts:28
[  616349ms] [INFO] [cadence:tasks-query] state changed {filters: Object, enabled: true, status: success, fetchStatus: idle, count: 0} @ http://localhost:8788/app/hooks/tasks/use-tasks.ts:28
[  619290ms] [WARNING] The resource http://localhost:8788/app/app.css was preloaded using link preload but not used within a few seconds from the window's load event. Please make sure it has an appropriate `as` value and it is preloaded intentionally. @ http://localhost:8788/:0
[  620708ms] [INFO] [cadence:tasks-query] state changed {filters: Object, enabled: true, status: success, fetchStatus: idle, count: 1} @ http://localhost:8788/app/hooks/tasks/use-tasks.ts:28
[  637557ms] [WARNING] The resource http://localhost:8788/app/app.css was preloaded using link preload but not used within a few seconds from the window's load event. Please make sure it has an appropriate `as` value and it is preloaded intentionally. @ http://localhost:8788/:0
[  650788ms] [INFO] %cDownload the React DevTools for a better development experience: https://react.dev/link/react-devtools font-weight:bold @ http://localhost:8788/node_modules/.vite/deps/react-dom_client.js?v=32f5a6e4:15804
[  651508ms] [ERROR] Encountered a script tag while rendering React component. Scripts inside React components are never executed when rendering on the client. Consider using template tag instead (https://developer.mozilla.org/en-US/docs/Web/HTML/Element/template). @ http://localhost:8788/node_modules/.vite/deps/react-dom_client.js?v=32f5a6e4:6614
[  651666ms] [INFO] [cadence:tasks-query] state changed {filters: Object, enabled: false, status: pending, fetchStatus: idle, count: null} @ http://localhost:8788/app/hooks/tasks/use-tasks.ts:28
[  651670ms] [INFO] [cadence:inbox-query] state changed {enabled: false, status: pending, fetchStatus: idle, count: null, error: null} @ http://localhost:8788/app/hooks/inbox/use-inbox.ts:21
[  651670ms] [INFO] [cadence:tasks-query] state changed {filters: Object, enabled: false, status: pending, fetchStatus: idle, count: null} @ http://localhost:8788/app/hooks/tasks/use-tasks.ts:28
[  651676ms] [INFO] [cadence:tasks-query] state changed {filters: Object, enabled: false, status: pending, fetchStatus: idle, count: null} @ http://localhost:8788/app/hooks/tasks/use-tasks.ts:28
[  651678ms] [INFO] [cadence:inbox-query] state changed {enabled: false, status: pending, fetchStatus: idle, count: null, error: null} @ http://localhost:8788/app/hooks/inbox/use-inbox.ts:21
[  651679ms] [INFO] [cadence:tasks-query] state changed {filters: Object, enabled: false, status: pending, fetchStatus: idle, count: null} @ http://localhost:8788/app/hooks/tasks/use-tasks.ts:28
[  651727ms] [INFO] [cadence:tasks-query] state changed {filters: Object, enabled: false, status: pending, fetchStatus: idle, count: null} @ http://localhost:8788/app/hooks/tasks/use-tasks.ts:28
[  651728ms] [INFO] [cadence:tasks-query] state changed {filters: Object, enabled: false, status: pending, fetchStatus: idle, count: null} @ http://localhost:8788/app/hooks/tasks/use-tasks.ts:28
[  651993ms] [INFO] [cadence:tasks-query] state changed {filters: Object, enabled: false, status: pending, fetchStatus: idle, count: null} @ http://localhost:8788/app/hooks/tasks/use-tasks.ts:28
[  651994ms] [INFO] [cadence:tasks-query] state changed {filters: Object, enabled: false, status: pending, fetchStatus: idle, count: null} @ http://localhost:8788/app/hooks/tasks/use-tasks.ts:28
[  652049ms] [INFO] [cadence:tasks-query] state changed {filters: Object, enabled: false, status: success, fetchStatus: idle, count: 1} @ http://localhost:8788/app/hooks/tasks/use-tasks.ts:28
[  652051ms] [INFO] [cadence:inbox-query] state changed {enabled: false, status: success, fetchStatus: idle, count: 0, error: null} @ http://localhost:8788/app/hooks/inbox/use-inbox.ts:21
[  652051ms] [INFO] [cadence:tasks-query] state changed {filters: Object, enabled: false, status: success, fetchStatus: idle, count: 0} @ http://localhost:8788/app/hooks/tasks/use-tasks.ts:28
[  652090ms] [INFO] [cadence:tasks-query] state changed {filters: Object, enabled: false, status: success, fetchStatus: idle, count: 1} @ http://localhost:8788/app/hooks/tasks/use-tasks.ts:28
[  652139ms] [INFO] [cadence:tasks-query] state changed {filters: Object, enabled: false, status: success, fetchStatus: idle, count: 1} @ http://localhost:8788/app/hooks/tasks/use-tasks.ts:28
[  652141ms] [INFO] [cadence:inbox-query] state changed {enabled: false, status: success, fetchStatus: idle, count: 0, error: null} @ http://localhost:8788/app/hooks/inbox/use-inbox.ts:21
[  652141ms] [INFO] [cadence:tasks-query] state changed {filters: Object, enabled: false, status: success, fetchStatus: idle, count: 0} @ http://localhost:8788/app/hooks/tasks/use-tasks.ts:28
[  652203ms] [INFO] [cadence:tasks-query] state changed {filters: Object, enabled: true, status: success, fetchStatus: fetching, count: 1} @ http://localhost:8788/app/hooks/tasks/use-tasks.ts:28
[  652205ms] [INFO] [cadence:inbox-query] state changed {enabled: true, status: success, fetchStatus: fetching, count: 0, error: null} @ http://localhost:8788/app/hooks/inbox/use-inbox.ts:21
[  652206ms] [INFO] [cadence:tasks-query] state changed {filters: Object, enabled: true, status: success, fetchStatus: fetching, count: 0} @ http://localhost:8788/app/hooks/tasks/use-tasks.ts:28
[  652208ms] [INFO] [cadence:tasks-query] state changed {filters: Object, enabled: true, status: success, fetchStatus: fetching, count: 1} @ http://localhost:8788/app/hooks/tasks/use-tasks.ts:28
[  652209ms] [INFO] [cadence:inbox-query] state changed {enabled: true, status: success, fetchStatus: fetching, count: 0, error: null} @ http://localhost:8788/app/hooks/inbox/use-inbox.ts:21
[  652209ms] [INFO] [cadence:tasks-query] state changed {filters: Object, enabled: true, status: success, fetchStatus: fetching, count: 0} @ http://localhost:8788/app/hooks/tasks/use-tasks.ts:28
[  652212ms] [INFO] [cadence:tasks-query] state changed {filters: Object, enabled: true, status: success, fetchStatus: fetching, count: 1} @ http://localhost:8788/app/hooks/tasks/use-tasks.ts:28
[  652213ms] [INFO] [cadence:inbox-query] state changed {enabled: true, status: success, fetchStatus: fetching, count: 0, error: null} @ http://localhost:8788/app/hooks/inbox/use-inbox.ts:21
[  652214ms] [INFO] [cadence:tasks-query] state changed {filters: Object, enabled: true, status: success, fetchStatus: fetching, count: 0} @ http://localhost:8788/app/hooks/tasks/use-tasks.ts:28
[  652229ms] [INFO] [cadence:tasks-query] state changed {filters: Object, enabled: true, status: success, fetchStatus: fetching, count: 1} @ http://localhost:8788/app/hooks/tasks/use-tasks.ts:28
[  652231ms] [INFO] [cadence:tasks-query] state changed {filters: Object, enabled: true, status: success, fetchStatus: fetching, count: 0} @ http://localhost:8788/app/hooks/tasks/use-tasks.ts:28
[  652234ms] [INFO] [cadence:tasks-query] state changed {filters: Object, enabled: true, status: success, fetchStatus: fetching, count: 1} @ http://localhost:8788/app/hooks/tasks/use-tasks.ts:28
[  652235ms] [INFO] [cadence:tasks-query] state changed {filters: Object, enabled: true, status: success, fetchStatus: fetching, count: 0} @ http://localhost:8788/app/hooks/tasks/use-tasks.ts:28
[  652259ms] [WARNING] Geolocation permission has been blocked as the user has ignored the permission prompt several times. This can be reset in Page Info which can be accessed by clicking the tune icon next to the URL. See https://www.chromestatus.com/feature/6443143280984064 for more information. @ http://localhost:8788/:0
[  652485ms] [INFO] [cadence:tasks-query] state changed {filters: Object, enabled: false, status: success, fetchStatus: fetching, count: 1} @ http://localhost:8788/app/hooks/tasks/use-tasks.ts:28
[  652486ms] [INFO] [cadence:inbox-query] state changed {enabled: true, status: success, fetchStatus: fetching, count: 0, error: null} @ http://localhost:8788/app/hooks/inbox/use-inbox.ts:21
[  652487ms] [INFO] [cadence:tasks-query] state changed {filters: Object, enabled: false, status: success, fetchStatus: fetching, count: 1} @ http://localhost:8788/app/hooks/tasks/use-tasks.ts:28
[  652487ms] [INFO] [cadence:inbox-query] state changed {enabled: true, status: success, fetchStatus: fetching, count: 0, error: null} @ http://localhost:8788/app/hooks/inbox/use-inbox.ts:21
[  652488ms] [INFO] [cadence:tasks-query] state changed {filters: Object, enabled: false, status: success, fetchStatus: fetching, count: 1} @ http://localhost:8788/app/hooks/tasks/use-tasks.ts:28
[  652489ms] [INFO] [cadence:inbox-query] state changed {enabled: true, status: success, fetchStatus: fetching, count: 0, error: null} @ http://localhost:8788/app/hooks/inbox/use-inbox.ts:21
[  652489ms] [INFO] [cadence:tasks-query] state changed {filters: Object, enabled: false, status: success, fetchStatus: fetching, count: 1} @ http://localhost:8788/app/hooks/tasks/use-tasks.ts:28
[  652489ms] [INFO] [cadence:inbox-query] state changed {enabled: true, status: success, fetchStatus: fetching, count: 0, error: null} @ http://localhost:8788/app/hooks/inbox/use-inbox.ts:21
[  652614ms] [INFO] [cadence:tasks-query] state changed {filters: Object, enabled: true, status: success, fetchStatus: fetching, count: 1} @ http://localhost:8788/app/hooks/tasks/use-tasks.ts:28
[  653003ms] [INFO] [cadence:tasks-query] state changed {filters: Object, enabled: true, status: success, fetchStatus: fetching, count: 1} @ http://localhost:8788/app/hooks/tasks/use-tasks.ts:28
[  653004ms] [INFO] [cadence:inbox-query] state changed {enabled: true, status: success, fetchStatus: idle, count: 0, error: null} @ http://localhost:8788/app/hooks/inbox/use-inbox.ts:21
[  653005ms] [INFO] [cadence:tasks-query] state changed {filters: Object, enabled: true, status: success, fetchStatus: fetching, count: 0} @ http://localhost:8788/app/hooks/tasks/use-tasks.ts:28
[  653006ms] [INFO] [cadence:tasks-query] state changed {filters: Object, enabled: false, status: success, fetchStatus: fetching, count: 1} @ http://localhost:8788/app/hooks/tasks/use-tasks.ts:28
[  653006ms] [INFO] [cadence:inbox-query] state changed {enabled: true, status: success, fetchStatus: idle, count: 0, error: null} @ http://localhost:8788/app/hooks/inbox/use-inbox.ts:21
[  653006ms] [INFO] [cadence:tasks-query] state changed {filters: Object, enabled: false, status: success, fetchStatus: fetching, count: 1} @ http://localhost:8788/app/hooks/tasks/use-tasks.ts:28
[  653007ms] [INFO] [cadence:inbox-query] state changed {enabled: true, status: success, fetchStatus: idle, count: 0, error: null} @ http://localhost:8788/app/hooks/inbox/use-inbox.ts:21
[  653007ms] [INFO] [cadence:tasks-query] state changed {filters: Object, enabled: true, status: success, fetchStatus: fetching, count: 1} @ http://localhost:8788/app/hooks/tasks/use-tasks.ts:28
[  653008ms] [INFO] [cadence:inbox-query] state changed {enabled: true, status: success, fetchStatus: idle, count: 0, error: null} @ http://localhost:8788/app/hooks/inbox/use-inbox.ts:21
[  653008ms] [INFO] [cadence:tasks-query] state changed {filters: Object, enabled: true, status: success, fetchStatus: fetching, count: 0} @ http://localhost:8788/app/hooks/tasks/use-tasks.ts:28
[  653200ms] [INFO] [cadence:tasks-query] state changed {filters: Object, enabled: true, status: success, fetchStatus: idle, count: 1} @ http://localhost:8788/app/hooks/tasks/use-tasks.ts:28
[  653201ms] [INFO] [cadence:tasks-query] state changed {filters: Object, enabled: true, status: success, fetchStatus: fetching, count: 0} @ http://localhost:8788/app/hooks/tasks/use-tasks.ts:28
[  653202ms] [INFO] [cadence:tasks-query] state changed {filters: Object, enabled: false, status: success, fetchStatus: idle, count: 1} @ http://localhost:8788/app/hooks/tasks/use-tasks.ts:28
[  653202ms] [INFO] [cadence:tasks-query] state changed {filters: Object, enabled: false, status: success, fetchStatus: idle, count: 1} @ http://localhost:8788/app/hooks/tasks/use-tasks.ts:28
[  653203ms] [INFO] [cadence:tasks-query] state changed {filters: Object, enabled: true, status: success, fetchStatus: idle, count: 1} @ http://localhost:8788/app/hooks/tasks/use-tasks.ts:28
[  653293ms] [INFO] [cadence:tasks-query] state changed {filters: Object, enabled: true, status: success, fetchStatus: idle, count: 1} @ http://localhost:8788/app/hooks/tasks/use-tasks.ts:28
[  653743ms] [INFO] [cadence:tasks-query] state changed {filters: Object, enabled: true, status: success, fetchStatus: idle, count: 1} @ http://localhost:8788/app/hooks/tasks/use-tasks.ts:28
[  653744ms] [INFO] [cadence:tasks-query] state changed {filters: Object, enabled: true, status: success, fetchStatus: idle, count: 0} @ http://localhost:8788/app/hooks/tasks/use-tasks.ts:28
[  654805ms] [INFO] [cadence:tasks-query] state changed {filters: Object, enabled: true, status: success, fetchStatus: idle, count: 1} @ http://localhost:8788/app/hooks/tasks/use-tasks.ts:28
[  654806ms] [INFO] [cadence:tasks-query] state changed {filters: Object, enabled: true, status: success, fetchStatus: idle, count: 0} @ http://localhost:8788/app/hooks/tasks/use-tasks.ts:28
[  655822ms] [INFO] [cadence:tasks-query] state changed {filters: Object, enabled: true, status: success, fetchStatus: idle, count: 1} @ http://localhost:8788/app/hooks/tasks/use-tasks.ts:28
[  655823ms] [INFO] [cadence:tasks-query] state changed {filters: Object, enabled: true, status: success, fetchStatus: idle, count: 0} @ http://localhost:8788/app/hooks/tasks/use-tasks.ts:28
[  707199ms] [INFO] [cadence:tasks-query] state changed {filters: Object, enabled: true, status: success, fetchStatus: idle, count: 1} @ http://localhost:8788/app/hooks/tasks/use-tasks.ts:28
[  762708ms] [INFO] [cadence:tasks-query] state changed {filters: Object, enabled: true, status: success, fetchStatus: idle, count: 1} @ http://localhost:8788/app/hooks/tasks/use-tasks.ts:28
[  771242ms] [INFO] [cadence:tasks-query] state changed {filters: Object, enabled: true, status: success, fetchStatus: idle, count: 1} @ http://localhost:8788/app/hooks/tasks/use-tasks.ts:28
[  771243ms] [INFO] [cadence:tasks-query] state changed {filters: Object, enabled: true, status: success, fetchStatus: idle, count: 0} @ http://localhost:8788/app/hooks/tasks/use-tasks.ts:28
[  773348ms] [INFO] [cadence:tasks-query] state changed {filters: Object, enabled: true, status: success, fetchStatus: idle, count: 1} @ http://localhost:8788/app/hooks/tasks/use-tasks.ts:28
[  773349ms] [INFO] [cadence:tasks-query] state changed {filters: Object, enabled: true, status: success, fetchStatus: idle, count: 0} @ http://localhost:8788/app/hooks/tasks/use-tasks.ts:28
[  776288ms] [WARNING] The resource http://localhost:8788/app/app.css was preloaded using link preload but not used within a few seconds from the window's load event. Please make sure it has an appropriate `as` value and it is preloaded intentionally. @ http://localhost:8788/:0
[  777192ms] [INFO] [cadence:tasks-query] state changed {filters: Object, enabled: true, status: success, fetchStatus: idle, count: 1} @ http://localhost:8788/app/hooks/tasks/use-tasks.ts:28
[  777192ms] [INFO] [cadence:tasks-query] state changed {filters: Object, enabled: true, status: success, fetchStatus: idle, count: 0} @ http://localhost:8788/app/hooks/tasks/use-tasks.ts:28
[  780193ms] [WARNING] The resource http://localhost:8788/app/app.css was preloaded using link preload but not used within a few seconds from the window's load event. Please make sure it has an appropriate `as` value and it is preloaded intentionally. @ http://localhost:8788/:0
[  782112ms] [INFO] [cadence:tasks-query] state changed {filters: Object, enabled: true, status: success, fetchStatus: idle, count: 1} @ http://localhost:8788/app/hooks/tasks/use-tasks.ts:28
[  782113ms] [INFO] [cadence:tasks-query] state changed {filters: Object, enabled: true, status: success, fetchStatus: idle, count: 0} @ http://localhost:8788/app/hooks/tasks/use-tasks.ts:28
[  787498ms] [WARNING] The resource http://localhost:8788/app/app.css was preloaded using link preload but not used within a few seconds from the window's load event. Please make sure it has an appropriate `as` value and it is preloaded intentionally. @ http://localhost:8788/:0
[  788817ms] [INFO] [cadence:tasks-query] state changed {filters: Object, enabled: true, status: success, fetchStatus: idle, count: 1} @ http://localhost:8788/app/hooks/tasks/use-tasks.ts:28
[  788817ms] [INFO] [cadence:tasks-query] state changed {filters: Object, enabled: true, status: success, fetchStatus: idle, count: 0} @ http://localhost:8788/app/hooks/tasks/use-tasks.ts:28
[  790941ms] [INFO] [cadence:tasks-query] state changed {filters: Object, enabled: true, status: success, fetchStatus: idle, count: 1} @ http://localhost:8788/app/hooks/tasks/use-tasks.ts:28
[  790942ms] [INFO] [cadence:tasks-query] state changed {filters: Object, enabled: true, status: success, fetchStatus: idle, count: 0} @ http://localhost:8788/app/hooks/tasks/use-tasks.ts:28
[  793937ms] [WARNING] The resource http://localhost:8788/app/app.css was preloaded using link preload but not used within a few seconds from the window's load event. Please make sure it has an appropriate `as` value and it is preloaded intentionally. @ http://localhost:8788/:0
[  815817ms] [INFO] %cDownload the React DevTools for a better development experience: https://react.dev/link/react-devtools font-weight:bold @ http://localhost:8788/node_modules/.vite/deps/react-dom_client.js?v=32f5a6e4:15804
[  816686ms] [ERROR] Encountered a script tag while rendering React component. Scripts inside React components are never executed when rendering on the client. Consider using template tag instead (https://developer.mozilla.org/en-US/docs/Web/HTML/Element/template). @ http://localhost:8788/node_modules/.vite/deps/react-dom_client.js?v=32f5a6e4:6614
[  816807ms] [INFO] [cadence:tasks-query] state changed {filters: Object, enabled: false, status: pending, fetchStatus: idle, count: null} @ http://localhost:8788/app/hooks/tasks/use-tasks.ts:28
[  816809ms] [INFO] [cadence:inbox-query] state changed {enabled: false, status: pending, fetchStatus: idle, count: null, error: null} @ http://localhost:8788/app/hooks/inbox/use-inbox.ts:21
[  816810ms] [INFO] [cadence:tasks-query] state changed {filters: Object, enabled: false, status: pending, fetchStatus: idle, count: null} @ http://localhost:8788/app/hooks/tasks/use-tasks.ts:28
[  816813ms] [INFO] [cadence:tasks-query] state changed {filters: Object, enabled: false, status: pending, fetchStatus: idle, count: null} @ http://localhost:8788/app/hooks/tasks/use-tasks.ts:28
[  816814ms] [INFO] [cadence:inbox-query] state changed {enabled: false, status: pending, fetchStatus: idle, count: null, error: null} @ http://localhost:8788/app/hooks/inbox/use-inbox.ts:21
[  816815ms] [INFO] [cadence:tasks-query] state changed {filters: Object, enabled: false, status: pending, fetchStatus: idle, count: null} @ http://localhost:8788/app/hooks/tasks/use-tasks.ts:28
[  816857ms] [INFO] [cadence:tasks-query] state changed {filters: Object, enabled: false, status: pending, fetchStatus: idle, count: null} @ http://localhost:8788/app/hooks/tasks/use-tasks.ts:28
[  816858ms] [INFO] [cadence:tasks-query] state changed {filters: Object, enabled: false, status: pending, fetchStatus: idle, count: null} @ http://localhost:8788/app/hooks/tasks/use-tasks.ts:28
[  816932ms] [INFO] [cadence:tasks-query] state changed {filters: Object, enabled: false, status: success, fetchStatus: idle, count: 1} @ http://localhost:8788/app/hooks/tasks/use-tasks.ts:28
[  816934ms] [INFO] [cadence:inbox-query] state changed {enabled: false, status: success, fetchStatus: idle, count: 0, error: null} @ http://localhost:8788/app/hooks/inbox/use-inbox.ts:21
[  816934ms] [INFO] [cadence:tasks-query] state changed {filters: Object, enabled: false, status: success, fetchStatus: idle, count: 0} @ http://localhost:8788/app/hooks/tasks/use-tasks.ts:28
[  816979ms] [INFO] [cadence:tasks-query] state changed {filters: Object, enabled: false, status: success, fetchStatus: idle, count: 1} @ http://localhost:8788/app/hooks/tasks/use-tasks.ts:28
[  817027ms] [INFO] [cadence:tasks-query] state changed {filters: Object, enabled: false, status: success, fetchStatus: idle, count: 1} @ http://localhost:8788/app/hooks/tasks/use-tasks.ts:28
[  817028ms] [INFO] [cadence:inbox-query] state changed {enabled: false, status: success, fetchStatus: idle, count: 0, error: null} @ http://localhost:8788/app/hooks/inbox/use-inbox.ts:21
[  817029ms] [INFO] [cadence:tasks-query] state changed {filters: Object, enabled: false, status: success, fetchStatus: idle, count: 0} @ http://localhost:8788/app/hooks/tasks/use-tasks.ts:28
[  817120ms] [INFO] [cadence:tasks-query] state changed {filters: Object, enabled: true, status: success, fetchStatus: fetching, count: 1} @ http://localhost:8788/app/hooks/tasks/use-tasks.ts:28
[  817122ms] [INFO] [cadence:inbox-query] state changed {enabled: true, status: success, fetchStatus: fetching, count: 0, error: null} @ http://localhost:8788/app/hooks/inbox/use-inbox.ts:21
[  817123ms] [INFO] [cadence:tasks-query] state changed {filters: Object, enabled: true, status: success, fetchStatus: fetching, count: 0} @ http://localhost:8788/app/hooks/tasks/use-tasks.ts:28
[  817125ms] [INFO] [cadence:tasks-query] state changed {filters: Object, enabled: true, status: success, fetchStatus: fetching, count: 1} @ http://localhost:8788/app/hooks/tasks/use-tasks.ts:28
[  817126ms] [INFO] [cadence:inbox-query] state changed {enabled: true, status: success, fetchStatus: fetching, count: 0, error: null} @ http://localhost:8788/app/hooks/inbox/use-inbox.ts:21
[  817126ms] [INFO] [cadence:tasks-query] state changed {filters: Object, enabled: true, status: success, fetchStatus: fetching, count: 0} @ http://localhost:8788/app/hooks/tasks/use-tasks.ts:28
[  817129ms] [INFO] [cadence:tasks-query] state changed {filters: Object, enabled: true, status: success, fetchStatus: fetching, count: 1} @ http://localhost:8788/app/hooks/tasks/use-tasks.ts:28
[  817130ms] [INFO] [cadence:inbox-query] state changed {enabled: true, status: success, fetchStatus: fetching, count: 0, error: null} @ http://localhost:8788/app/hooks/inbox/use-inbox.ts:21
[  817130ms] [INFO] [cadence:tasks-query] state changed {filters: Object, enabled: true, status: success, fetchStatus: fetching, count: 0} @ http://localhost:8788/app/hooks/tasks/use-tasks.ts:28
[  817189ms] [INFO] [cadence:tasks-query] state changed {filters: Object, enabled: true, status: success, fetchStatus: fetching, count: 1} @ http://localhost:8788/app/hooks/tasks/use-tasks.ts:28
[  817191ms] [INFO] [cadence:tasks-query] state changed {filters: Object, enabled: true, status: success, fetchStatus: fetching, count: 0} @ http://localhost:8788/app/hooks/tasks/use-tasks.ts:28
[  817192ms] [INFO] [cadence:tasks-query] state changed {filters: Object, enabled: true, status: success, fetchStatus: fetching, count: 1} @ http://localhost:8788/app/hooks/tasks/use-tasks.ts:28
[  817192ms] [INFO] [cadence:tasks-query] state changed {filters: Object, enabled: true, status: success, fetchStatus: fetching, count: 0} @ http://localhost:8788/app/hooks/tasks/use-tasks.ts:28
[  817219ms] [WARNING] Geolocation permission has been blocked as the user has ignored the permission prompt several times. This can be reset in Page Info which can be accessed by clicking the tune icon next to the URL. See https://www.chromestatus.com/feature/6443143280984064 for more information. @ http://localhost:8788/:0
[  817402ms] [INFO] [cadence:tasks-query] state changed {filters: Object, enabled: false, status: success, fetchStatus: fetching, count: 1} @ http://localhost:8788/app/hooks/tasks/use-tasks.ts:28
[  817403ms] [INFO] [cadence:inbox-query] state changed {enabled: true, status: success, fetchStatus: fetching, count: 0, error: null} @ http://localhost:8788/app/hooks/inbox/use-inbox.ts:21
[  817404ms] [INFO] [cadence:tasks-query] state changed {filters: Object, enabled: false, status: success, fetchStatus: fetching, count: 1} @ http://localhost:8788/app/hooks/tasks/use-tasks.ts:28
[  817404ms] [INFO] [cadence:inbox-query] state changed {enabled: true, status: success, fetchStatus: fetching, count: 0, error: null} @ http://localhost:8788/app/hooks/inbox/use-inbox.ts:21
[  817405ms] [INFO] [cadence:tasks-query] state changed {filters: Object, enabled: false, status: success, fetchStatus: fetching, count: 1} @ http://localhost:8788/app/hooks/tasks/use-tasks.ts:28
[  817405ms] [INFO] [cadence:inbox-query] state changed {enabled: true, status: success, fetchStatus: fetching, count: 0, error: null} @ http://localhost:8788/app/hooks/inbox/use-inbox.ts:21
[  817406ms] [INFO] [cadence:tasks-query] state changed {filters: Object, enabled: false, status: success, fetchStatus: fetching, count: 1} @ http://localhost:8788/app/hooks/tasks/use-tasks.ts:28
[  817406ms] [INFO] [cadence:inbox-query] state changed {enabled: true, status: success, fetchStatus: fetching, count: 0, error: null} @ http://localhost:8788/app/hooks/inbox/use-inbox.ts:21
[  817598ms] [INFO] [cadence:tasks-query] state changed {filters: Object, enabled: true, status: success, fetchStatus: fetching, count: 1} @ http://localhost:8788/app/hooks/tasks/use-tasks.ts:28
[  818043ms] [INFO] [cadence:tasks-query] state changed {filters: Object, enabled: true, status: success, fetchStatus: fetching, count: 1} @ http://localhost:8788/app/hooks/tasks/use-tasks.ts:28
[  818044ms] [INFO] [cadence:inbox-query] state changed {enabled: true, status: success, fetchStatus: idle, count: 0, error: null} @ http://localhost:8788/app/hooks/inbox/use-inbox.ts:21
[  818044ms] [INFO] [cadence:tasks-query] state changed {filters: Object, enabled: true, status: success, fetchStatus: fetching, count: 0} @ http://localhost:8788/app/hooks/tasks/use-tasks.ts:28
[  818045ms] [INFO] [cadence:tasks-query] state changed {filters: Object, enabled: false, status: success, fetchStatus: fetching, count: 1} @ http://localhost:8788/app/hooks/tasks/use-tasks.ts:28
[  818046ms] [INFO] [cadence:inbox-query] state changed {enabled: true, status: success, fetchStatus: idle, count: 0, error: null} @ http://localhost:8788/app/hooks/inbox/use-inbox.ts:21
[  818047ms] [INFO] [cadence:tasks-query] state changed {filters: Object, enabled: false, status: success, fetchStatus: fetching, count: 1} @ http://localhost:8788/app/hooks/tasks/use-tasks.ts:28
[  818047ms] [INFO] [cadence:inbox-query] state changed {enabled: true, status: success, fetchStatus: idle, count: 0, error: null} @ http://localhost:8788/app/hooks/inbox/use-inbox.ts:21
[  818048ms] [INFO] [cadence:tasks-query] state changed {filters: Object, enabled: true, status: success, fetchStatus: fetching, count: 1} @ http://localhost:8788/app/hooks/tasks/use-tasks.ts:28
[  818048ms] [INFO] [cadence:inbox-query] state changed {enabled: true, status: success, fetchStatus: idle, count: 0, error: null} @ http://localhost:8788/app/hooks/inbox/use-inbox.ts:21
[  818048ms] [INFO] [cadence:tasks-query] state changed {filters: Object, enabled: true, status: success, fetchStatus: fetching, count: 0} @ http://localhost:8788/app/hooks/tasks/use-tasks.ts:28
[  818105ms] [INFO] [cadence:tasks-query] state changed {filters: Object, enabled: true, status: success, fetchStatus: idle, count: 1} @ http://localhost:8788/app/hooks/tasks/use-tasks.ts:28
[  818106ms] [INFO] [cadence:tasks-query] state changed {filters: Object, enabled: true, status: success, fetchStatus: fetching, count: 0} @ http://localhost:8788/app/hooks/tasks/use-tasks.ts:28
[  818106ms] [INFO] [cadence:tasks-query] state changed {filters: Object, enabled: false, status: success, fetchStatus: idle, count: 1} @ http://localhost:8788/app/hooks/tasks/use-tasks.ts:28
[  818107ms] [INFO] [cadence:tasks-query] state changed {filters: Object, enabled: false, status: success, fetchStatus: idle, count: 1} @ http://localhost:8788/app/hooks/tasks/use-tasks.ts:28
[  818107ms] [INFO] [cadence:tasks-query] state changed {filters: Object, enabled: true, status: success, fetchStatus: idle, count: 1} @ http://localhost:8788/app/hooks/tasks/use-tasks.ts:28
[  818283ms] [INFO] [cadence:tasks-query] state changed {filters: Object, enabled: true, status: success, fetchStatus: idle, count: 1} @ http://localhost:8788/app/hooks/tasks/use-tasks.ts:28
[  818584ms] [INFO] [cadence:tasks-query] state changed {filters: Object, enabled: true, status: success, fetchStatus: idle, count: 1} @ http://localhost:8788/app/hooks/tasks/use-tasks.ts:28
[  818585ms] [INFO] [cadence:tasks-query] state changed {filters: Object, enabled: true, status: success, fetchStatus: idle, count: 0} @ http://localhost:8788/app/hooks/tasks/use-tasks.ts:28
[  872333ms] [INFO] [cadence:tasks-query] state changed {filters: Object, enabled: true, status: success, fetchStatus: idle, count: 1} @ http://localhost:8788/app/hooks/tasks/use-tasks.ts:28
[  876080ms] [INFO] [cadence:tasks-query] state changed {filters: Object, enabled: true, status: success, fetchStatus: idle, count: 1} @ http://localhost:8788/app/hooks/tasks/use-tasks.ts:28
[  876081ms] [INFO] [cadence:tasks-query] state changed {filters: Object, enabled: true, status: success, fetchStatus: idle, count: 0} @ http://localhost:8788/app/hooks/tasks/use-tasks.ts:28
[  889912ms] [INFO] [cadence:tasks-query] state changed {filters: Object, enabled: true, status: success, fetchStatus: idle, count: 1} @ http://localhost:8788/app/hooks/tasks/use-tasks.ts:28
[  889912ms] [INFO] [cadence:tasks-query] state changed {filters: Object, enabled: true, status: success, fetchStatus: idle, count: 0} @ http://localhost:8788/app/hooks/tasks/use-tasks.ts:28
[  892869ms] [WARNING] The resource http://localhost:8788/app/app.css was preloaded using link preload but not used within a few seconds from the window's load event. Please make sure it has an appropriate `as` value and it is preloaded intentionally. @ http://localhost:8788/:0
[  901713ms] [INFO] [cadence:tasks-query] state changed {filters: Object, enabled: true, status: success, fetchStatus: idle, count: 1} @ http://localhost:8788/app/hooks/tasks/use-tasks.ts:28
[  901714ms] [INFO] [cadence:tasks-query] state changed {filters: Object, enabled: true, status: success, fetchStatus: idle, count: 0} @ http://localhost:8788/app/hooks/tasks/use-tasks.ts:28
[  904698ms] [WARNING] The resource http://localhost:8788/app/app.css was preloaded using link preload but not used within a few seconds from the window's load event. Please make sure it has an appropriate `as` value and it is preloaded intentionally. @ http://localhost:8788/:0
[  927856ms] [INFO] [cadence:tasks-query] state changed {filters: Object, enabled: true, status: success, fetchStatus: idle, count: 1} @ http://localhost:8788/app/hooks/tasks/use-tasks.ts:28
[  929051ms] [INFO] %cDownload the React DevTools for a better development experience: https://react.dev/link/react-devtools font-weight:bold @ http://localhost:8788/node_modules/.vite/deps/react-dom_client.js?v=32f5a6e4:15804
[  929975ms] [ERROR] Encountered a script tag while rendering React component. Scripts inside React components are never executed when rendering on the client. Consider using template tag instead (https://developer.mozilla.org/en-US/docs/Web/HTML/Element/template). @ http://localhost:8788/node_modules/.vite/deps/react-dom_client.js?v=32f5a6e4:6614
[  930095ms] [INFO] [cadence:tasks-query] state changed {filters: Object, enabled: false, status: pending, fetchStatus: idle, count: null} @ http://localhost:8788/app/hooks/tasks/use-tasks.ts:28
[  930099ms] [INFO] [cadence:inbox-query] state changed {enabled: false, status: pending, fetchStatus: idle, count: null, error: null} @ http://localhost:8788/app/hooks/inbox/use-inbox.ts:21
[  930100ms] [INFO] [cadence:tasks-query] state changed {filters: Object, enabled: false, status: pending, fetchStatus: idle, count: null} @ http://localhost:8788/app/hooks/tasks/use-tasks.ts:28
[  930104ms] [INFO] [cadence:tasks-query] state changed {filters: Object, enabled: false, status: pending, fetchStatus: idle, count: null} @ http://localhost:8788/app/hooks/tasks/use-tasks.ts:28
[  930105ms] [INFO] [cadence:inbox-query] state changed {enabled: false, status: pending, fetchStatus: idle, count: null, error: null} @ http://localhost:8788/app/hooks/inbox/use-inbox.ts:21
[  930106ms] [INFO] [cadence:tasks-query] state changed {filters: Object, enabled: false, status: pending, fetchStatus: idle, count: null} @ http://localhost:8788/app/hooks/tasks/use-tasks.ts:28
[  930166ms] [INFO] [cadence:tasks-query] state changed {filters: Object, enabled: false, status: pending, fetchStatus: idle, count: null} @ http://localhost:8788/app/hooks/tasks/use-tasks.ts:28
[  930167ms] [INFO] [cadence:tasks-query] state changed {filters: Object, enabled: false, status: pending, fetchStatus: idle, count: null} @ http://localhost:8788/app/hooks/tasks/use-tasks.ts:28
[  930220ms] [INFO] [cadence:tasks-query] state changed {filters: Object, enabled: false, status: success, fetchStatus: idle, count: 1} @ http://localhost:8788/app/hooks/tasks/use-tasks.ts:28
[  930221ms] [INFO] [cadence:inbox-query] state changed {enabled: false, status: success, fetchStatus: idle, count: 0, error: null} @ http://localhost:8788/app/hooks/inbox/use-inbox.ts:21
[  930222ms] [INFO] [cadence:tasks-query] state changed {filters: Object, enabled: false, status: success, fetchStatus: idle, count: 0} @ http://localhost:8788/app/hooks/tasks/use-tasks.ts:28
[  930262ms] [INFO] [cadence:tasks-query] state changed {filters: Object, enabled: false, status: success, fetchStatus: idle, count: 1} @ http://localhost:8788/app/hooks/tasks/use-tasks.ts:28
[  930362ms] [INFO] [cadence:tasks-query] state changed {filters: Object, enabled: false, status: success, fetchStatus: idle, count: 1} @ http://localhost:8788/app/hooks/tasks/use-tasks.ts:28
[  930363ms] [INFO] [cadence:inbox-query] state changed {enabled: false, status: success, fetchStatus: idle, count: 0, error: null} @ http://localhost:8788/app/hooks/inbox/use-inbox.ts:21
[  930363ms] [INFO] [cadence:tasks-query] state changed {filters: Object, enabled: false, status: success, fetchStatus: idle, count: 0} @ http://localhost:8788/app/hooks/tasks/use-tasks.ts:28
[  930454ms] [INFO] [cadence:tasks-query] state changed {filters: Object, enabled: true, status: success, fetchStatus: fetching, count: 1} @ http://localhost:8788/app/hooks/tasks/use-tasks.ts:28
[  930458ms] [INFO] [cadence:inbox-query] state changed {enabled: true, status: success, fetchStatus: fetching, count: 0, error: null} @ http://localhost:8788/app/hooks/inbox/use-inbox.ts:21
[  930459ms] [INFO] [cadence:tasks-query] state changed {filters: Object, enabled: true, status: success, fetchStatus: fetching, count: 0} @ http://localhost:8788/app/hooks/tasks/use-tasks.ts:28
[  930463ms] [INFO] [cadence:tasks-query] state changed {filters: Object, enabled: true, status: success, fetchStatus: fetching, count: 1} @ http://localhost:8788/app/hooks/tasks/use-tasks.ts:28
[  930464ms] [INFO] [cadence:inbox-query] state changed {enabled: true, status: success, fetchStatus: fetching, count: 0, error: null} @ http://localhost:8788/app/hooks/inbox/use-inbox.ts:21
[  930465ms] [INFO] [cadence:tasks-query] state changed {filters: Object, enabled: true, status: success, fetchStatus: fetching, count: 0} @ http://localhost:8788/app/hooks/tasks/use-tasks.ts:28
[  930468ms] [INFO] [cadence:tasks-query] state changed {filters: Object, enabled: true, status: success, fetchStatus: fetching, count: 1} @ http://localhost:8788/app/hooks/tasks/use-tasks.ts:28
[  930469ms] [INFO] [cadence:inbox-query] state changed {enabled: true, status: success, fetchStatus: fetching, count: 0, error: null} @ http://localhost:8788/app/hooks/inbox/use-inbox.ts:21
[  930469ms] [INFO] [cadence:tasks-query] state changed {filters: Object, enabled: true, status: success, fetchStatus: fetching, count: 0} @ http://localhost:8788/app/hooks/tasks/use-tasks.ts:28
[  930490ms] [INFO] [cadence:tasks-query] state changed {filters: Object, enabled: true, status: success, fetchStatus: fetching, count: 1} @ http://localhost:8788/app/hooks/tasks/use-tasks.ts:28
[  930492ms] [INFO] [cadence:tasks-query] state changed {filters: Object, enabled: true, status: success, fetchStatus: fetching, count: 0} @ http://localhost:8788/app/hooks/tasks/use-tasks.ts:28
[  930493ms] [INFO] [cadence:tasks-query] state changed {filters: Object, enabled: true, status: success, fetchStatus: fetching, count: 1} @ http://localhost:8788/app/hooks/tasks/use-tasks.ts:28
[  930494ms] [INFO] [cadence:tasks-query] state changed {filters: Object, enabled: true, status: success, fetchStatus: fetching, count: 0} @ http://localhost:8788/app/hooks/tasks/use-tasks.ts:28
[  930515ms] [WARNING] Geolocation permission has been blocked as the user has ignored the permission prompt several times. This can be reset in Page Info which can be accessed by clicking the tune icon next to the URL. See https://www.chromestatus.com/feature/6443143280984064 for more information. @ http://localhost:8788/:0
[  930727ms] [INFO] [cadence:tasks-query] state changed {filters: Object, enabled: false, status: success, fetchStatus: fetching, count: 1} @ http://localhost:8788/app/hooks/tasks/use-tasks.ts:28
[  930728ms] [INFO] [cadence:inbox-query] state changed {enabled: true, status: success, fetchStatus: fetching, count: 0, error: null} @ http://localhost:8788/app/hooks/inbox/use-inbox.ts:21
[  930728ms] [INFO] [cadence:tasks-query] state changed {filters: Object, enabled: false, status: success, fetchStatus: fetching, count: 1} @ http://localhost:8788/app/hooks/tasks/use-tasks.ts:28
[  930729ms] [INFO] [cadence:inbox-query] state changed {enabled: true, status: success, fetchStatus: fetching, count: 0, error: null} @ http://localhost:8788/app/hooks/inbox/use-inbox.ts:21
[  930729ms] [INFO] [cadence:tasks-query] state changed {filters: Object, enabled: false, status: success, fetchStatus: fetching, count: 1} @ http://localhost:8788/app/hooks/tasks/use-tasks.ts:28
[  930729ms] [INFO] [cadence:inbox-query] state changed {enabled: true, status: success, fetchStatus: fetching, count: 0, error: null} @ http://localhost:8788/app/hooks/inbox/use-inbox.ts:21
[  930730ms] [INFO] [cadence:tasks-query] state changed {filters: Object, enabled: false, status: success, fetchStatus: fetching, count: 1} @ http://localhost:8788/app/hooks/tasks/use-tasks.ts:28
[  930730ms] [INFO] [cadence:inbox-query] state changed {enabled: true, status: success, fetchStatus: fetching, count: 0, error: null} @ http://localhost:8788/app/hooks/inbox/use-inbox.ts:21
[  930894ms] [INFO] [cadence:tasks-query] state changed {filters: Object, enabled: true, status: success, fetchStatus: fetching, count: 1} @ http://localhost:8788/app/hooks/tasks/use-tasks.ts:28
[  931590ms] [INFO] [cadence:tasks-query] state changed {filters: Object, enabled: true, status: success, fetchStatus: fetching, count: 1} @ http://localhost:8788/app/hooks/tasks/use-tasks.ts:28
[  931752ms] [INFO] [cadence:tasks-query] state changed {filters: Object, enabled: true, status: success, fetchStatus: idle, count: 1} @ http://localhost:8788/app/hooks/tasks/use-tasks.ts:28
[  932206ms] [INFO] [cadence:tasks-query] state changed {filters: Object, enabled: true, status: success, fetchStatus: idle, count: 1} @ http://localhost:8788/app/hooks/tasks/use-tasks.ts:28
[  932206ms] [INFO] [cadence:tasks-query] state changed {filters: Object, enabled: true, status: success, fetchStatus: idle, count: 0} @ http://localhost:8788/app/hooks/tasks/use-tasks.ts:28
[  932367ms] [INFO] [cadence:tasks-query] state changed {filters: Object, enabled: true, status: success, fetchStatus: idle, count: 1} @ http://localhost:8788/app/hooks/tasks/use-tasks.ts:28
[  932369ms] [INFO] [cadence:inbox-query] state changed {enabled: true, status: success, fetchStatus: idle, count: 0, error: null} @ http://localhost:8788/app/hooks/inbox/use-inbox.ts:21
[  932369ms] [INFO] [cadence:tasks-query] state changed {filters: Object, enabled: true, status: success, fetchStatus: idle, count: 0} @ http://localhost:8788/app/hooks/tasks/use-tasks.ts:28
[  957584ms] [INFO] [cadence:tasks-query] state changed {filters: Object, enabled: true, status: success, fetchStatus: idle, count: 1} @ http://localhost:8788/app/hooks/tasks/use-tasks.ts:28
[  957587ms] [INFO] [cadence:tasks-query] state changed {filters: Object, enabled: true, status: success, fetchStatus: idle, count: 0} @ http://localhost:8788/app/hooks/tasks/use-tasks.ts:28
[  960993ms] [INFO] [cadence:tasks-query] state changed {filters: Object, enabled: true, status: success, fetchStatus: idle, count: 1} @ http://localhost:8788/app/hooks/tasks/use-tasks.ts:28
[  960994ms] [INFO] [cadence:tasks-query] state changed {filters: Object, enabled: true, status: success, fetchStatus: idle, count: 0} @ http://localhost:8788/app/hooks/tasks/use-tasks.ts:28
[  961171ms] [INFO] [cadence:tasks-query] state changed {filters: Object, enabled: true, status: success, fetchStatus: idle, count: 1} @ http://localhost:8788/app/hooks/tasks/use-tasks.ts:28
[  961173ms] [INFO] [cadence:tasks-query] state changed {filters: Object, enabled: true, status: success, fetchStatus: idle, count: 0} @ http://localhost:8788/app/hooks/tasks/use-tasks.ts:28
[  964120ms] [WARNING] The resource http://localhost:8788/app/app.css was preloaded using link preload but not used within a few seconds from the window's load event. Please make sure it has an appropriate `as` value and it is preloaded intentionally. @ http://localhost:8788/:0
[  985648ms] [INFO] [cadence:tasks-query] state changed {filters: Object, enabled: true, status: success, fetchStatus: idle, count: 1} @ http://localhost:8788/app/hooks/tasks/use-tasks.ts:28
[  986816ms] [INFO] %cDownload the React DevTools for a better development experience: https://react.dev/link/react-devtools font-weight:bold @ http://localhost:8788/node_modules/.vite/deps/react-dom_client.js?v=32f5a6e4:15804
[  987503ms] [ERROR] Encountered a script tag while rendering React component. Scripts inside React components are never executed when rendering on the client. Consider using template tag instead (https://developer.mozilla.org/en-US/docs/Web/HTML/Element/template). @ http://localhost:8788/node_modules/.vite/deps/react-dom_client.js?v=32f5a6e4:6614
[  987775ms] [INFO] [cadence:tasks-query] state changed {filters: Object, enabled: false, status: pending, fetchStatus: idle, count: null} @ http://localhost:8788/app/hooks/tasks/use-tasks.ts:28
[  987778ms] [INFO] [cadence:inbox-query] state changed {enabled: false, status: pending, fetchStatus: idle, count: null, error: null} @ http://localhost:8788/app/hooks/inbox/use-inbox.ts:21
[  987779ms] [INFO] [cadence:tasks-query] state changed {filters: Object, enabled: false, status: pending, fetchStatus: idle, count: null} @ http://localhost:8788/app/hooks/tasks/use-tasks.ts:28
[  987784ms] [INFO] [cadence:tasks-query] state changed {filters: Object, enabled: false, status: pending, fetchStatus: idle, count: null} @ http://localhost:8788/app/hooks/tasks/use-tasks.ts:28
[  987786ms] [INFO] [cadence:inbox-query] state changed {enabled: false, status: pending, fetchStatus: idle, count: null, error: null} @ http://localhost:8788/app/hooks/inbox/use-inbox.ts:21
[  987786ms] [INFO] [cadence:tasks-query] state changed {filters: Object, enabled: false, status: pending, fetchStatus: idle, count: null} @ http://localhost:8788/app/hooks/tasks/use-tasks.ts:28
[  987856ms] [INFO] [cadence:tasks-query] state changed {filters: Object, enabled: false, status: pending, fetchStatus: idle, count: null} @ http://localhost:8788/app/hooks/tasks/use-tasks.ts:28
[  987857ms] [INFO] [cadence:inbox-query] state changed {enabled: false, status: pending, fetchStatus: idle, count: null, error: null} @ http://localhost:8788/app/hooks/inbox/use-inbox.ts:21
[  987857ms] [INFO] [cadence:tasks-query] state changed {filters: Object, enabled: false, status: pending, fetchStatus: idle, count: null} @ http://localhost:8788/app/hooks/tasks/use-tasks.ts:28
[  988003ms] [INFO] [cadence:tasks-query] state changed {filters: Object, enabled: true, status: pending, fetchStatus: idle, count: null} @ http://localhost:8788/app/hooks/tasks/use-tasks.ts:28
[  988005ms] [INFO] [cadence:inbox-query] state changed {enabled: true, status: pending, fetchStatus: idle, count: null, error: null} @ http://localhost:8788/app/hooks/inbox/use-inbox.ts:21
[  988006ms] [INFO] [cadence:tasks-query] state changed {filters: Object, enabled: true, status: pending, fetchStatus: idle, count: null} @ http://localhost:8788/app/hooks/tasks/use-tasks.ts:28
[  988009ms] [INFO] [cadence:tasks-query] state changed {filters: Object, enabled: true, status: pending, fetchStatus: idle, count: null} @ http://localhost:8788/app/hooks/tasks/use-tasks.ts:28
[  988010ms] [INFO] [cadence:inbox-query] state changed {enabled: true, status: pending, fetchStatus: idle, count: null, error: null} @ http://localhost:8788/app/hooks/inbox/use-inbox.ts:21
[  988010ms] [INFO] [cadence:tasks-query] state changed {filters: Object, enabled: true, status: pending, fetchStatus: idle, count: null} @ http://localhost:8788/app/hooks/tasks/use-tasks.ts:28
[  988014ms] [INFO] [cadence:tasks-query] state changed {filters: Object, enabled: true, status: pending, fetchStatus: idle, count: null} @ http://localhost:8788/app/hooks/tasks/use-tasks.ts:28
[  988015ms] [INFO] [cadence:inbox-query] state changed {enabled: true, status: pending, fetchStatus: idle, count: null, error: null} @ http://localhost:8788/app/hooks/inbox/use-inbox.ts:21
[  988015ms] [INFO] [cadence:tasks-query] state changed {filters: Object, enabled: true, status: pending, fetchStatus: idle, count: null} @ http://localhost:8788/app/hooks/tasks/use-tasks.ts:28
[  988063ms] [WARNING] Geolocation permission has been blocked as the user has ignored the permission prompt several times. This can be reset in Page Info which can be accessed by clicking the tune icon next to the URL. See https://www.chromestatus.com/feature/6443143280984064 for more information. @ http://localhost:8788/:0
[  988176ms] [INFO] [cadence:tasks-query] state changed {filters: Object, enabled: true, status: success, fetchStatus: fetching, count: 1} @ http://localhost:8788/app/hooks/tasks/use-tasks.ts:28
[  988179ms] [INFO] [cadence:inbox-query] state changed {enabled: true, status: success, fetchStatus: fetching, count: 0, error: null} @ http://localhost:8788/app/hooks/inbox/use-inbox.ts:21
[  988180ms] [INFO] [cadence:tasks-query] state changed {filters: Object, enabled: true, status: success, fetchStatus: fetching, count: 0} @ http://localhost:8788/app/hooks/tasks/use-tasks.ts:28
[  988183ms] [INFO] [cadence:tasks-query] state changed {filters: Object, enabled: true, status: success, fetchStatus: fetching, count: 1} @ http://localhost:8788/app/hooks/tasks/use-tasks.ts:28
[  988184ms] [INFO] [cadence:inbox-query] state changed {enabled: true, status: success, fetchStatus: fetching, count: 0, error: null} @ http://localhost:8788/app/hooks/inbox/use-inbox.ts:21
[  988185ms] [INFO] [cadence:tasks-query] state changed {filters: Object, enabled: true, status: success, fetchStatus: fetching, count: 0} @ http://localhost:8788/app/hooks/tasks/use-tasks.ts:28
[  988235ms] [INFO] [cadence:tasks-query] state changed {filters: Object, enabled: true, status: success, fetchStatus: fetching, count: 1} @ http://localhost:8788/app/hooks/tasks/use-tasks.ts:28
[  988236ms] [INFO] [cadence:tasks-query] state changed {filters: Object, enabled: true, status: success, fetchStatus: fetching, count: 0} @ http://localhost:8788/app/hooks/tasks/use-tasks.ts:28
[  988237ms] [INFO] [cadence:tasks-query] state changed {filters: Object, enabled: true, status: success, fetchStatus: fetching, count: 1} @ http://localhost:8788/app/hooks/tasks/use-tasks.ts:28
[  988238ms] [INFO] [cadence:tasks-query] state changed {filters: Object, enabled: true, status: success, fetchStatus: fetching, count: 0} @ http://localhost:8788/app/hooks/tasks/use-tasks.ts:28
[  988533ms] [INFO] [cadence:tasks-query] state changed {filters: Object, enabled: true, status: success, fetchStatus: fetching, count: 1} @ http://localhost:8788/app/hooks/tasks/use-tasks.ts:28
[  988578ms] [INFO] [cadence:tasks-query] state changed {filters: Object, enabled: false, status: success, fetchStatus: fetching, count: 1} @ http://localhost:8788/app/hooks/tasks/use-tasks.ts:28
[  988579ms] [INFO] [cadence:inbox-query] state changed {enabled: true, status: success, fetchStatus: fetching, count: 0, error: null} @ http://localhost:8788/app/hooks/inbox/use-inbox.ts:21
[  988580ms] [INFO] [cadence:tasks-query] state changed {filters: Object, enabled: false, status: success, fetchStatus: fetching, count: 1} @ http://localhost:8788/app/hooks/tasks/use-tasks.ts:28
[  988581ms] [INFO] [cadence:inbox-query] state changed {enabled: true, status: success, fetchStatus: fetching, count: 0, error: null} @ http://localhost:8788/app/hooks/inbox/use-inbox.ts:21
[  988582ms] [INFO] [cadence:tasks-query] state changed {filters: Object, enabled: false, status: success, fetchStatus: fetching, count: 1} @ http://localhost:8788/app/hooks/tasks/use-tasks.ts:28
[  988582ms] [INFO] [cadence:inbox-query] state changed {enabled: true, status: success, fetchStatus: fetching, count: 0, error: null} @ http://localhost:8788/app/hooks/inbox/use-inbox.ts:21
[  988583ms] [INFO] [cadence:tasks-query] state changed {filters: Object, enabled: false, status: success, fetchStatus: fetching, count: 1} @ http://localhost:8788/app/hooks/tasks/use-tasks.ts:28
[  988583ms] [INFO] [cadence:inbox-query] state changed {enabled: true, status: success, fetchStatus: fetching, count: 0, error: null} @ http://localhost:8788/app/hooks/inbox/use-inbox.ts:21
[  989096ms] [INFO] [cadence:tasks-query] state changed {filters: Object, enabled: true, status: success, fetchStatus: fetching, count: 1} @ http://localhost:8788/app/hooks/tasks/use-tasks.ts:28
[  989097ms] [INFO] [cadence:inbox-query] state changed {enabled: true, status: success, fetchStatus: idle, count: 0, error: null} @ http://localhost:8788/app/hooks/inbox/use-inbox.ts:21
[  989098ms] [INFO] [cadence:tasks-query] state changed {filters: Object, enabled: true, status: success, fetchStatus: fetching, count: 0} @ http://localhost:8788/app/hooks/tasks/use-tasks.ts:28
[  989099ms] [INFO] [cadence:tasks-query] state changed {filters: Object, enabled: false, status: success, fetchStatus: fetching, count: 1} @ http://localhost:8788/app/hooks/tasks/use-tasks.ts:28
[  989099ms] [INFO] [cadence:inbox-query] state changed {enabled: true, status: success, fetchStatus: idle, count: 0, error: null} @ http://localhost:8788/app/hooks/inbox/use-inbox.ts:21
[  989100ms] [INFO] [cadence:tasks-query] state changed {filters: Object, enabled: false, status: success, fetchStatus: fetching, count: 1} @ http://localhost:8788/app/hooks/tasks/use-tasks.ts:28
[  989100ms] [INFO] [cadence:inbox-query] state changed {enabled: true, status: success, fetchStatus: idle, count: 0, error: null} @ http://localhost:8788/app/hooks/inbox/use-inbox.ts:21
[  989101ms] [INFO] [cadence:tasks-query] state changed {filters: Object, enabled: true, status: success, fetchStatus: fetching, count: 1} @ http://localhost:8788/app/hooks/tasks/use-tasks.ts:28
[  989101ms] [INFO] [cadence:inbox-query] state changed {enabled: true, status: success, fetchStatus: idle, count: 0, error: null} @ http://localhost:8788/app/hooks/inbox/use-inbox.ts:21
[  989101ms] [INFO] [cadence:tasks-query] state changed {filters: Object, enabled: true, status: success, fetchStatus: fetching, count: 0} @ http://localhost:8788/app/hooks/tasks/use-tasks.ts:28
[  989162ms] [INFO] [cadence:tasks-query] state changed {filters: Object, enabled: true, status: success, fetchStatus: idle, count: 1} @ http://localhost:8788/app/hooks/tasks/use-tasks.ts:28
[  989163ms] [INFO] [cadence:tasks-query] state changed {filters: Object, enabled: true, status: success, fetchStatus: fetching, count: 0} @ http://localhost:8788/app/hooks/tasks/use-tasks.ts:28
[  989164ms] [INFO] [cadence:tasks-query] state changed {filters: Object, enabled: false, status: success, fetchStatus: idle, count: 1} @ http://localhost:8788/app/hooks/tasks/use-tasks.ts:28
[  989164ms] [INFO] [cadence:tasks-query] state changed {filters: Object, enabled: false, status: success, fetchStatus: idle, count: 1} @ http://localhost:8788/app/hooks/tasks/use-tasks.ts:28
[  989164ms] [INFO] [cadence:tasks-query] state changed {filters: Object, enabled: true, status: success, fetchStatus: idle, count: 1} @ http://localhost:8788/app/hooks/tasks/use-tasks.ts:28
[  989355ms] [INFO] [cadence:tasks-query] state changed {filters: Object, enabled: true, status: success, fetchStatus: idle, count: 1} @ http://localhost:8788/app/hooks/tasks/use-tasks.ts:28
[  989450ms] [INFO] [cadence:tasks-query] state changed {filters: Object, enabled: true, status: success, fetchStatus: idle, count: 1} @ http://localhost:8788/app/hooks/tasks/use-tasks.ts:28
[  989451ms] [INFO] [cadence:tasks-query] state changed {filters: Object, enabled: true, status: success, fetchStatus: idle, count: 0} @ http://localhost:8788/app/hooks/tasks/use-tasks.ts:28
[ 1043233ms] [INFO] [cadence:tasks-query] state changed {filters: Object, enabled: true, status: success, fetchStatus: idle, count: 1} @ http://localhost:8788/app/hooks/tasks/use-tasks.ts:28
[ 1101017ms] [INFO] [cadence:tasks-query] state changed {filters: Object, enabled: true, status: success, fetchStatus: idle, count: 1} @ http://localhost:8788/app/hooks/tasks/use-tasks.ts:28
[ 1156449ms] [INFO] [cadence:tasks-query] state changed {filters: Object, enabled: true, status: success, fetchStatus: idle, count: 1} @ http://localhost:8788/app/hooks/tasks/use-tasks.ts:28
[ 1211898ms] [INFO] [cadence:tasks-query] state changed {filters: Object, enabled: true, status: success, fetchStatus: idle, count: 1} @ http://localhost:8788/app/hooks/tasks/use-tasks.ts:28
[ 1267347ms] [INFO] [cadence:tasks-query] state changed {filters: Object, enabled: true, status: success, fetchStatus: idle, count: 1} @ http://localhost:8788/app/hooks/tasks/use-tasks.ts:28
[ 1302318ms] [INFO] [cadence:tasks-query] state changed {filters: Object, enabled: true, status: success, fetchStatus: idle, count: 1} @ http://localhost:8788/app/hooks/tasks/use-tasks.ts:28
[ 1302376ms] [INFO] [cadence:tasks-query] state changed {filters: Object, enabled: true, status: success, fetchStatus: fetching, count: 1} @ http://localhost:8788/app/hooks/tasks/use-tasks.ts:28
[ 1302906ms] [INFO] [cadence:tasks-query] state changed {filters: Object, enabled: true, status: success, fetchStatus: fetching, count: 1} @ http://localhost:8788/app/hooks/tasks/use-tasks.ts:28
[ 1302907ms] [INFO] [cadence:tasks-query] state changed {filters: Object, enabled: true, status: success, fetchStatus: idle, count: 0} @ http://localhost:8788/app/hooks/tasks/use-tasks.ts:28
[ 1304323ms] [INFO] [cadence:tasks-query] state changed {filters: Object, enabled: true, status: success, fetchStatus: idle, count: 1} @ http://localhost:8788/app/hooks/tasks/use-tasks.ts:28
[ 1324093ms] [INFO] [cadence:tasks-query] state changed {filters: Object, enabled: true, status: success, fetchStatus: idle, count: 1} @ http://localhost:8788/app/hooks/tasks/use-tasks.ts:28
[ 1325665ms] [INFO] [cadence:tasks-query] state changed {filters: Object, enabled: true, status: success, fetchStatus: idle, count: 1} @ http://localhost:8788/app/hooks/tasks/use-tasks.ts:28
[ 1326075ms] [INFO] [cadence:tasks-query] state changed {filters: Object, enabled: true, status: success, fetchStatus: idle, count: 1} @ http://localhost:8788/app/hooks/tasks/use-tasks.ts:28
[ 1326076ms] [INFO] [cadence:tasks-query] state changed {filters: Object, enabled: true, status: success, fetchStatus: idle, count: 0} @ http://localhost:8788/app/hooks/tasks/use-tasks.ts:28
[ 1327746ms] [INFO] [cadence:tasks-query] state changed {filters: Object, enabled: true, status: success, fetchStatus: idle, count: 1} @ http://localhost:8788/app/hooks/tasks/use-tasks.ts:28
[ 1325873ms] [INFO] [cadence:tasks-query] state changed {filters: Object, enabled: true, status: success, fetchStatus: idle, count: 1} @ http://localhost:8788/app/hooks/tasks/use-tasks.ts:28
[ 1325873ms] [INFO] [cadence:tasks-query] state changed {filters: Object, enabled: true, status: success, fetchStatus: idle, count: 0} @ http://localhost:8788/app/hooks/tasks/use-tasks.ts:28
[ 1328774ms] [WARNING] The resource http://localhost:8788/app/app.css was preloaded using link preload but not used within a few seconds from the window's load event. Please make sure it has an appropriate `as` value and it is preloaded intentionally. @ http://localhost:8788/:0
[ 1331543ms] [INFO] [cadence:tasks-query] state changed {filters: Object, enabled: true, status: success, fetchStatus: idle, count: 1} @ http://localhost:8788/app/hooks/tasks/use-tasks.ts:28
[ 1331544ms] [INFO] [cadence:tasks-query] state changed {filters: Object, enabled: true, status: success, fetchStatus: idle, count: 0} @ http://localhost:8788/app/hooks/tasks/use-tasks.ts:28
[ 1334615ms] [WARNING] The resource http://localhost:8788/app/app.css was preloaded using link preload but not used within a few seconds from the window's load event. Please make sure it has an appropriate `as` value and it is preloaded intentionally. @ http://localhost:8788/:0
[ 1354360ms] [INFO] [cadence:tasks-query] state changed {filters: Object, enabled: true, status: success, fetchStatus: idle, count: 1} @ http://localhost:8788/app/hooks/tasks/use-tasks.ts:28
[ 1354361ms] [INFO] [cadence:tasks-query] state changed {filters: Object, enabled: true, status: success, fetchStatus: idle, count: 0} @ http://localhost:8788/app/hooks/tasks/use-tasks.ts:28
[ 1357445ms] [WARNING] The resource http://localhost:8788/app/app.css was preloaded using link preload but not used within a few seconds from the window's load event. Please make sure it has an appropriate `as` value and it is preloaded intentionally. @ http://localhost:8788/:0
[ 1379786ms] [INFO] [cadence:tasks-query] state changed {filters: Object, enabled: true, status: success, fetchStatus: idle, count: 1} @ http://localhost:8788/app/hooks/tasks/use-tasks.ts:28
[ 1384005ms] [INFO] %cDownload the React DevTools for a better development experience: https://react.dev/link/react-devtools font-weight:bold @ http://localhost:8788/node_modules/.vite/deps/react-dom_client.js?v=32f5a6e4:15804
[ 1384711ms] [ERROR] Encountered a script tag while rendering React component. Scripts inside React components are never executed when rendering on the client. Consider using template tag instead (https://developer.mozilla.org/en-US/docs/Web/HTML/Element/template). @ http://localhost:8788/node_modules/.vite/deps/react-dom_client.js?v=32f5a6e4:6614
[ 1384908ms] [INFO] [cadence:tasks-query] state changed {filters: Object, enabled: false, status: pending, fetchStatus: idle, count: null} @ http://localhost:8788/app/hooks/tasks/use-tasks.ts:28
[ 1384910ms] [INFO] [cadence:inbox-query] state changed {enabled: false, status: pending, fetchStatus: idle, count: null, error: null} @ http://localhost:8788/app/hooks/inbox/use-inbox.ts:21
[ 1384911ms] [INFO] [cadence:tasks-query] state changed {filters: Object, enabled: false, status: pending, fetchStatus: idle, count: null} @ http://localhost:8788/app/hooks/tasks/use-tasks.ts:28
[ 1384915ms] [INFO] [cadence:tasks-query] state changed {filters: Object, enabled: false, status: pending, fetchStatus: idle, count: null} @ http://localhost:8788/app/hooks/tasks/use-tasks.ts:28
[ 1384916ms] [INFO] [cadence:inbox-query] state changed {enabled: false, status: pending, fetchStatus: idle, count: null, error: null} @ http://localhost:8788/app/hooks/inbox/use-inbox.ts:21
[ 1384916ms] [INFO] [cadence:tasks-query] state changed {filters: Object, enabled: false, status: pending, fetchStatus: idle, count: null} @ http://localhost:8788/app/hooks/tasks/use-tasks.ts:28
[ 1384964ms] [INFO] [cadence:tasks-query] state changed {filters: Object, enabled: false, status: pending, fetchStatus: idle, count: null} @ http://localhost:8788/app/hooks/tasks/use-tasks.ts:28
[ 1384965ms] [INFO] [cadence:tasks-query] state changed {filters: Object, enabled: false, status: pending, fetchStatus: idle, count: null} @ http://localhost:8788/app/hooks/tasks/use-tasks.ts:28
[ 1385043ms] [INFO] [cadence:tasks-query] state changed {filters: Object, enabled: false, status: pending, fetchStatus: idle, count: null} @ http://localhost:8788/app/hooks/tasks/use-tasks.ts:28
[ 1385043ms] [INFO] [cadence:inbox-query] state changed {enabled: false, status: pending, fetchStatus: idle, count: null, error: null} @ http://localhost:8788/app/hooks/inbox/use-inbox.ts:21
[ 1385044ms] [INFO] [cadence:tasks-query] state changed {filters: Object, enabled: false, status: pending, fetchStatus: idle, count: null} @ http://localhost:8788/app/hooks/tasks/use-tasks.ts:28
[ 1385137ms] [INFO] [cadence:tasks-query] state changed {filters: Object, enabled: true, status: pending, fetchStatus: idle, count: null} @ http://localhost:8788/app/hooks/tasks/use-tasks.ts:28
[ 1385138ms] [INFO] [cadence:inbox-query] state changed {enabled: true, status: pending, fetchStatus: idle, count: null, error: null} @ http://localhost:8788/app/hooks/inbox/use-inbox.ts:21
[ 1385138ms] [INFO] [cadence:tasks-query] state changed {filters: Object, enabled: true, status: pending, fetchStatus: idle, count: null} @ http://localhost:8788/app/hooks/tasks/use-tasks.ts:28
[ 1385140ms] [INFO] [cadence:tasks-query] state changed {filters: Object, enabled: true, status: pending, fetchStatus: idle, count: null} @ http://localhost:8788/app/hooks/tasks/use-tasks.ts:28
[ 1385140ms] [INFO] [cadence:inbox-query] state changed {enabled: true, status: pending, fetchStatus: idle, count: null, error: null} @ http://localhost:8788/app/hooks/inbox/use-inbox.ts:21
[ 1385141ms] [INFO] [cadence:tasks-query] state changed {filters: Object, enabled: true, status: pending, fetchStatus: idle, count: null} @ http://localhost:8788/app/hooks/tasks/use-tasks.ts:28
[ 1385144ms] [INFO] [cadence:tasks-query] state changed {filters: Object, enabled: true, status: pending, fetchStatus: idle, count: null} @ http://localhost:8788/app/hooks/tasks/use-tasks.ts:28
[ 1385145ms] [INFO] [cadence:inbox-query] state changed {enabled: true, status: pending, fetchStatus: idle, count: null, error: null} @ http://localhost:8788/app/hooks/inbox/use-inbox.ts:21
[ 1385145ms] [INFO] [cadence:tasks-query] state changed {filters: Object, enabled: true, status: pending, fetchStatus: idle, count: null} @ http://localhost:8788/app/hooks/tasks/use-tasks.ts:28
[ 1385187ms] [WARNING] Geolocation permission has been blocked as the user has ignored the permission prompt several times. This can be reset in Page Info which can be accessed by clicking the tune icon next to the URL. See https://www.chromestatus.com/feature/6443143280984064 for more information. @ http://localhost:8788/:0
[ 1385265ms] [INFO] [cadence:tasks-query] state changed {filters: Object, enabled: true, status: pending, fetchStatus: fetching, count: null} @ http://localhost:8788/app/hooks/tasks/use-tasks.ts:28
[ 1385268ms] [INFO] [cadence:inbox-query] state changed {enabled: true, status: pending, fetchStatus: fetching, count: null, error: null} @ http://localhost:8788/app/hooks/inbox/use-inbox.ts:21
[ 1385270ms] [INFO] [cadence:tasks-query] state changed {filters: Object, enabled: true, status: pending, fetchStatus: fetching, count: null} @ http://localhost:8788/app/hooks/tasks/use-tasks.ts:28
[ 1385272ms] [INFO] [cadence:tasks-query] state changed {filters: Object, enabled: true, status: pending, fetchStatus: fetching, count: null} @ http://localhost:8788/app/hooks/tasks/use-tasks.ts:28
[ 1385274ms] [INFO] [cadence:inbox-query] state changed {enabled: true, status: pending, fetchStatus: fetching, count: null, error: null} @ http://localhost:8788/app/hooks/inbox/use-inbox.ts:21
[ 1385274ms] [INFO] [cadence:tasks-query] state changed {filters: Object, enabled: true, status: pending, fetchStatus: fetching, count: null} @ http://localhost:8788/app/hooks/tasks/use-tasks.ts:28
[ 1385334ms] [INFO] [cadence:tasks-query] state changed {filters: Object, enabled: true, status: pending, fetchStatus: fetching, count: null} @ http://localhost:8788/app/hooks/tasks/use-tasks.ts:28
[ 1385336ms] [INFO] [cadence:tasks-query] state changed {filters: Object, enabled: true, status: pending, fetchStatus: fetching, count: null} @ http://localhost:8788/app/hooks/tasks/use-tasks.ts:28
[ 1385337ms] [INFO] [cadence:tasks-query] state changed {filters: Object, enabled: true, status: pending, fetchStatus: fetching, count: null} @ http://localhost:8788/app/hooks/tasks/use-tasks.ts:28
[ 1385338ms] [INFO] [cadence:tasks-query] state changed {filters: Object, enabled: true, status: pending, fetchStatus: fetching, count: null} @ http://localhost:8788/app/hooks/tasks/use-tasks.ts:28
[ 1385410ms] [INFO] [cadence:tasks-query] state changed {filters: Object, enabled: false, status: pending, fetchStatus: fetching, count: null} @ http://localhost:8788/app/hooks/tasks/use-tasks.ts:28
[ 1385410ms] [INFO] [cadence:inbox-query] state changed {enabled: true, status: pending, fetchStatus: fetching, count: null, error: null} @ http://localhost:8788/app/hooks/inbox/use-inbox.ts:21
[ 1385411ms] [INFO] [cadence:tasks-query] state changed {filters: Object, enabled: false, status: pending, fetchStatus: fetching, count: null} @ http://localhost:8788/app/hooks/tasks/use-tasks.ts:28
[ 1385412ms] [INFO] [cadence:inbox-query] state changed {enabled: true, status: pending, fetchStatus: fetching, count: null, error: null} @ http://localhost:8788/app/hooks/inbox/use-inbox.ts:21
[ 1385413ms] [INFO] [cadence:tasks-query] state changed {filters: Object, enabled: false, status: pending, fetchStatus: fetching, count: null} @ http://localhost:8788/app/hooks/tasks/use-tasks.ts:28
[ 1385413ms] [INFO] [cadence:inbox-query] state changed {enabled: true, status: pending, fetchStatus: fetching, count: null, error: null} @ http://localhost:8788/app/hooks/inbox/use-inbox.ts:21
[ 1385414ms] [INFO] [cadence:tasks-query] state changed {filters: Object, enabled: false, status: pending, fetchStatus: fetching, count: null} @ http://localhost:8788/app/hooks/tasks/use-tasks.ts:28
[ 1385414ms] [INFO] [cadence:inbox-query] state changed {enabled: true, status: pending, fetchStatus: fetching, count: null, error: null} @ http://localhost:8788/app/hooks/inbox/use-inbox.ts:21
[ 1385789ms] [INFO] [cadence:tasks-query] state changed {filters: Object, enabled: true, status: pending, fetchStatus: fetching, count: null} @ http://localhost:8788/app/hooks/tasks/use-tasks.ts:28
[ 1386292ms] [INFO] [cadence:tasks-query] state changed {filters: Object, enabled: true, status: pending, fetchStatus: fetching, count: null} @ http://localhost:8788/app/hooks/tasks/use-tasks.ts:28
[ 1386294ms] [INFO] [cadence:tasks-query] state changed {filters: Object, enabled: true, status: pending, fetchStatus: fetching, count: null} @ http://localhost:8788/app/hooks/tasks/use-tasks.ts:28
[ 1386295ms] [INFO] [cadence:tasks-query] state changed {filters: Object, enabled: false, status: pending, fetchStatus: fetching, count: null} @ http://localhost:8788/app/hooks/tasks/use-tasks.ts:28
[ 1386296ms] [INFO] [cadence:tasks-query] state changed {filters: Object, enabled: false, status: pending, fetchStatus: fetching, count: null} @ http://localhost:8788/app/hooks/tasks/use-tasks.ts:28
[ 1386297ms] [INFO] [cadence:tasks-query] state changed {filters: Object, enabled: true, status: pending, fetchStatus: fetching, count: null} @ http://localhost:8788/app/hooks/tasks/use-tasks.ts:28
[ 1386373ms] [INFO] [cadence:tasks-query] state changed {filters: Object, enabled: true, status: success, fetchStatus: idle, count: 1} @ http://localhost:8788/app/hooks/tasks/use-tasks.ts:28
[ 1386375ms] [INFO] [cadence:tasks-query] state changed {filters: Object, enabled: true, status: pending, fetchStatus: fetching, count: null} @ http://localhost:8788/app/hooks/tasks/use-tasks.ts:28
[ 1386376ms] [INFO] [cadence:tasks-query] state changed {filters: Object, enabled: false, status: success, fetchStatus: idle, count: 1} @ http://localhost:8788/app/hooks/tasks/use-tasks.ts:28
[ 1386377ms] [INFO] [cadence:tasks-query] state changed {filters: Object, enabled: false, status: success, fetchStatus: idle, count: 1} @ http://localhost:8788/app/hooks/tasks/use-tasks.ts:28
[ 1386378ms] [INFO] [cadence:tasks-query] state changed {filters: Object, enabled: true, status: success, fetchStatus: idle, count: 1} @ http://localhost:8788/app/hooks/tasks/use-tasks.ts:28
[ 1386433ms] [INFO] [cadence:tasks-query] state changed {filters: Object, enabled: true, status: success, fetchStatus: idle, count: 1} @ http://localhost:8788/app/hooks/tasks/use-tasks.ts:28
[ 1386434ms] [INFO] [cadence:tasks-query] state changed {filters: Object, enabled: true, status: pending, fetchStatus: fetching, count: null} @ http://localhost:8788/app/hooks/tasks/use-tasks.ts:28
[ 1386697ms] [INFO] [cadence:tasks-query] state changed {filters: Object, enabled: false, status: success, fetchStatus: idle, count: 1} @ http://localhost:8788/app/hooks/tasks/use-tasks.ts:28
[ 1386698ms] [INFO] [cadence:tasks-query] state changed {filters: Object, enabled: false, status: success, fetchStatus: idle, count: 1} @ http://localhost:8788/app/hooks/tasks/use-tasks.ts:28
[ 1386820ms] [INFO] [cadence:tasks-query] state changed {filters: Object, enabled: true, status: pending, fetchStatus: fetching, count: null} @ http://localhost:8788/app/hooks/tasks/use-tasks.ts:28
[ 1386910ms] [INFO] [cadence:tasks-query] state changed {filters: Object, enabled: true, status: success, fetchStatus: idle, count: 1} @ http://localhost:8788/app/hooks/tasks/use-tasks.ts:28
[ 1386912ms] [INFO] [cadence:tasks-query] state changed {filters: Object, enabled: true, status: success, fetchStatus: idle, count: 0} @ http://localhost:8788/app/hooks/tasks/use-tasks.ts:28
[ 1386913ms] [INFO] [cadence:tasks-query] state changed {filters: Object, enabled: false, status: success, fetchStatus: idle, count: 1} @ http://localhost:8788/app/hooks/tasks/use-tasks.ts:28
[ 1386914ms] [INFO] [cadence:tasks-query] state changed {filters: Object, enabled: false, status: success, fetchStatus: idle, count: 1} @ http://localhost:8788/app/hooks/tasks/use-tasks.ts:28
[ 1386914ms] [INFO] [cadence:tasks-query] state changed {filters: Object, enabled: true, status: success, fetchStatus: idle, count: 1} @ http://localhost:8788/app/hooks/tasks/use-tasks.ts:28
[ 1386915ms] [INFO] [cadence:tasks-query] state changed {filters: Object, enabled: true, status: success, fetchStatus: idle, count: 0} @ http://localhost:8788/app/hooks/tasks/use-tasks.ts:28
[ 1387002ms] [INFO] [cadence:tasks-query] state changed {filters: Object, enabled: true, status: success, fetchStatus: idle, count: 1} @ http://localhost:8788/app/hooks/tasks/use-tasks.ts:28
[ 1387003ms] [INFO] [cadence:inbox-query] state changed {enabled: true, status: success, fetchStatus: idle, count: 0, error: null} @ http://localhost:8788/app/hooks/inbox/use-inbox.ts:21
[ 1387004ms] [INFO] [cadence:tasks-query] state changed {filters: Object, enabled: true, status: success, fetchStatus: idle, count: 0} @ http://localhost:8788/app/hooks/tasks/use-tasks.ts:28
[ 1387005ms] [INFO] [cadence:tasks-query] state changed {filters: Object, enabled: false, status: success, fetchStatus: idle, count: 1} @ http://localhost:8788/app/hooks/tasks/use-tasks.ts:28
[ 1387005ms] [INFO] [cadence:inbox-query] state changed {enabled: true, status: success, fetchStatus: idle, count: 0, error: null} @ http://localhost:8788/app/hooks/inbox/use-inbox.ts:21
[ 1387005ms] [INFO] [cadence:tasks-query] state changed {filters: Object, enabled: false, status: success, fetchStatus: idle, count: 1} @ http://localhost:8788/app/hooks/tasks/use-tasks.ts:28
[ 1387006ms] [INFO] [cadence:inbox-query] state changed {enabled: true, status: success, fetchStatus: idle, count: 0, error: null} @ http://localhost:8788/app/hooks/inbox/use-inbox.ts:21
[ 1387007ms] [INFO] [cadence:tasks-query] state changed {filters: Object, enabled: true, status: success, fetchStatus: idle, count: 1} @ http://localhost:8788/app/hooks/tasks/use-tasks.ts:28
[ 1387007ms] [INFO] [cadence:inbox-query] state changed {enabled: true, status: success, fetchStatus: idle, count: 0, error: null} @ http://localhost:8788/app/hooks/inbox/use-inbox.ts:21
[ 1387008ms] [INFO] [cadence:tasks-query] state changed {filters: Object, enabled: true, status: success, fetchStatus: idle, count: 0} @ http://localhost:8788/app/hooks/tasks/use-tasks.ts:28
[ 1387225ms] [INFO] [cadence:tasks-query] state changed {filters: Object, enabled: true, status: success, fetchStatus: idle, count: 1} @ http://localhost:8788/app/hooks/tasks/use-tasks.ts:28
[ 1387227ms] [INFO] [cadence:tasks-query] state changed {filters: Object, enabled: true, status: success, fetchStatus: idle, count: 0} @ http://localhost:8788/app/hooks/tasks/use-tasks.ts:28
[ 1387228ms] [INFO] [cadence:tasks-query] state changed {filters: Object, enabled: false, status: success, fetchStatus: idle, count: 1} @ http://localhost:8788/app/hooks/tasks/use-tasks.ts:28
[ 1387229ms] [INFO] [cadence:tasks-query] state changed {filters: Object, enabled: false, status: success, fetchStatus: idle, count: 1} @ http://localhost:8788/app/hooks/tasks/use-tasks.ts:28
[ 1387230ms] [INFO] [cadence:tasks-query] state changed {filters: Object, enabled: true, status: success, fetchStatus: idle, count: 1} @ http://localhost:8788/app/hooks/tasks/use-tasks.ts:28
[ 1387233ms] [INFO] [cadence:tasks-query] state changed {filters: Object, enabled: false, status: success, fetchStatus: idle, count: 1} @ http://localhost:8788/app/hooks/tasks/use-tasks.ts:28
[ 1387233ms] [INFO] [cadence:tasks-query] state changed {filters: Object, enabled: false, status: success, fetchStatus: idle, count: 1} @ http://localhost:8788/app/hooks/tasks/use-tasks.ts:28
[ 1387437ms] [INFO] [cadence:tasks-query] state changed {filters: Object, enabled: false, status: success, fetchStatus: idle, count: 1} @ http://localhost:8788/app/hooks/tasks/use-tasks.ts:28
[ 1387438ms] [INFO] [cadence:tasks-query] state changed {filters: Object, enabled: false, status: success, fetchStatus: idle, count: 1} @ http://localhost:8788/app/hooks/tasks/use-tasks.ts:28
[ 1385835ms] [INFO] [cadence:tasks-query] state changed {filters: Object, enabled: true, status: success, fetchStatus: idle, count: 1} @ http://localhost:8788/app/hooks/tasks/use-tasks.ts:28
[ 1387449ms] [INFO] [cadence:tasks-query] state changed {filters: Object, enabled: true, status: success, fetchStatus: idle, count: 1} @ http://localhost:8788/app/hooks/tasks/use-tasks.ts:28
[ 1387450ms] [INFO] [cadence:inbox-query] state changed {enabled: true, status: success, fetchStatus: idle, count: 0, error: null} @ http://localhost:8788/app/hooks/inbox/use-inbox.ts:21
[ 1387451ms] [INFO] [cadence:tasks-query] state changed {filters: Object, enabled: true, status: success, fetchStatus: idle, count: 0} @ http://localhost:8788/app/hooks/tasks/use-tasks.ts:28
[ 1387452ms] [INFO] [cadence:tasks-query] state changed {filters: Object, enabled: false, status: success, fetchStatus: idle, count: 1} @ http://localhost:8788/app/hooks/tasks/use-tasks.ts:28
[ 1387453ms] [INFO] [cadence:inbox-query] state changed {enabled: true, status: success, fetchStatus: idle, count: 0, error: null} @ http://localhost:8788/app/hooks/inbox/use-inbox.ts:21
[ 1387453ms] [INFO] [cadence:tasks-query] state changed {filters: Object, enabled: false, status: success, fetchStatus: idle, count: 1} @ http://localhost:8788/app/hooks/tasks/use-tasks.ts:28
[ 1387454ms] [INFO] [cadence:inbox-query] state changed {enabled: true, status: success, fetchStatus: idle, count: 0, error: null} @ http://localhost:8788/app/hooks/inbox/use-inbox.ts:21
[ 1387456ms] [INFO] [cadence:tasks-query] state changed {filters: Object, enabled: true, status: success, fetchStatus: idle, count: 1} @ http://localhost:8788/app/hooks/tasks/use-tasks.ts:28
[ 1387461ms] [INFO] [cadence:tasks-query] state changed {filters: Object, enabled: true, status: success, fetchStatus: idle, count: 1} @ http://localhost:8788/app/hooks/tasks/use-tasks.ts:28
[ 1387461ms] [INFO] [cadence:inbox-query] state changed {enabled: true, status: success, fetchStatus: idle, count: 0, error: null} @ http://localhost:8788/app/hooks/inbox/use-inbox.ts:21
[ 1387462ms] [INFO] [cadence:tasks-query] state changed {filters: Object, enabled: true, status: success, fetchStatus: idle, count: 0} @ http://localhost:8788/app/hooks/tasks/use-tasks.ts:28
[ 1387463ms] [INFO] [cadence:tasks-query] state changed {filters: Object, enabled: false, status: success, fetchStatus: idle, count: 1} @ http://localhost:8788/app/hooks/tasks/use-tasks.ts:28
[ 1387464ms] [INFO] [cadence:inbox-query] state changed {enabled: true, status: success, fetchStatus: idle, count: 0, error: null} @ http://localhost:8788/app/hooks/inbox/use-inbox.ts:21
[ 1387464ms] [INFO] [cadence:tasks-query] state changed {filters: Object, enabled: false, status: success, fetchStatus: idle, count: 1} @ http://localhost:8788/app/hooks/tasks/use-tasks.ts:28
[ 1387464ms] [INFO] [cadence:inbox-query] state changed {enabled: true, status: success, fetchStatus: idle, count: 0, error: null} @ http://localhost:8788/app/hooks/inbox/use-inbox.ts:21
[ 1440524ms] [INFO] [cadence:tasks-query] state changed {filters: Object, enabled: true, status: success, fetchStatus: idle, count: 1} @ http://localhost:8788/app/hooks/tasks/use-tasks.ts:28
[ 1440526ms] [INFO] [cadence:tasks-query] state changed {filters: Object, enabled: true, status: success, fetchStatus: idle, count: 0} @ http://localhost:8788/app/hooks/tasks/use-tasks.ts:28
[ 1440527ms] [INFO] [cadence:tasks-query] state changed {filters: Object, enabled: false, status: success, fetchStatus: idle, count: 1} @ http://localhost:8788/app/hooks/tasks/use-tasks.ts:28
[ 1440527ms] [INFO] [cadence:tasks-query] state changed {filters: Object, enabled: false, status: success, fetchStatus: idle, count: 1} @ http://localhost:8788/app/hooks/tasks/use-tasks.ts:28
[ 1440528ms] [INFO] [cadence:tasks-query] state changed {filters: Object, enabled: true, status: success, fetchStatus: idle, count: 1} @ http://localhost:8788/app/hooks/tasks/use-tasks.ts:28
[ 1445280ms] [INFO] [cadence:tasks-query] state changed {filters: Object, enabled: true, status: success, fetchStatus: idle, count: 1} @ http://localhost:8788/app/hooks/tasks/use-tasks.ts:28
[ 1445282ms] [INFO] [cadence:tasks-query] state changed {filters: Object, enabled: true, status: success, fetchStatus: idle, count: 0} @ http://localhost:8788/app/hooks/tasks/use-tasks.ts:28
[ 1445283ms] [INFO] [cadence:tasks-query] state changed {filters: Object, enabled: false, status: success, fetchStatus: idle, count: 1} @ http://localhost:8788/app/hooks/tasks/use-tasks.ts:28
[ 1445284ms] [INFO] [cadence:tasks-query] state changed {filters: Object, enabled: false, status: success, fetchStatus: idle, count: 1} @ http://localhost:8788/app/hooks/tasks/use-tasks.ts:28
[ 1445285ms] [INFO] [cadence:tasks-query] state changed {filters: Object, enabled: true, status: success, fetchStatus: idle, count: 1} @ http://localhost:8788/app/hooks/tasks/use-tasks.ts:28
[ 1495388ms] [INFO] [cadence:tasks-query] state changed {filters: Object, enabled: true, status: success, fetchStatus: idle, count: 1} @ http://localhost:8788/app/hooks/tasks/use-tasks.ts:28
[ 1495389ms] [INFO] [cadence:tasks-query] state changed {filters: Object, enabled: true, status: success, fetchStatus: idle, count: 0} @ http://localhost:8788/app/hooks/tasks/use-tasks.ts:28
[ 1495390ms] [INFO] [cadence:tasks-query] state changed {filters: Object, enabled: false, status: success, fetchStatus: idle, count: 1} @ http://localhost:8788/app/hooks/tasks/use-tasks.ts:28
[ 1495390ms] [INFO] [cadence:tasks-query] state changed {filters: Object, enabled: false, status: success, fetchStatus: idle, count: 1} @ http://localhost:8788/app/hooks/tasks/use-tasks.ts:28
[ 1495390ms] [INFO] [cadence:tasks-query] state changed {filters: Object, enabled: true, status: success, fetchStatus: idle, count: 1} @ http://localhost:8788/app/hooks/tasks/use-tasks.ts:28
[ 1500181ms] [INFO] [cadence:tasks-query] state changed {filters: Object, enabled: true, status: success, fetchStatus: idle, count: 1} @ http://localhost:8788/app/hooks/tasks/use-tasks.ts:28
[ 1500182ms] [INFO] [cadence:tasks-query] state changed {filters: Object, enabled: true, status: success, fetchStatus: idle, count: 0} @ http://localhost:8788/app/hooks/tasks/use-tasks.ts:28
[ 1500183ms] [INFO] [cadence:tasks-query] state changed {filters: Object, enabled: false, status: success, fetchStatus: idle, count: 1} @ http://localhost:8788/app/hooks/tasks/use-tasks.ts:28
[ 1500184ms] [INFO] [cadence:tasks-query] state changed {filters: Object, enabled: false, status: success, fetchStatus: idle, count: 1} @ http://localhost:8788/app/hooks/tasks/use-tasks.ts:28
[ 1500185ms] [INFO] [cadence:tasks-query] state changed {filters: Object, enabled: true, status: success, fetchStatus: idle, count: 1} @ http://localhost:8788/app/hooks/tasks/use-tasks.ts:28
[ 1550798ms] [INFO] [cadence:tasks-query] state changed {filters: Object, enabled: true, status: success, fetchStatus: idle, count: 1} @ http://localhost:8788/app/hooks/tasks/use-tasks.ts:28
[ 1550799ms] [INFO] [cadence:tasks-query] state changed {filters: Object, enabled: true, status: success, fetchStatus: idle, count: 0} @ http://localhost:8788/app/hooks/tasks/use-tasks.ts:28
[ 1550800ms] [INFO] [cadence:tasks-query] state changed {filters: Object, enabled: false, status: success, fetchStatus: idle, count: 1} @ http://localhost:8788/app/hooks/tasks/use-tasks.ts:28
[ 1550800ms] [INFO] [cadence:tasks-query] state changed {filters: Object, enabled: false, status: success, fetchStatus: idle, count: 1} @ http://localhost:8788/app/hooks/tasks/use-tasks.ts:28
[ 1550801ms] [INFO] [cadence:tasks-query] state changed {filters: Object, enabled: true, status: success, fetchStatus: idle, count: 1} @ http://localhost:8788/app/hooks/tasks/use-tasks.ts:28
[ 1555565ms] [INFO] [cadence:tasks-query] state changed {filters: Object, enabled: true, status: success, fetchStatus: idle, count: 1} @ http://localhost:8788/app/hooks/tasks/use-tasks.ts:28
[ 1555567ms] [INFO] [cadence:tasks-query] state changed {filters: Object, enabled: true, status: success, fetchStatus: idle, count: 0} @ http://localhost:8788/app/hooks/tasks/use-tasks.ts:28
[ 1555568ms] [INFO] [cadence:tasks-query] state changed {filters: Object, enabled: false, status: success, fetchStatus: idle, count: 1} @ http://localhost:8788/app/hooks/tasks/use-tasks.ts:28
[ 1555568ms] [INFO] [cadence:tasks-query] state changed {filters: Object, enabled: false, status: success, fetchStatus: idle, count: 1} @ http://localhost:8788/app/hooks/tasks/use-tasks.ts:28
[ 1555569ms] [INFO] [cadence:tasks-query] state changed {filters: Object, enabled: true, status: success, fetchStatus: idle, count: 1} @ http://localhost:8788/app/hooks/tasks/use-tasks.ts:28
[ 1608495ms] [INFO] [cadence:tasks-query] state changed {filters: Object, enabled: true, status: success, fetchStatus: idle, count: 1} @ http://localhost:8788/app/hooks/tasks/use-tasks.ts:28
[ 1608496ms] [INFO] [cadence:tasks-query] state changed {filters: Object, enabled: true, status: success, fetchStatus: idle, count: 0} @ http://localhost:8788/app/hooks/tasks/use-tasks.ts:28
[ 1608497ms] [INFO] [cadence:tasks-query] state changed {filters: Object, enabled: false, status: success, fetchStatus: idle, count: 1} @ http://localhost:8788/app/hooks/tasks/use-tasks.ts:28
[ 1608498ms] [INFO] [cadence:tasks-query] state changed {filters: Object, enabled: false, status: success, fetchStatus: idle, count: 1} @ http://localhost:8788/app/hooks/tasks/use-tasks.ts:28
[ 1608498ms] [INFO] [cadence:tasks-query] state changed {filters: Object, enabled: true, status: success, fetchStatus: idle, count: 1} @ http://localhost:8788/app/hooks/tasks/use-tasks.ts:28
[ 1611202ms] [INFO] [cadence:tasks-query] state changed {filters: Object, enabled: true, status: success, fetchStatus: idle, count: 1} @ http://localhost:8788/app/hooks/tasks/use-tasks.ts:28
[ 1611203ms] [INFO] [cadence:tasks-query] state changed {filters: Object, enabled: true, status: success, fetchStatus: idle, count: 0} @ http://localhost:8788/app/hooks/tasks/use-tasks.ts:28
[ 1611203ms] [INFO] [cadence:tasks-query] state changed {filters: Object, enabled: false, status: success, fetchStatus: idle, count: 1} @ http://localhost:8788/app/hooks/tasks/use-tasks.ts:28
[ 1611205ms] [INFO] [cadence:tasks-query] state changed {filters: Object, enabled: false, status: success, fetchStatus: idle, count: 1} @ http://localhost:8788/app/hooks/tasks/use-tasks.ts:28
[ 1611206ms] [INFO] [cadence:tasks-query] state changed {filters: Object, enabled: true, status: success, fetchStatus: idle, count: 1} @ http://localhost:8788/app/hooks/tasks/use-tasks.ts:28
[ 1664174ms] [INFO] [cadence:tasks-query] state changed {filters: Object, enabled: true, status: success, fetchStatus: idle, count: 1} @ http://localhost:8788/app/hooks/tasks/use-tasks.ts:28
[ 1664176ms] [INFO] [cadence:tasks-query] state changed {filters: Object, enabled: true, status: success, fetchStatus: idle, count: 0} @ http://localhost:8788/app/hooks/tasks/use-tasks.ts:28
[ 1664177ms] [INFO] [cadence:tasks-query] state changed {filters: Object, enabled: false, status: success, fetchStatus: idle, count: 1} @ http://localhost:8788/app/hooks/tasks/use-tasks.ts:28
[ 1664177ms] [INFO] [cadence:tasks-query] state changed {filters: Object, enabled: false, status: success, fetchStatus: idle, count: 1} @ http://localhost:8788/app/hooks/tasks/use-tasks.ts:28
[ 1664178ms] [INFO] [cadence:tasks-query] state changed {filters: Object, enabled: true, status: success, fetchStatus: idle, count: 1} @ http://localhost:8788/app/hooks/tasks/use-tasks.ts:28
[ 1668962ms] [INFO] [cadence:tasks-query] state changed {filters: Object, enabled: true, status: success, fetchStatus: idle, count: 1} @ http://localhost:8788/app/hooks/tasks/use-tasks.ts:28
[ 1668963ms] [INFO] [cadence:tasks-query] state changed {filters: Object, enabled: true, status: success, fetchStatus: idle, count: 0} @ http://localhost:8788/app/hooks/tasks/use-tasks.ts:28
[ 1668964ms] [INFO] [cadence:tasks-query] state changed {filters: Object, enabled: false, status: success, fetchStatus: idle, count: 1} @ http://localhost:8788/app/hooks/tasks/use-tasks.ts:28
[ 1668964ms] [INFO] [cadence:tasks-query] state changed {filters: Object, enabled: false, status: success, fetchStatus: idle, count: 1} @ http://localhost:8788/app/hooks/tasks/use-tasks.ts:28
[ 1668965ms] [INFO] [cadence:tasks-query] state changed {filters: Object, enabled: true, status: success, fetchStatus: idle, count: 1} @ http://localhost:8788/app/hooks/tasks/use-tasks.ts:28
[ 1719714ms] [INFO] [cadence:tasks-query] state changed {filters: Object, enabled: true, status: success, fetchStatus: idle, count: 1} @ http://localhost:8788/app/hooks/tasks/use-tasks.ts:28
[ 1719716ms] [INFO] [cadence:tasks-query] state changed {filters: Object, enabled: true, status: success, fetchStatus: idle, count: 0} @ http://localhost:8788/app/hooks/tasks/use-tasks.ts:28
[ 1719716ms] [INFO] [cadence:tasks-query] state changed {filters: Object, enabled: false, status: success, fetchStatus: idle, count: 1} @ http://localhost:8788/app/hooks/tasks/use-tasks.ts:28
[ 1719717ms] [INFO] [cadence:tasks-query] state changed {filters: Object, enabled: false, status: success, fetchStatus: idle, count: 1} @ http://localhost:8788/app/hooks/tasks/use-tasks.ts:28
[ 1719718ms] [INFO] [cadence:tasks-query] state changed {filters: Object, enabled: true, status: success, fetchStatus: idle, count: 1} @ http://localhost:8788/app/hooks/tasks/use-tasks.ts:28
[ 1724487ms] [INFO] [cadence:tasks-query] state changed {filters: Object, enabled: true, status: success, fetchStatus: idle, count: 1} @ http://localhost:8788/app/hooks/tasks/use-tasks.ts:28
[ 1724488ms] [INFO] [cadence:tasks-query] state changed {filters: Object, enabled: true, status: success, fetchStatus: idle, count: 0} @ http://localhost:8788/app/hooks/tasks/use-tasks.ts:28
[ 1724489ms] [INFO] [cadence:tasks-query] state changed {filters: Object, enabled: false, status: success, fetchStatus: idle, count: 1} @ http://localhost:8788/app/hooks/tasks/use-tasks.ts:28
[ 1724489ms] [INFO] [cadence:tasks-query] state changed {filters: Object, enabled: false, status: success, fetchStatus: idle, count: 1} @ http://localhost:8788/app/hooks/tasks/use-tasks.ts:28
[ 1724490ms] [INFO] [cadence:tasks-query] state changed {filters: Object, enabled: true, status: success, fetchStatus: idle, count: 1} @ http://localhost:8788/app/hooks/tasks/use-tasks.ts:28
[ 1775249ms] [INFO] [cadence:tasks-query] state changed {filters: Object, enabled: true, status: success, fetchStatus: idle, count: 1} @ http://localhost:8788/app/hooks/tasks/use-tasks.ts:28
[ 1775250ms] [INFO] [cadence:tasks-query] state changed {filters: Object, enabled: true, status: success, fetchStatus: idle, count: 0} @ http://localhost:8788/app/hooks/tasks/use-tasks.ts:28
[ 1775251ms] [INFO] [cadence:tasks-query] state changed {filters: Object, enabled: false, status: success, fetchStatus: idle, count: 1} @ http://localhost:8788/app/hooks/tasks/use-tasks.ts:28
[ 1775252ms] [INFO] [cadence:tasks-query] state changed {filters: Object, enabled: false, status: success, fetchStatus: idle, count: 1} @ http://localhost:8788/app/hooks/tasks/use-tasks.ts:28
[ 1775252ms] [INFO] [cadence:tasks-query] state changed {filters: Object, enabled: true, status: success, fetchStatus: idle, count: 1} @ http://localhost:8788/app/hooks/tasks/use-tasks.ts:28
[ 1780023ms] [INFO] [cadence:tasks-query] state changed {filters: Object, enabled: true, status: success, fetchStatus: idle, count: 1} @ http://localhost:8788/app/hooks/tasks/use-tasks.ts:28
[ 1780024ms] [INFO] [cadence:tasks-query] state changed {filters: Object, enabled: true, status: success, fetchStatus: idle, count: 0} @ http://localhost:8788/app/hooks/tasks/use-tasks.ts:28
[ 1780025ms] [INFO] [cadence:tasks-query] state changed {filters: Object, enabled: false, status: success, fetchStatus: idle, count: 1} @ http://localhost:8788/app/hooks/tasks/use-tasks.ts:28
[ 1780025ms] [INFO] [cadence:tasks-query] state changed {filters: Object, enabled: false, status: success, fetchStatus: idle, count: 1} @ http://localhost:8788/app/hooks/tasks/use-tasks.ts:28
[ 1780026ms] [INFO] [cadence:tasks-query] state changed {filters: Object, enabled: true, status: success, fetchStatus: idle, count: 1} @ http://localhost:8788/app/hooks/tasks/use-tasks.ts:28
[ 1830753ms] [INFO] [cadence:tasks-query] state changed {filters: Object, enabled: true, status: success, fetchStatus: idle, count: 1} @ http://localhost:8788/app/hooks/tasks/use-tasks.ts:28
[ 1830754ms] [INFO] [cadence:tasks-query] state changed {filters: Object, enabled: true, status: success, fetchStatus: idle, count: 0} @ http://localhost:8788/app/hooks/tasks/use-tasks.ts:28
[ 1830755ms] [INFO] [cadence:tasks-query] state changed {filters: Object, enabled: false, status: success, fetchStatus: idle, count: 1} @ http://localhost:8788/app/hooks/tasks/use-tasks.ts:28
[ 1830755ms] [INFO] [cadence:tasks-query] state changed {filters: Object, enabled: false, status: success, fetchStatus: idle, count: 1} @ http://localhost:8788/app/hooks/tasks/use-tasks.ts:28
[ 1830756ms] [INFO] [cadence:tasks-query] state changed {filters: Object, enabled: true, status: success, fetchStatus: idle, count: 1} @ http://localhost:8788/app/hooks/tasks/use-tasks.ts:28
[ 1835524ms] [INFO] [cadence:tasks-query] state changed {filters: Object, enabled: true, status: success, fetchStatus: idle, count: 1} @ http://localhost:8788/app/hooks/tasks/use-tasks.ts:28
[ 1835525ms] [INFO] [cadence:tasks-query] state changed {filters: Object, enabled: true, status: success, fetchStatus: idle, count: 0} @ http://localhost:8788/app/hooks/tasks/use-tasks.ts:28
[ 1835526ms] [INFO] [cadence:tasks-query] state changed {filters: Object, enabled: false, status: success, fetchStatus: idle, count: 1} @ http://localhost:8788/app/hooks/tasks/use-tasks.ts:28
[ 1835527ms] [INFO] [cadence:tasks-query] state changed {filters: Object, enabled: false, status: success, fetchStatus: idle, count: 1} @ http://localhost:8788/app/hooks/tasks/use-tasks.ts:28
[ 1835527ms] [INFO] [cadence:tasks-query] state changed {filters: Object, enabled: true, status: success, fetchStatus: idle, count: 1} @ http://localhost:8788/app/hooks/tasks/use-tasks.ts:28
[ 1886264ms] [INFO] [cadence:tasks-query] state changed {filters: Object, enabled: true, status: success, fetchStatus: idle, count: 1} @ http://localhost:8788/app/hooks/tasks/use-tasks.ts:28
[ 1886265ms] [INFO] [cadence:tasks-query] state changed {filters: Object, enabled: true, status: success, fetchStatus: idle, count: 0} @ http://localhost:8788/app/hooks/tasks/use-tasks.ts:28
[ 1886265ms] [INFO] [cadence:tasks-query] state changed {filters: Object, enabled: false, status: success, fetchStatus: idle, count: 1} @ http://localhost:8788/app/hooks/tasks/use-tasks.ts:28
[ 1886266ms] [INFO] [cadence:tasks-query] state changed {filters: Object, enabled: false, status: success, fetchStatus: idle, count: 1} @ http://localhost:8788/app/hooks/tasks/use-tasks.ts:28
[ 1886266ms] [INFO] [cadence:tasks-query] state changed {filters: Object, enabled: true, status: success, fetchStatus: idle, count: 1} @ http://localhost:8788/app/hooks/tasks/use-tasks.ts:28
[ 1891042ms] [INFO] [cadence:tasks-query] state changed {filters: Object, enabled: true, status: success, fetchStatus: idle, count: 1} @ http://localhost:8788/app/hooks/tasks/use-tasks.ts:28
[ 1891043ms] [INFO] [cadence:tasks-query] state changed {filters: Object, enabled: true, status: success, fetchStatus: idle, count: 0} @ http://localhost:8788/app/hooks/tasks/use-tasks.ts:28
[ 1891044ms] [INFO] [cadence:tasks-query] state changed {filters: Object, enabled: false, status: success, fetchStatus: idle, count: 1} @ http://localhost:8788/app/hooks/tasks/use-tasks.ts:28
[ 1891044ms] [INFO] [cadence:tasks-query] state changed {filters: Object, enabled: false, status: success, fetchStatus: idle, count: 1} @ http://localhost:8788/app/hooks/tasks/use-tasks.ts:28
[ 1891045ms] [INFO] [cadence:tasks-query] state changed {filters: Object, enabled: true, status: success, fetchStatus: idle, count: 1} @ http://localhost:8788/app/hooks/tasks/use-tasks.ts:28
[ 1941818ms] [INFO] [cadence:tasks-query] state changed {filters: Object, enabled: true, status: success, fetchStatus: idle, count: 1} @ http://localhost:8788/app/hooks/tasks/use-tasks.ts:28
[ 1941819ms] [INFO] [cadence:tasks-query] state changed {filters: Object, enabled: true, status: success, fetchStatus: idle, count: 0} @ http://localhost:8788/app/hooks/tasks/use-tasks.ts:28
[ 1941820ms] [INFO] [cadence:tasks-query] state changed {filters: Object, enabled: false, status: success, fetchStatus: idle, count: 1} @ http://localhost:8788/app/hooks/tasks/use-tasks.ts:28
[ 1941820ms] [INFO] [cadence:tasks-query] state changed {filters: Object, enabled: false, status: success, fetchStatus: idle, count: 1} @ http://localhost:8788/app/hooks/tasks/use-tasks.ts:28
[ 1941822ms] [INFO] [cadence:tasks-query] state changed {filters: Object, enabled: true, status: success, fetchStatus: idle, count: 1} @ http://localhost:8788/app/hooks/tasks/use-tasks.ts:28
[ 1946593ms] [INFO] [cadence:tasks-query] state changed {filters: Object, enabled: true, status: success, fetchStatus: idle, count: 1} @ http://localhost:8788/app/hooks/tasks/use-tasks.ts:28
[ 1946594ms] [INFO] [cadence:tasks-query] state changed {filters: Object, enabled: true, status: success, fetchStatus: idle, count: 0} @ http://localhost:8788/app/hooks/tasks/use-tasks.ts:28
[ 1946595ms] [INFO] [cadence:tasks-query] state changed {filters: Object, enabled: false, status: success, fetchStatus: idle, count: 1} @ http://localhost:8788/app/hooks/tasks/use-tasks.ts:28
[ 1946595ms] [INFO] [cadence:tasks-query] state changed {filters: Object, enabled: false, status: success, fetchStatus: idle, count: 1} @ http://localhost:8788/app/hooks/tasks/use-tasks.ts:28
[ 1946596ms] [INFO] [cadence:tasks-query] state changed {filters: Object, enabled: true, status: success, fetchStatus: idle, count: 1} @ http://localhost:8788/app/hooks/tasks/use-tasks.ts:28
[ 1999565ms] [INFO] [cadence:tasks-query] state changed {filters: Object, enabled: true, status: success, fetchStatus: idle, count: 1} @ http://localhost:8788/app/hooks/tasks/use-tasks.ts:28
[ 1999567ms] [INFO] [cadence:tasks-query] state changed {filters: Object, enabled: true, status: success, fetchStatus: idle, count: 0} @ http://localhost:8788/app/hooks/tasks/use-tasks.ts:28
[ 1999567ms] [INFO] [cadence:tasks-query] state changed {filters: Object, enabled: false, status: success, fetchStatus: idle, count: 1} @ http://localhost:8788/app/hooks/tasks/use-tasks.ts:28
[ 1999568ms] [INFO] [cadence:tasks-query] state changed {filters: Object, enabled: false, status: success, fetchStatus: idle, count: 1} @ http://localhost:8788/app/hooks/tasks/use-tasks.ts:28
[ 1999568ms] [INFO] [cadence:tasks-query] state changed {filters: Object, enabled: true, status: success, fetchStatus: idle, count: 1} @ http://localhost:8788/app/hooks/tasks/use-tasks.ts:28
[ 2002101ms] [INFO] [cadence:tasks-query] state changed {filters: Object, enabled: true, status: success, fetchStatus: idle, count: 1} @ http://localhost:8788/app/hooks/tasks/use-tasks.ts:28
[ 2002103ms] [INFO] [cadence:tasks-query] state changed {filters: Object, enabled: true, status: success, fetchStatus: idle, count: 0} @ http://localhost:8788/app/hooks/tasks/use-tasks.ts:28
[ 2002104ms] [INFO] [cadence:tasks-query] state changed {filters: Object, enabled: false, status: success, fetchStatus: idle, count: 1} @ http://localhost:8788/app/hooks/tasks/use-tasks.ts:28
[ 2002105ms] [INFO] [cadence:tasks-query] state changed {filters: Object, enabled: false, status: success, fetchStatus: idle, count: 1} @ http://localhost:8788/app/hooks/tasks/use-tasks.ts:28
[ 2002106ms] [INFO] [cadence:tasks-query] state changed {filters: Object, enabled: true, status: success, fetchStatus: idle, count: 1} @ http://localhost:8788/app/hooks/tasks/use-tasks.ts:28
[ 2055161ms] [INFO] [cadence:tasks-query] state changed {filters: Object, enabled: true, status: success, fetchStatus: idle, count: 1} @ http://localhost:8788/app/hooks/tasks/use-tasks.ts:28
[ 2055162ms] [INFO] [cadence:tasks-query] state changed {filters: Object, enabled: true, status: success, fetchStatus: idle, count: 0} @ http://localhost:8788/app/hooks/tasks/use-tasks.ts:28
[ 2055163ms] [INFO] [cadence:tasks-query] state changed {filters: Object, enabled: false, status: success, fetchStatus: idle, count: 1} @ http://localhost:8788/app/hooks/tasks/use-tasks.ts:28
[ 2055164ms] [INFO] [cadence:tasks-query] state changed {filters: Object, enabled: false, status: success, fetchStatus: idle, count: 1} @ http://localhost:8788/app/hooks/tasks/use-tasks.ts:28
[ 2055165ms] [INFO] [cadence:tasks-query] state changed {filters: Object, enabled: true, status: success, fetchStatus: idle, count: 1} @ http://localhost:8788/app/hooks/tasks/use-tasks.ts:28
[ 2059933ms] [INFO] [cadence:tasks-query] state changed {filters: Object, enabled: true, status: success, fetchStatus: idle, count: 1} @ http://localhost:8788/app/hooks/tasks/use-tasks.ts:28
[ 2059934ms] [INFO] [cadence:tasks-query] state changed {filters: Object, enabled: true, status: success, fetchStatus: idle, count: 0} @ http://localhost:8788/app/hooks/tasks/use-tasks.ts:28
[ 2059934ms] [INFO] [cadence:tasks-query] state changed {filters: Object, enabled: false, status: success, fetchStatus: idle, count: 1} @ http://localhost:8788/app/hooks/tasks/use-tasks.ts:28
[ 2059934ms] [INFO] [cadence:tasks-query] state changed {filters: Object, enabled: false, status: success, fetchStatus: idle, count: 1} @ http://localhost:8788/app/hooks/tasks/use-tasks.ts:28
[ 2059935ms] [INFO] [cadence:tasks-query] state changed {filters: Object, enabled: true, status: success, fetchStatus: idle, count: 1} @ http://localhost:8788/app/hooks/tasks/use-tasks.ts:28
[ 2110486ms] [INFO] [cadence:tasks-query] state changed {filters: Object, enabled: true, status: success, fetchStatus: idle, count: 1} @ http://localhost:8788/app/hooks/tasks/use-tasks.ts:28
[ 2110487ms] [INFO] [cadence:tasks-query] state changed {filters: Object, enabled: true, status: success, fetchStatus: idle, count: 0} @ http://localhost:8788/app/hooks/tasks/use-tasks.ts:28
[ 2110487ms] [INFO] [cadence:tasks-query] state changed {filters: Object, enabled: false, status: success, fetchStatus: idle, count: 1} @ http://localhost:8788/app/hooks/tasks/use-tasks.ts:28
[ 2110488ms] [INFO] [cadence:tasks-query] state changed {filters: Object, enabled: false, status: success, fetchStatus: idle, count: 1} @ http://localhost:8788/app/hooks/tasks/use-tasks.ts:28
[ 2110489ms] [INFO] [cadence:tasks-query] state changed {filters: Object, enabled: true, status: success, fetchStatus: idle, count: 1} @ http://localhost:8788/app/hooks/tasks/use-tasks.ts:28
[ 2115265ms] [INFO] [cadence:tasks-query] state changed {filters: Object, enabled: true, status: success, fetchStatus: idle, count: 1} @ http://localhost:8788/app/hooks/tasks/use-tasks.ts:28
[ 2115266ms] [INFO] [cadence:tasks-query] state changed {filters: Object, enabled: true, status: success, fetchStatus: idle, count: 0} @ http://localhost:8788/app/hooks/tasks/use-tasks.ts:28
[ 2115267ms] [INFO] [cadence:tasks-query] state changed {filters: Object, enabled: false, status: success, fetchStatus: idle, count: 1} @ http://localhost:8788/app/hooks/tasks/use-tasks.ts:28
[ 2115267ms] [INFO] [cadence:tasks-query] state changed {filters: Object, enabled: false, status: success, fetchStatus: idle, count: 1} @ http://localhost:8788/app/hooks/tasks/use-tasks.ts:28
[ 2115268ms] [INFO] [cadence:tasks-query] state changed {filters: Object, enabled: true, status: success, fetchStatus: idle, count: 1} @ http://localhost:8788/app/hooks/tasks/use-tasks.ts:28
[ 2165953ms] [INFO] [cadence:tasks-query] state changed {filters: Object, enabled: true, status: success, fetchStatus: idle, count: 1} @ http://localhost:8788/app/hooks/tasks/use-tasks.ts:28
[ 2165954ms] [INFO] [cadence:tasks-query] state changed {filters: Object, enabled: true, status: success, fetchStatus: idle, count: 0} @ http://localhost:8788/app/hooks/tasks/use-tasks.ts:28
[ 2165954ms] [INFO] [cadence:tasks-query] state changed {filters: Object, enabled: false, status: success, fetchStatus: idle, count: 1} @ http://localhost:8788/app/hooks/tasks/use-tasks.ts:28
[ 2165955ms] [INFO] [cadence:tasks-query] state changed {filters: Object, enabled: false, status: success, fetchStatus: idle, count: 1} @ http://localhost:8788/app/hooks/tasks/use-tasks.ts:28
[ 2165955ms] [INFO] [cadence:tasks-query] state changed {filters: Object, enabled: true, status: success, fetchStatus: idle, count: 1} @ http://localhost:8788/app/hooks/tasks/use-tasks.ts:28
[ 2170742ms] [INFO] [cadence:tasks-query] state changed {filters: Object, enabled: true, status: success, fetchStatus: idle, count: 1} @ http://localhost:8788/app/hooks/tasks/use-tasks.ts:28
[ 2170743ms] [INFO] [cadence:tasks-query] state changed {filters: Object, enabled: true, status: success, fetchStatus: idle, count: 0} @ http://localhost:8788/app/hooks/tasks/use-tasks.ts:28
[ 2170743ms] [INFO] [cadence:tasks-query] state changed {filters: Object, enabled: false, status: success, fetchStatus: idle, count: 1} @ http://localhost:8788/app/hooks/tasks/use-tasks.ts:28
[ 2170744ms] [INFO] [cadence:tasks-query] state changed {filters: Object, enabled: false, status: success, fetchStatus: idle, count: 1} @ http://localhost:8788/app/hooks/tasks/use-tasks.ts:28
[ 2170744ms] [INFO] [cadence:tasks-query] state changed {filters: Object, enabled: true, status: success, fetchStatus: idle, count: 1} @ http://localhost:8788/app/hooks/tasks/use-tasks.ts:28
[ 2221498ms] [INFO] [cadence:tasks-query] state changed {filters: Object, enabled: true, status: success, fetchStatus: idle, count: 1} @ http://localhost:8788/app/hooks/tasks/use-tasks.ts:28
[ 2221500ms] [INFO] [cadence:tasks-query] state changed {filters: Object, enabled: true, status: success, fetchStatus: idle, count: 0} @ http://localhost:8788/app/hooks/tasks/use-tasks.ts:28
[ 2221501ms] [INFO] [cadence:tasks-query] state changed {filters: Object, enabled: false, status: success, fetchStatus: idle, count: 1} @ http://localhost:8788/app/hooks/tasks/use-tasks.ts:28
[ 2221501ms] [INFO] [cadence:tasks-query] state changed {filters: Object, enabled: false, status: success, fetchStatus: idle, count: 1} @ http://localhost:8788/app/hooks/tasks/use-tasks.ts:28
[ 2221502ms] [INFO] [cadence:tasks-query] state changed {filters: Object, enabled: true, status: success, fetchStatus: idle, count: 1} @ http://localhost:8788/app/hooks/tasks/use-tasks.ts:28
[ 2226284ms] [INFO] [cadence:tasks-query] state changed {filters: Object, enabled: true, status: success, fetchStatus: idle, count: 1} @ http://localhost:8788/app/hooks/tasks/use-tasks.ts:28
[ 2226285ms] [INFO] [cadence:tasks-query] state changed {filters: Object, enabled: true, status: success, fetchStatus: idle, count: 0} @ http://localhost:8788/app/hooks/tasks/use-tasks.ts:28
[ 2226286ms] [INFO] [cadence:tasks-query] state changed {filters: Object, enabled: false, status: success, fetchStatus: idle, count: 1} @ http://localhost:8788/app/hooks/tasks/use-tasks.ts:28
[ 2226287ms] [INFO] [cadence:tasks-query] state changed {filters: Object, enabled: false, status: success, fetchStatus: idle, count: 1} @ http://localhost:8788/app/hooks/tasks/use-tasks.ts:28
[ 2226287ms] [INFO] [cadence:tasks-query] state changed {filters: Object, enabled: true, status: success, fetchStatus: idle, count: 1} @ http://localhost:8788/app/hooks/tasks/use-tasks.ts:28
[ 2246855ms] [INFO] [cadence:tasks-query] state changed {filters: Object, enabled: true, status: success, fetchStatus: idle, count: 1} @ http://localhost:8788/app/hooks/tasks/use-tasks.ts:28
[ 2246856ms] [INFO] [cadence:tasks-query] state changed {filters: Object, enabled: true, status: success, fetchStatus: idle, count: 0} @ http://localhost:8788/app/hooks/tasks/use-tasks.ts:28
[ 2246857ms] [INFO] [cadence:tasks-query] state changed {filters: Object, enabled: false, status: success, fetchStatus: idle, count: 1} @ http://localhost:8788/app/hooks/tasks/use-tasks.ts:28
[ 2246858ms] [INFO] [cadence:tasks-query] state changed {filters: Object, enabled: false, status: success, fetchStatus: idle, count: 1} @ http://localhost:8788/app/hooks/tasks/use-tasks.ts:28
[ 2246859ms] [INFO] [cadence:tasks-query] state changed {filters: Object, enabled: true, status: success, fetchStatus: idle, count: 1} @ http://localhost:8788/app/hooks/tasks/use-tasks.ts:28
[ 2246859ms] [INFO] [cadence:tasks-query] state changed {filters: Object, enabled: true, status: success, fetchStatus: idle, count: 0} @ http://localhost:8788/app/hooks/tasks/use-tasks.ts:28
[ 2259059ms] [INFO] [cadence:tasks-query] state changed {filters: Object, enabled: true, status: success, fetchStatus: idle, count: 1} @ http://localhost:8788/app/hooks/tasks/use-tasks.ts:28
[ 2259061ms] [INFO] [cadence:tasks-query] state changed {filters: Object, enabled: true, status: success, fetchStatus: idle, count: 0} @ http://localhost:8788/app/hooks/tasks/use-tasks.ts:28
[ 2259063ms] [INFO] [cadence:tasks-query] state changed {filters: Object, enabled: false, status: success, fetchStatus: idle, count: 1} @ http://localhost:8788/app/hooks/tasks/use-tasks.ts:28
[ 2259064ms] [INFO] [cadence:tasks-query] state changed {filters: Object, enabled: false, status: success, fetchStatus: idle, count: 1} @ http://localhost:8788/app/hooks/tasks/use-tasks.ts:28
[ 2259066ms] [INFO] [cadence:tasks-query] state changed {filters: Object, enabled: true, status: success, fetchStatus: idle, count: 1} @ http://localhost:8788/app/hooks/tasks/use-tasks.ts:28
[ 2259066ms] [INFO] [cadence:tasks-query] state changed {filters: Object, enabled: true, status: success, fetchStatus: idle, count: 0} @ http://localhost:8788/app/hooks/tasks/use-tasks.ts:28
[ 2259136ms] [INFO] [cadence:tasks-query] state changed {filters: Object, enabled: true, status: success, fetchStatus: idle, count: 1} @ http://localhost:8788/app/hooks/tasks/use-tasks.ts:28
[ 2259137ms] [INFO] [cadence:tasks-query] state changed {filters: Object, enabled: true, status: success, fetchStatus: idle, count: 0} @ http://localhost:8788/app/hooks/tasks/use-tasks.ts:28
[ 2259138ms] [INFO] [cadence:tasks-query] state changed {filters: Object, enabled: false, status: success, fetchStatus: idle, count: 1} @ http://localhost:8788/app/hooks/tasks/use-tasks.ts:28
[ 2259139ms] [INFO] [cadence:tasks-query] state changed {filters: Object, enabled: false, status: success, fetchStatus: idle, count: 1} @ http://localhost:8788/app/hooks/tasks/use-tasks.ts:28
[ 2259139ms] [INFO] [cadence:tasks-query] state changed {filters: Object, enabled: true, status: success, fetchStatus: idle, count: 1} @ http://localhost:8788/app/hooks/tasks/use-tasks.ts:28
[ 2259140ms] [INFO] [cadence:tasks-query] state changed {filters: Object, enabled: true, status: success, fetchStatus: idle, count: 0} @ http://localhost:8788/app/hooks/tasks/use-tasks.ts:28
[ 2261130ms] [INFO] [cadence:tasks-query] state changed {filters: Object, enabled: true, status: success, fetchStatus: idle, count: 1} @ http://localhost:8788/app/hooks/tasks/use-tasks.ts:28
[ 2261132ms] [INFO] [cadence:tasks-query] state changed {filters: Object, enabled: true, status: success, fetchStatus: idle, count: 0} @ http://localhost:8788/app/hooks/tasks/use-tasks.ts:28
[ 2261134ms] [INFO] [cadence:tasks-query] state changed {filters: Object, enabled: false, status: success, fetchStatus: idle, count: 1} @ http://localhost:8788/app/hooks/tasks/use-tasks.ts:28
[ 2261134ms] [INFO] [cadence:tasks-query] state changed {filters: Object, enabled: false, status: success, fetchStatus: idle, count: 1} @ http://localhost:8788/app/hooks/tasks/use-tasks.ts:28
[ 2261135ms] [INFO] [cadence:tasks-query] state changed {filters: Object, enabled: true, status: success, fetchStatus: idle, count: 1} @ http://localhost:8788/app/hooks/tasks/use-tasks.ts:28
[ 2261135ms] [INFO] [cadence:tasks-query] state changed {filters: Object, enabled: true, status: success, fetchStatus: idle, count: 0} @ http://localhost:8788/app/hooks/tasks/use-tasks.ts:28
[ 2264078ms] [WARNING] The resource http://localhost:8788/app/app.css was preloaded using link preload but not used within a few seconds from the window's load event. Please make sure it has an appropriate `as` value and it is preloaded intentionally. @ http://localhost:8788/:0
[ 2264195ms] [INFO] [cadence:tasks-query] state changed {filters: Object, enabled: true, status: success, fetchStatus: idle, count: 1} @ http://localhost:8788/app/hooks/tasks/use-tasks.ts:28
[ 2264197ms] [INFO] [cadence:tasks-query] state changed {filters: Object, enabled: true, status: success, fetchStatus: idle, count: 0} @ http://localhost:8788/app/hooks/tasks/use-tasks.ts:28
[ 2264198ms] [INFO] [cadence:tasks-query] state changed {filters: Object, enabled: false, status: success, fetchStatus: idle, count: 1} @ http://localhost:8788/app/hooks/tasks/use-tasks.ts:28
[ 2264198ms] [INFO] [cadence:tasks-query] state changed {filters: Object, enabled: false, status: success, fetchStatus: idle, count: 1} @ http://localhost:8788/app/hooks/tasks/use-tasks.ts:28
[ 2264199ms] [INFO] [cadence:tasks-query] state changed {filters: Object, enabled: true, status: success, fetchStatus: idle, count: 1} @ http://localhost:8788/app/hooks/tasks/use-tasks.ts:28
[ 2264200ms] [INFO] [cadence:tasks-query] state changed {filters: Object, enabled: true, status: success, fetchStatus: idle, count: 0} @ http://localhost:8788/app/hooks/tasks/use-tasks.ts:28
[ 2271996ms] [WARNING] The resource http://localhost:8788/app/app.css was preloaded using link preload but not used within a few seconds from the window's load event. Please make sure it has an appropriate `as` value and it is preloaded intentionally. @ http://localhost:8788/:0
[ 2276991ms] [INFO] [cadence:tasks-query] state changed {filters: Object, enabled: true, status: success, fetchStatus: idle, count: 1} @ http://localhost:8788/app/hooks/tasks/use-tasks.ts:28
[ 2276992ms] [INFO] [cadence:tasks-query] state changed {filters: Object, enabled: true, status: success, fetchStatus: idle, count: 0} @ http://localhost:8788/app/hooks/tasks/use-tasks.ts:28
[ 2276992ms] [INFO] [cadence:tasks-query] state changed {filters: Object, enabled: false, status: success, fetchStatus: idle, count: 1} @ http://localhost:8788/app/hooks/tasks/use-tasks.ts:28
[ 2276993ms] [INFO] [cadence:tasks-query] state changed {filters: Object, enabled: false, status: success, fetchStatus: idle, count: 1} @ http://localhost:8788/app/hooks/tasks/use-tasks.ts:28
[ 2276993ms] [INFO] [cadence:tasks-query] state changed {filters: Object, enabled: true, status: success, fetchStatus: idle, count: 1} @ http://localhost:8788/app/hooks/tasks/use-tasks.ts:28
[ 2281775ms] [INFO] [cadence:tasks-query] state changed {filters: Object, enabled: true, status: success, fetchStatus: idle, count: 1} @ http://localhost:8788/app/hooks/tasks/use-tasks.ts:28
[ 2281776ms] [INFO] [cadence:tasks-query] state changed {filters: Object, enabled: true, status: success, fetchStatus: idle, count: 0} @ http://localhost:8788/app/hooks/tasks/use-tasks.ts:28
[ 2281777ms] [INFO] [cadence:tasks-query] state changed {filters: Object, enabled: false, status: success, fetchStatus: idle, count: 1} @ http://localhost:8788/app/hooks/tasks/use-tasks.ts:28
[ 2281778ms] [INFO] [cadence:tasks-query] state changed {filters: Object, enabled: false, status: success, fetchStatus: idle, count: 1} @ http://localhost:8788/app/hooks/tasks/use-tasks.ts:28
[ 2281779ms] [INFO] [cadence:tasks-query] state changed {filters: Object, enabled: true, status: success, fetchStatus: idle, count: 1} @ http://localhost:8788/app/hooks/tasks/use-tasks.ts:28
[ 2284312ms] [WARNING] The resource http://localhost:8788/app/app.css was preloaded using link preload but not used within a few seconds from the window's load event. Please make sure it has an appropriate `as` value and it is preloaded intentionally. @ http://localhost:8788/:0
[ 2308712ms] [INFO] %cDownload the React DevTools for a better development experience: https://react.dev/link/react-devtools font-weight:bold @ http://localhost:8788/node_modules/.vite/deps/react-dom_client.js?v=32f5a6e4:15804
[ 2309618ms] [ERROR] Encountered a script tag while rendering React component. Scripts inside React components are never executed when rendering on the client. Consider using template tag instead (https://developer.mozilla.org/en-US/docs/Web/HTML/Element/template). @ http://localhost:8788/node_modules/.vite/deps/react-dom_client.js?v=32f5a6e4:6614
[ 2309773ms] [INFO] [cadence:tasks-query] state changed {filters: Object, enabled: false, status: pending, fetchStatus: idle, count: null} @ http://localhost:8788/app/hooks/tasks/use-tasks.ts:28
[ 2309775ms] [INFO] [cadence:inbox-query] state changed {enabled: false, status: pending, fetchStatus: idle, count: null, error: null} @ http://localhost:8788/app/hooks/inbox/use-inbox.ts:21
[ 2309776ms] [INFO] [cadence:tasks-query] state changed {filters: Object, enabled: false, status: pending, fetchStatus: idle, count: null} @ http://localhost:8788/app/hooks/tasks/use-tasks.ts:28
[ 2309781ms] [INFO] [cadence:tasks-query] state changed {filters: Object, enabled: false, status: pending, fetchStatus: idle, count: null} @ http://localhost:8788/app/hooks/tasks/use-tasks.ts:28
[ 2309782ms] [INFO] [cadence:inbox-query] state changed {enabled: false, status: pending, fetchStatus: idle, count: null, error: null} @ http://localhost:8788/app/hooks/inbox/use-inbox.ts:21
[ 2309783ms] [INFO] [cadence:tasks-query] state changed {filters: Object, enabled: false, status: pending, fetchStatus: idle, count: null} @ http://localhost:8788/app/hooks/tasks/use-tasks.ts:28
[ 2309832ms] [INFO] [cadence:tasks-query] state changed {filters: Object, enabled: false, status: pending, fetchStatus: idle, count: null} @ http://localhost:8788/app/hooks/tasks/use-tasks.ts:28
[ 2309832ms] [INFO] [cadence:tasks-query] state changed {filters: Object, enabled: false, status: pending, fetchStatus: idle, count: null} @ http://localhost:8788/app/hooks/tasks/use-tasks.ts:28
[ 2309906ms] [INFO] [cadence:tasks-query] state changed {filters: Object, enabled: false, status: pending, fetchStatus: idle, count: null} @ http://localhost:8788/app/hooks/tasks/use-tasks.ts:28
[ 2309907ms] [INFO] [cadence:inbox-query] state changed {enabled: false, status: pending, fetchStatus: idle, count: null, error: null} @ http://localhost:8788/app/hooks/inbox/use-inbox.ts:21
[ 2309908ms] [INFO] [cadence:tasks-query] state changed {filters: Object, enabled: false, status: pending, fetchStatus: idle, count: null} @ http://localhost:8788/app/hooks/tasks/use-tasks.ts:28
[ 2309998ms] [INFO] [cadence:tasks-query] state changed {filters: Object, enabled: true, status: pending, fetchStatus: idle, count: null} @ http://localhost:8788/app/hooks/tasks/use-tasks.ts:28
[ 2310003ms] [INFO] [cadence:inbox-query] state changed {enabled: true, status: pending, fetchStatus: idle, count: null, error: null} @ http://localhost:8788/app/hooks/inbox/use-inbox.ts:21
[ 2310003ms] [INFO] [cadence:tasks-query] state changed {filters: Object, enabled: true, status: pending, fetchStatus: idle, count: null} @ http://localhost:8788/app/hooks/tasks/use-tasks.ts:28
[ 2310005ms] [INFO] [cadence:tasks-query] state changed {filters: Object, enabled: true, status: pending, fetchStatus: idle, count: null} @ http://localhost:8788/app/hooks/tasks/use-tasks.ts:28
[ 2310006ms] [INFO] [cadence:inbox-query] state changed {enabled: true, status: pending, fetchStatus: idle, count: null, error: null} @ http://localhost:8788/app/hooks/inbox/use-inbox.ts:21
[ 2310006ms] [INFO] [cadence:tasks-query] state changed {filters: Object, enabled: true, status: pending, fetchStatus: idle, count: null} @ http://localhost:8788/app/hooks/tasks/use-tasks.ts:28
[ 2310010ms] [INFO] [cadence:tasks-query] state changed {filters: Object, enabled: true, status: pending, fetchStatus: idle, count: null} @ http://localhost:8788/app/hooks/tasks/use-tasks.ts:28
[ 2310010ms] [INFO] [cadence:inbox-query] state changed {enabled: true, status: pending, fetchStatus: idle, count: null, error: null} @ http://localhost:8788/app/hooks/inbox/use-inbox.ts:21
[ 2310011ms] [INFO] [cadence:tasks-query] state changed {filters: Object, enabled: true, status: pending, fetchStatus: idle, count: null} @ http://localhost:8788/app/hooks/tasks/use-tasks.ts:28
[ 2310049ms] [WARNING] Geolocation permission has been blocked as the user has ignored the permission prompt several times. This can be reset in Page Info which can be accessed by clicking the tune icon next to the URL. See https://www.chromestatus.com/feature/6443143280984064 for more information. @ http://localhost:8788/:0
[ 2310132ms] [INFO] [cadence:tasks-query] state changed {filters: Object, enabled: true, status: pending, fetchStatus: fetching, count: null} @ http://localhost:8788/app/hooks/tasks/use-tasks.ts:28
[ 2310134ms] [INFO] [cadence:inbox-query] state changed {enabled: true, status: pending, fetchStatus: fetching, count: null, error: null} @ http://localhost:8788/app/hooks/inbox/use-inbox.ts:21
[ 2310136ms] [INFO] [cadence:tasks-query] state changed {filters: Object, enabled: true, status: pending, fetchStatus: fetching, count: null} @ http://localhost:8788/app/hooks/tasks/use-tasks.ts:28
[ 2310138ms] [INFO] [cadence:tasks-query] state changed {filters: Object, enabled: true, status: pending, fetchStatus: fetching, count: null} @ http://localhost:8788/app/hooks/tasks/use-tasks.ts:28
[ 2310138ms] [INFO] [cadence:inbox-query] state changed {enabled: true, status: pending, fetchStatus: fetching, count: null, error: null} @ http://localhost:8788/app/hooks/inbox/use-inbox.ts:21
[ 2310139ms] [INFO] [cadence:tasks-query] state changed {filters: Object, enabled: true, status: pending, fetchStatus: fetching, count: null} @ http://localhost:8788/app/hooks/tasks/use-tasks.ts:28
[ 2310200ms] [INFO] [cadence:tasks-query] state changed {filters: Object, enabled: true, status: pending, fetchStatus: fetching, count: null} @ http://localhost:8788/app/hooks/tasks/use-tasks.ts:28
[ 2310202ms] [INFO] [cadence:tasks-query] state changed {filters: Object, enabled: true, status: pending, fetchStatus: fetching, count: null} @ http://localhost:8788/app/hooks/tasks/use-tasks.ts:28
[ 2310202ms] [INFO] [cadence:tasks-query] state changed {filters: Object, enabled: true, status: pending, fetchStatus: fetching, count: null} @ http://localhost:8788/app/hooks/tasks/use-tasks.ts:28
[ 2310203ms] [INFO] [cadence:tasks-query] state changed {filters: Object, enabled: true, status: pending, fetchStatus: fetching, count: null} @ http://localhost:8788/app/hooks/tasks/use-tasks.ts:28
[ 2310296ms] [INFO] [cadence:tasks-query] state changed {filters: Object, enabled: false, status: pending, fetchStatus: fetching, count: null} @ http://localhost:8788/app/hooks/tasks/use-tasks.ts:28
[ 2310297ms] [INFO] [cadence:inbox-query] state changed {enabled: true, status: pending, fetchStatus: fetching, count: null, error: null} @ http://localhost:8788/app/hooks/inbox/use-inbox.ts:21
[ 2310298ms] [INFO] [cadence:tasks-query] state changed {filters: Object, enabled: false, status: pending, fetchStatus: fetching, count: null} @ http://localhost:8788/app/hooks/tasks/use-tasks.ts:28
[ 2310298ms] [INFO] [cadence:inbox-query] state changed {enabled: true, status: pending, fetchStatus: fetching, count: null, error: null} @ http://localhost:8788/app/hooks/inbox/use-inbox.ts:21
[ 2310300ms] [INFO] [cadence:tasks-query] state changed {filters: Object, enabled: false, status: pending, fetchStatus: fetching, count: null} @ http://localhost:8788/app/hooks/tasks/use-tasks.ts:28
[ 2310301ms] [INFO] [cadence:inbox-query] state changed {enabled: true, status: pending, fetchStatus: fetching, count: null, error: null} @ http://localhost:8788/app/hooks/inbox/use-inbox.ts:21
[ 2310303ms] [INFO] [cadence:tasks-query] state changed {filters: Object, enabled: false, status: pending, fetchStatus: fetching, count: null} @ http://localhost:8788/app/hooks/tasks/use-tasks.ts:28
[ 2310304ms] [INFO] [cadence:inbox-query] state changed {enabled: true, status: pending, fetchStatus: fetching, count: null, error: null} @ http://localhost:8788/app/hooks/inbox/use-inbox.ts:21
[ 2310716ms] [INFO] [cadence:tasks-query] state changed {filters: Object, enabled: true, status: pending, fetchStatus: fetching, count: null} @ http://localhost:8788/app/hooks/tasks/use-tasks.ts:28
[ 2311042ms] [INFO] [cadence:tasks-query] state changed {filters: Object, enabled: true, status: pending, fetchStatus: fetching, count: null} @ http://localhost:8788/app/hooks/tasks/use-tasks.ts:28
[ 2311043ms] [INFO] [cadence:tasks-query] state changed {filters: Object, enabled: false, status: pending, fetchStatus: fetching, count: null} @ http://localhost:8788/app/hooks/tasks/use-tasks.ts:28
[ 2311043ms] [INFO] [cadence:tasks-query] state changed {filters: Object, enabled: false, status: pending, fetchStatus: fetching, count: null} @ http://localhost:8788/app/hooks/tasks/use-tasks.ts:28
[ 2311189ms] [INFO] [cadence:tasks-query] state changed {filters: Object, enabled: true, status: pending, fetchStatus: fetching, count: null} @ http://localhost:8788/app/hooks/tasks/use-tasks.ts:28
[ 2311286ms] [INFO] [cadence:tasks-query] state changed {filters: Object, enabled: true, status: pending, fetchStatus: fetching, count: null} @ http://localhost:8788/app/hooks/tasks/use-tasks.ts:28
[ 2311339ms] [INFO] [cadence:tasks-query] state changed {filters: Object, enabled: true, status: success, fetchStatus: idle, count: 1} @ http://localhost:8788/app/hooks/tasks/use-tasks.ts:28
[ 2311546ms] [INFO] [cadence:tasks-query] state changed {filters: Object, enabled: true, status: success, fetchStatus: idle, count: 1} @ http://localhost:8788/app/hooks/tasks/use-tasks.ts:28
[ 2311547ms] [INFO] [cadence:inbox-query] state changed {enabled: true, status: success, fetchStatus: idle, count: 0, error: null} @ http://localhost:8788/app/hooks/inbox/use-inbox.ts:21
[ 2311547ms] [INFO] [cadence:tasks-query] state changed {filters: Object, enabled: true, status: pending, fetchStatus: fetching, count: null} @ http://localhost:8788/app/hooks/tasks/use-tasks.ts:28
[ 2311797ms] [INFO] [cadence:tasks-query] state changed {filters: Object, enabled: true, status: success, fetchStatus: idle, count: 1} @ http://localhost:8788/app/hooks/tasks/use-tasks.ts:28
[ 2311798ms] [INFO] [cadence:tasks-query] state changed {filters: Object, enabled: true, status: success, fetchStatus: idle, count: 0} @ http://localhost:8788/app/hooks/tasks/use-tasks.ts:28
[ 2311826ms] [INFO] [cadence:tasks-query] state changed {filters: Object, enabled: true, status: success, fetchStatus: idle, count: 1} @ http://localhost:8788/app/hooks/tasks/use-tasks.ts:28
[ 2314377ms] [INFO] [cadence:tasks-query] state changed {filters: Object, enabled: true, status: success, fetchStatus: idle, count: 1} @ http://localhost:8788/app/hooks/tasks/use-tasks.ts:28
[ 2314378ms] [INFO] [cadence:inbox-query] state changed {enabled: true, status: success, fetchStatus: idle, count: 0, error: null} @ http://localhost:8788/app/hooks/inbox/use-inbox.ts:21
[ 2314378ms] [INFO] [cadence:tasks-query] state changed {filters: Object, enabled: true, status: success, fetchStatus: idle, count: 0} @ http://localhost:8788/app/hooks/tasks/use-tasks.ts:28
[ 2314380ms] [INFO] [cadence:tasks-query] state changed {filters: Object, enabled: false, status: success, fetchStatus: idle, count: 1} @ http://localhost:8788/app/hooks/tasks/use-tasks.ts:28
[ 2314380ms] [INFO] [cadence:inbox-query] state changed {enabled: true, status: success, fetchStatus: idle, count: 0, error: null} @ http://localhost:8788/app/hooks/inbox/use-inbox.ts:21
[ 2314381ms] [INFO] [cadence:tasks-query] state changed {filters: Object, enabled: false, status: success, fetchStatus: idle, count: 1} @ http://localhost:8788/app/hooks/tasks/use-tasks.ts:28
[ 2314381ms] [INFO] [cadence:inbox-query] state changed {enabled: true, status: success, fetchStatus: idle, count: 0, error: null} @ http://localhost:8788/app/hooks/inbox/use-inbox.ts:21
[ 2314382ms] [INFO] [cadence:tasks-query] state changed {filters: Object, enabled: true, status: success, fetchStatus: idle, count: 1} @ http://localhost:8788/app/hooks/tasks/use-tasks.ts:28
[ 2314385ms] [INFO] [cadence:tasks-query] state changed {filters: Object, enabled: true, status: success, fetchStatus: idle, count: 1} @ http://localhost:8788/app/hooks/tasks/use-tasks.ts:28
[ 2314385ms] [INFO] [cadence:inbox-query] state changed {enabled: true, status: success, fetchStatus: idle, count: 0, error: null} @ http://localhost:8788/app/hooks/inbox/use-inbox.ts:21
[ 2314386ms] [INFO] [cadence:tasks-query] state changed {filters: Object, enabled: true, status: success, fetchStatus: idle, count: 0} @ http://localhost:8788/app/hooks/tasks/use-tasks.ts:28
[ 2314388ms] [INFO] [cadence:tasks-query] state changed {filters: Object, enabled: false, status: success, fetchStatus: idle, count: 1} @ http://localhost:8788/app/hooks/tasks/use-tasks.ts:28
[ 2314388ms] [INFO] [cadence:inbox-query] state changed {enabled: true, status: success, fetchStatus: idle, count: 0, error: null} @ http://localhost:8788/app/hooks/inbox/use-inbox.ts:21
[ 2314389ms] [INFO] [cadence:tasks-query] state changed {filters: Object, enabled: false, status: success, fetchStatus: idle, count: 1} @ http://localhost:8788/app/hooks/tasks/use-tasks.ts:28
[ 2314389ms] [INFO] [cadence:inbox-query] state changed {enabled: true, status: success, fetchStatus: idle, count: 0, error: null} @ http://localhost:8788/app/hooks/inbox/use-inbox.ts:21
[ 2314950ms] [INFO] [cadence:tasks-query] state changed {filters: Object, enabled: true, status: success, fetchStatus: idle, count: 1} @ http://localhost:8788/app/hooks/tasks/use-tasks.ts:28
[ 2317066ms] [INFO] [cadence:tasks-query] state changed {filters: Object, enabled: true, status: success, fetchStatus: idle, count: 1} @ http://localhost:8788/app/hooks/tasks/use-tasks.ts:28
[ 2317067ms] [INFO] [cadence:inbox-query] state changed {enabled: true, status: success, fetchStatus: idle, count: 0, error: null} @ http://localhost:8788/app/hooks/inbox/use-inbox.ts:21
[ 2317070ms] [INFO] [cadence:tasks-query] state changed {filters: Object, enabled: true, status: success, fetchStatus: idle, count: 0} @ http://localhost:8788/app/hooks/tasks/use-tasks.ts:28
[ 2317071ms] [INFO] [cadence:tasks-query] state changed {filters: Object, enabled: false, status: success, fetchStatus: idle, count: 1} @ http://localhost:8788/app/hooks/tasks/use-tasks.ts:28
[ 2317072ms] [INFO] [cadence:inbox-query] state changed {enabled: true, status: success, fetchStatus: idle, count: 0, error: null} @ http://localhost:8788/app/hooks/inbox/use-inbox.ts:21
[ 2317073ms] [INFO] [cadence:tasks-query] state changed {filters: Object, enabled: false, status: success, fetchStatus: idle, count: 1} @ http://localhost:8788/app/hooks/tasks/use-tasks.ts:28
[ 2317073ms] [INFO] [cadence:inbox-query] state changed {enabled: true, status: success, fetchStatus: idle, count: 0, error: null} @ http://localhost:8788/app/hooks/inbox/use-inbox.ts:21
[ 2317074ms] [INFO] [cadence:tasks-query] state changed {filters: Object, enabled: true, status: success, fetchStatus: idle, count: 1} @ http://localhost:8788/app/hooks/tasks/use-tasks.ts:28
[ 2317077ms] [INFO] [cadence:tasks-query] state changed {filters: Object, enabled: true, status: success, fetchStatus: idle, count: 1} @ http://localhost:8788/app/hooks/tasks/use-tasks.ts:28
[ 2317077ms] [INFO] [cadence:inbox-query] state changed {enabled: true, status: success, fetchStatus: idle, count: 0, error: null} @ http://localhost:8788/app/hooks/inbox/use-inbox.ts:21
[ 2317078ms] [INFO] [cadence:tasks-query] state changed {filters: Object, enabled: true, status: success, fetchStatus: idle, count: 0} @ http://localhost:8788/app/hooks/tasks/use-tasks.ts:28
[ 2317079ms] [INFO] [cadence:tasks-query] state changed {filters: Object, enabled: false, status: success, fetchStatus: idle, count: 1} @ http://localhost:8788/app/hooks/tasks/use-tasks.ts:28
[ 2317079ms] [INFO] [cadence:inbox-query] state changed {enabled: true, status: success, fetchStatus: idle, count: 0, error: null} @ http://localhost:8788/app/hooks/inbox/use-inbox.ts:21
[ 2317080ms] [INFO] [cadence:tasks-query] state changed {filters: Object, enabled: false, status: success, fetchStatus: idle, count: 1} @ http://localhost:8788/app/hooks/tasks/use-tasks.ts:28
[ 2317080ms] [INFO] [cadence:inbox-query] state changed {enabled: true, status: success, fetchStatus: idle, count: 0, error: null} @ http://localhost:8788/app/hooks/inbox/use-inbox.ts:21
[ 2362624ms] [INFO] [cadence:tasks-query] state changed {filters: Object, enabled: true, status: success, fetchStatus: idle, count: 1} @ http://localhost:8788/app/hooks/tasks/use-tasks.ts:28
[ 2362631ms] [INFO] [cadence:tasks-query] state changed {filters: Object, enabled: true, status: success, fetchStatus: idle, count: 0} @ http://localhost:8788/app/hooks/tasks/use-tasks.ts:28
[ 2362632ms] [INFO] [cadence:tasks-query] state changed {filters: Object, enabled: false, status: success, fetchStatus: idle, count: 1} @ http://localhost:8788/app/hooks/tasks/use-tasks.ts:28
[ 2362633ms] [INFO] [cadence:tasks-query] state changed {filters: Object, enabled: false, status: success, fetchStatus: idle, count: 1} @ http://localhost:8788/app/hooks/tasks/use-tasks.ts:28
[ 2362634ms] [INFO] [cadence:tasks-query] state changed {filters: Object, enabled: true, status: success, fetchStatus: idle, count: 1} @ http://localhost:8788/app/hooks/tasks/use-tasks.ts:28
[ 2362635ms] [INFO] [cadence:tasks-query] state changed {filters: Object, enabled: true, status: success, fetchStatus: idle, count: 0} @ http://localhost:8788/app/hooks/tasks/use-tasks.ts:28
[ 2362704ms] [INFO] [cadence:tasks-query] state changed {filters: Object, enabled: true, status: success, fetchStatus: idle, count: 1} @ http://localhost:8788/app/hooks/tasks/use-tasks.ts:28
[ 2362705ms] [INFO] [cadence:tasks-query] state changed {filters: Object, enabled: true, status: success, fetchStatus: idle, count: 0} @ http://localhost:8788/app/hooks/tasks/use-tasks.ts:28
[ 2362706ms] [INFO] [cadence:tasks-query] state changed {filters: Object, enabled: false, status: success, fetchStatus: idle, count: 1} @ http://localhost:8788/app/hooks/tasks/use-tasks.ts:28
[ 2362706ms] [INFO] [cadence:tasks-query] state changed {filters: Object, enabled: false, status: success, fetchStatus: idle, count: 1} @ http://localhost:8788/app/hooks/tasks/use-tasks.ts:28
[ 2362707ms] [INFO] [cadence:tasks-query] state changed {filters: Object, enabled: true, status: success, fetchStatus: idle, count: 1} @ http://localhost:8788/app/hooks/tasks/use-tasks.ts:28
[ 2362708ms] [INFO] [cadence:tasks-query] state changed {filters: Object, enabled: true, status: success, fetchStatus: idle, count: 0} @ http://localhost:8788/app/hooks/tasks/use-tasks.ts:28
[ 2364518ms] [INFO] [cadence:tasks-query] state changed {filters: Object, enabled: true, status: success, fetchStatus: idle, count: 1} @ http://localhost:8788/app/hooks/tasks/use-tasks.ts:28
[ 2364519ms] [INFO] [cadence:tasks-query] state changed {filters: Object, enabled: true, status: success, fetchStatus: idle, count: 0} @ http://localhost:8788/app/hooks/tasks/use-tasks.ts:28
[ 2364520ms] [INFO] [cadence:tasks-query] state changed {filters: Object, enabled: false, status: success, fetchStatus: idle, count: 1} @ http://localhost:8788/app/hooks/tasks/use-tasks.ts:28
[ 2364520ms] [INFO] [cadence:tasks-query] state changed {filters: Object, enabled: false, status: success, fetchStatus: idle, count: 1} @ http://localhost:8788/app/hooks/tasks/use-tasks.ts:28
[ 2364521ms] [INFO] [cadence:tasks-query] state changed {filters: Object, enabled: true, status: success, fetchStatus: idle, count: 1} @ http://localhost:8788/app/hooks/tasks/use-tasks.ts:28
[ 2365587ms] [WARNING] The resource http://localhost:8788/app/app.css was preloaded using link preload but not used within a few seconds from the window's load event. Please make sure it has an appropriate `as` value and it is preloaded intentionally. @ http://localhost:8788/:0
[ 2371857ms] [INFO] [cadence:tasks-query] state changed {filters: Object, enabled: true, status: success, fetchStatus: idle, count: 1} @ http://localhost:8788/app/hooks/tasks/use-tasks.ts:28
[ 2371858ms] [INFO] [cadence:tasks-query] state changed {filters: Object, enabled: true, status: success, fetchStatus: idle, count: 0} @ http://localhost:8788/app/hooks/tasks/use-tasks.ts:28
[ 2371860ms] [INFO] [cadence:tasks-query] state changed {filters: Object, enabled: false, status: success, fetchStatus: idle, count: 1} @ http://localhost:8788/app/hooks/tasks/use-tasks.ts:28
[ 2371860ms] [INFO] [cadence:tasks-query] state changed {filters: Object, enabled: false, status: success, fetchStatus: idle, count: 1} @ http://localhost:8788/app/hooks/tasks/use-tasks.ts:28
[ 2371861ms] [INFO] [cadence:tasks-query] state changed {filters: Object, enabled: true, status: success, fetchStatus: idle, count: 1} @ http://localhost:8788/app/hooks/tasks/use-tasks.ts:28
[ 2385518ms] [INFO] %cDownload the React DevTools for a better development experience: https://react.dev/link/react-devtools font-weight:bold @ http://localhost:8788/node_modules/.vite/deps/react-dom_client.js?v=32f5a6e4:15804
[ 2386382ms] [ERROR] Encountered a script tag while rendering React component. Scripts inside React components are never executed when rendering on the client. Consider using template tag instead (https://developer.mozilla.org/en-US/docs/Web/HTML/Element/template). @ http://localhost:8788/node_modules/.vite/deps/react-dom_client.js?v=32f5a6e4:6614
[ 2386503ms] [INFO] [cadence:tasks-query] state changed {filters: Object, enabled: false, status: pending, fetchStatus: idle, count: null} @ http://localhost:8788/app/hooks/tasks/use-tasks.ts:28
[ 2386506ms] [INFO] [cadence:inbox-query] state changed {enabled: false, status: pending, fetchStatus: idle, count: null, error: null} @ http://localhost:8788/app/hooks/inbox/use-inbox.ts:21
[ 2386507ms] [INFO] [cadence:tasks-query] state changed {filters: Object, enabled: false, status: pending, fetchStatus: idle, count: null} @ http://localhost:8788/app/hooks/tasks/use-tasks.ts:28
[ 2386511ms] [INFO] [cadence:tasks-query] state changed {filters: Object, enabled: false, status: pending, fetchStatus: idle, count: null} @ http://localhost:8788/app/hooks/tasks/use-tasks.ts:28
[ 2386512ms] [INFO] [cadence:inbox-query] state changed {enabled: false, status: pending, fetchStatus: idle, count: null, error: null} @ http://localhost:8788/app/hooks/inbox/use-inbox.ts:21
[ 2386512ms] [INFO] [cadence:tasks-query] state changed {filters: Object, enabled: false, status: pending, fetchStatus: idle, count: null} @ http://localhost:8788/app/hooks/tasks/use-tasks.ts:28
[ 2386580ms] [INFO] [cadence:tasks-query] state changed {filters: Object, enabled: false, status: pending, fetchStatus: idle, count: null} @ http://localhost:8788/app/hooks/tasks/use-tasks.ts:28
[ 2386581ms] [INFO] [cadence:tasks-query] state changed {filters: Object, enabled: false, status: pending, fetchStatus: idle, count: null} @ http://localhost:8788/app/hooks/tasks/use-tasks.ts:28
[ 2386691ms] [INFO] [cadence:tasks-query] state changed {filters: Object, enabled: false, status: pending, fetchStatus: idle, count: null} @ http://localhost:8788/app/hooks/tasks/use-tasks.ts:28
[ 2386692ms] [INFO] [cadence:tasks-query] state changed {filters: Object, enabled: false, status: pending, fetchStatus: idle, count: null} @ http://localhost:8788/app/hooks/tasks/use-tasks.ts:28
[ 2386746ms] [INFO] [cadence:tasks-query] state changed {filters: Object, enabled: false, status: pending, fetchStatus: idle, count: null} @ http://localhost:8788/app/hooks/tasks/use-tasks.ts:28
[ 2386787ms] [INFO] [cadence:tasks-query] state changed {filters: Object, enabled: false, status: pending, fetchStatus: idle, count: null} @ http://localhost:8788/app/hooks/tasks/use-tasks.ts:28
[ 2386788ms] [INFO] [cadence:inbox-query] state changed {enabled: false, status: pending, fetchStatus: idle, count: null, error: null} @ http://localhost:8788/app/hooks/inbox/use-inbox.ts:21
[ 2386788ms] [INFO] [cadence:tasks-query] state changed {filters: Object, enabled: false, status: pending, fetchStatus: idle, count: null} @ http://localhost:8788/app/hooks/tasks/use-tasks.ts:28
[ 2386866ms] [INFO] [cadence:tasks-query] state changed {filters: Object, enabled: true, status: pending, fetchStatus: fetching, count: null} @ http://localhost:8788/app/hooks/tasks/use-tasks.ts:28
[ 2386870ms] [INFO] [cadence:inbox-query] state changed {enabled: true, status: pending, fetchStatus: fetching, count: null, error: null} @ http://localhost:8788/app/hooks/inbox/use-inbox.ts:21
[ 2386871ms] [INFO] [cadence:tasks-query] state changed {filters: Object, enabled: true, status: pending, fetchStatus: fetching, count: null} @ http://localhost:8788/app/hooks/tasks/use-tasks.ts:28
[ 2386873ms] [INFO] [cadence:tasks-query] state changed {filters: Object, enabled: true, status: pending, fetchStatus: fetching, count: null} @ http://localhost:8788/app/hooks/tasks/use-tasks.ts:28
[ 2386873ms] [INFO] [cadence:inbox-query] state changed {enabled: true, status: pending, fetchStatus: fetching, count: null, error: null} @ http://localhost:8788/app/hooks/inbox/use-inbox.ts:21
[ 2386874ms] [INFO] [cadence:tasks-query] state changed {filters: Object, enabled: true, status: pending, fetchStatus: fetching, count: null} @ http://localhost:8788/app/hooks/tasks/use-tasks.ts:28
[ 2386878ms] [INFO] [cadence:tasks-query] state changed {filters: Object, enabled: true, status: pending, fetchStatus: fetching, count: null} @ http://localhost:8788/app/hooks/tasks/use-tasks.ts:28
[ 2386878ms] [INFO] [cadence:inbox-query] state changed {enabled: true, status: pending, fetchStatus: fetching, count: null, error: null} @ http://localhost:8788/app/hooks/inbox/use-inbox.ts:21
[ 2386879ms] [INFO] [cadence:tasks-query] state changed {filters: Object, enabled: true, status: pending, fetchStatus: fetching, count: null} @ http://localhost:8788/app/hooks/tasks/use-tasks.ts:28
[ 2386895ms] [INFO] [cadence:tasks-query] state changed {filters: Object, enabled: true, status: pending, fetchStatus: fetching, count: null} @ http://localhost:8788/app/hooks/tasks/use-tasks.ts:28
[ 2386897ms] [INFO] [cadence:tasks-query] state changed {filters: Object, enabled: true, status: pending, fetchStatus: fetching, count: null} @ http://localhost:8788/app/hooks/tasks/use-tasks.ts:28
[ 2386898ms] [INFO] [cadence:tasks-query] state changed {filters: Object, enabled: true, status: pending, fetchStatus: fetching, count: null} @ http://localhost:8788/app/hooks/tasks/use-tasks.ts:28
[ 2386899ms] [INFO] [cadence:tasks-query] state changed {filters: Object, enabled: true, status: pending, fetchStatus: fetching, count: null} @ http://localhost:8788/app/hooks/tasks/use-tasks.ts:28
[ 2386918ms] [WARNING] Geolocation permission has been blocked as the user has ignored the permission prompt several times. This can be reset in Page Info which can be accessed by clicking the tune icon next to the URL. See https://www.chromestatus.com/feature/6443143280984064 for more information. @ http://localhost:8788/:0
[ 2387140ms] [INFO] [cadence:tasks-query] state changed {filters: Object, enabled: false, status: pending, fetchStatus: fetching, count: null} @ http://localhost:8788/app/hooks/tasks/use-tasks.ts:28
[ 2387141ms] [INFO] [cadence:inbox-query] state changed {enabled: true, status: pending, fetchStatus: fetching, count: null, error: null} @ http://localhost:8788/app/hooks/inbox/use-inbox.ts:21
[ 2387142ms] [INFO] [cadence:tasks-query] state changed {filters: Object, enabled: false, status: pending, fetchStatus: fetching, count: null} @ http://localhost:8788/app/hooks/tasks/use-tasks.ts:28
[ 2387143ms] [INFO] [cadence:inbox-query] state changed {enabled: true, status: pending, fetchStatus: fetching, count: null, error: null} @ http://localhost:8788/app/hooks/inbox/use-inbox.ts:21
[ 2387144ms] [INFO] [cadence:tasks-query] state changed {filters: Object, enabled: false, status: pending, fetchStatus: fetching, count: null} @ http://localhost:8788/app/hooks/tasks/use-tasks.ts:28
[ 2387144ms] [INFO] [cadence:inbox-query] state changed {enabled: true, status: pending, fetchStatus: fetching, count: null, error: null} @ http://localhost:8788/app/hooks/inbox/use-inbox.ts:21
[ 2387145ms] [INFO] [cadence:tasks-query] state changed {filters: Object, enabled: false, status: pending, fetchStatus: fetching, count: null} @ http://localhost:8788/app/hooks/tasks/use-tasks.ts:28
[ 2387146ms] [INFO] [cadence:inbox-query] state changed {enabled: true, status: pending, fetchStatus: fetching, count: null, error: null} @ http://localhost:8788/app/hooks/inbox/use-inbox.ts:21
[ 2387303ms] [INFO] [cadence:tasks-query] state changed {filters: Object, enabled: true, status: pending, fetchStatus: fetching, count: null} @ http://localhost:8788/app/hooks/tasks/use-tasks.ts:28
[ 2387803ms] [INFO] [cadence:tasks-query] state changed {filters: Object, enabled: true, status: pending, fetchStatus: fetching, count: null} @ http://localhost:8788/app/hooks/tasks/use-tasks.ts:28
[ 2387805ms] [INFO] [cadence:inbox-query] state changed {enabled: true, status: success, fetchStatus: idle, count: 0, error: null} @ http://localhost:8788/app/hooks/inbox/use-inbox.ts:21
[ 2387805ms] [INFO] [cadence:tasks-query] state changed {filters: Object, enabled: true, status: pending, fetchStatus: fetching, count: null} @ http://localhost:8788/app/hooks/tasks/use-tasks.ts:28
[ 2387806ms] [INFO] [cadence:tasks-query] state changed {filters: Object, enabled: false, status: pending, fetchStatus: fetching, count: null} @ http://localhost:8788/app/hooks/tasks/use-tasks.ts:28
[ 2387807ms] [INFO] [cadence:inbox-query] state changed {enabled: true, status: success, fetchStatus: idle, count: 0, error: null} @ http://localhost:8788/app/hooks/inbox/use-inbox.ts:21
[ 2387807ms] [INFO] [cadence:tasks-query] state changed {filters: Object, enabled: false, status: pending, fetchStatus: fetching, count: null} @ http://localhost:8788/app/hooks/tasks/use-tasks.ts:28
[ 2387808ms] [INFO] [cadence:inbox-query] state changed {enabled: true, status: success, fetchStatus: idle, count: 0, error: null} @ http://localhost:8788/app/hooks/inbox/use-inbox.ts:21
[ 2387810ms] [INFO] [cadence:tasks-query] state changed {filters: Object, enabled: true, status: pending, fetchStatus: fetching, count: null} @ http://localhost:8788/app/hooks/tasks/use-tasks.ts:28
[ 2387811ms] [INFO] [cadence:inbox-query] state changed {enabled: true, status: success, fetchStatus: idle, count: 0, error: null} @ http://localhost:8788/app/hooks/inbox/use-inbox.ts:21
[ 2387811ms] [INFO] [cadence:tasks-query] state changed {filters: Object, enabled: true, status: pending, fetchStatus: fetching, count: null} @ http://localhost:8788/app/hooks/tasks/use-tasks.ts:28
[ 2387881ms] [INFO] [cadence:tasks-query] state changed {filters: Object, enabled: true, status: success, fetchStatus: idle, count: 1} @ http://localhost:8788/app/hooks/tasks/use-tasks.ts:28
[ 2387884ms] [INFO] [cadence:tasks-query] state changed {filters: Object, enabled: true, status: pending, fetchStatus: fetching, count: null} @ http://localhost:8788/app/hooks/tasks/use-tasks.ts:28
[ 2387885ms] [INFO] [cadence:tasks-query] state changed {filters: Object, enabled: false, status: success, fetchStatus: idle, count: 1} @ http://localhost:8788/app/hooks/tasks/use-tasks.ts:28
[ 2387886ms] [INFO] [cadence:tasks-query] state changed {filters: Object, enabled: false, status: success, fetchStatus: idle, count: 1} @ http://localhost:8788/app/hooks/tasks/use-tasks.ts:28
[ 2387887ms] [INFO] [cadence:tasks-query] state changed {filters: Object, enabled: true, status: success, fetchStatus: idle, count: 1} @ http://localhost:8788/app/hooks/tasks/use-tasks.ts:28
[ 2387952ms] [INFO] [cadence:tasks-query] state changed {filters: Object, enabled: true, status: success, fetchStatus: idle, count: 1} @ http://localhost:8788/app/hooks/tasks/use-tasks.ts:28
[ 2387954ms] [INFO] [cadence:tasks-query] state changed {filters: Object, enabled: true, status: pending, fetchStatus: fetching, count: null} @ http://localhost:8788/app/hooks/tasks/use-tasks.ts:28
[ 2387955ms] [INFO] [cadence:tasks-query] state changed {filters: Object, enabled: false, status: success, fetchStatus: idle, count: 1} @ http://localhost:8788/app/hooks/tasks/use-tasks.ts:28
[ 2387956ms] [INFO] [cadence:tasks-query] state changed {filters: Object, enabled: false, status: success, fetchStatus: idle, count: 1} @ http://localhost:8788/app/hooks/tasks/use-tasks.ts:28
[ 2387956ms] [INFO] [cadence:tasks-query] state changed {filters: Object, enabled: true, status: success, fetchStatus: idle, count: 1} @ http://localhost:8788/app/hooks/tasks/use-tasks.ts:28
[ 2387979ms] [INFO] [cadence:tasks-query] state changed {filters: Object, enabled: true, status: pending, fetchStatus: fetching, count: null} @ http://localhost:8788/app/hooks/tasks/use-tasks.ts:28
[ 2387980ms] [INFO] [cadence:tasks-query] state changed {filters: Object, enabled: false, status: success, fetchStatus: idle, count: 1} @ http://localhost:8788/app/hooks/tasks/use-tasks.ts:28
[ 2387981ms] [INFO] [cadence:tasks-query] state changed {filters: Object, enabled: false, status: success, fetchStatus: idle, count: 1} @ http://localhost:8788/app/hooks/tasks/use-tasks.ts:28
[ 2388051ms] [INFO] [cadence:tasks-query] state changed {filters: Object, enabled: true, status: success, fetchStatus: idle, count: 1} @ http://localhost:8788/app/hooks/tasks/use-tasks.ts:28
[ 2388334ms] [INFO] [cadence:tasks-query] state changed {filters: Object, enabled: true, status: success, fetchStatus: idle, count: 1} @ http://localhost:8788/app/hooks/tasks/use-tasks.ts:28
[ 2388334ms] [INFO] [cadence:tasks-query] state changed {filters: Object, enabled: true, status: success, fetchStatus: idle, count: 0} @ http://localhost:8788/app/hooks/tasks/use-tasks.ts:28
[ 2388345ms] [INFO] [cadence:tasks-query] state changed {filters: Object, enabled: true, status: success, fetchStatus: idle, count: 1} @ http://localhost:8788/app/hooks/tasks/use-tasks.ts:28
[ 2388719ms] [INFO] [cadence:tasks-query] state changed {filters: Object, enabled: true, status: success, fetchStatus: idle, count: 1} @ http://localhost:8788/app/hooks/tasks/use-tasks.ts:28
[ 2391293ms] [INFO] [cadence:tasks-query] state changed {filters: Object, enabled: true, status: success, fetchStatus: idle, count: 1} @ http://localhost:8788/app/hooks/tasks/use-tasks.ts:28
[ 2391294ms] [INFO] [cadence:inbox-query] state changed {enabled: true, status: success, fetchStatus: idle, count: 0, error: null} @ http://localhost:8788/app/hooks/inbox/use-inbox.ts:21
[ 2391295ms] [INFO] [cadence:tasks-query] state changed {filters: Object, enabled: true, status: success, fetchStatus: idle, count: 0} @ http://localhost:8788/app/hooks/tasks/use-tasks.ts:28
[ 2391296ms] [INFO] [cadence:tasks-query] state changed {filters: Object, enabled: false, status: success, fetchStatus: idle, count: 1} @ http://localhost:8788/app/hooks/tasks/use-tasks.ts:28
[ 2391297ms] [INFO] [cadence:inbox-query] state changed {enabled: true, status: success, fetchStatus: idle, count: 0, error: null} @ http://localhost:8788/app/hooks/inbox/use-inbox.ts:21
[ 2391298ms] [INFO] [cadence:tasks-query] state changed {filters: Object, enabled: false, status: success, fetchStatus: idle, count: 1} @ http://localhost:8788/app/hooks/tasks/use-tasks.ts:28
[ 2391298ms] [INFO] [cadence:inbox-query] state changed {enabled: true, status: success, fetchStatus: idle, count: 0, error: null} @ http://localhost:8788/app/hooks/inbox/use-inbox.ts:21
[ 2391299ms] [INFO] [cadence:tasks-query] state changed {filters: Object, enabled: true, status: success, fetchStatus: idle, count: 1} @ http://localhost:8788/app/hooks/tasks/use-tasks.ts:28
[ 2391301ms] [INFO] [cadence:tasks-query] state changed {filters: Object, enabled: true, status: success, fetchStatus: idle, count: 1} @ http://localhost:8788/app/hooks/tasks/use-tasks.ts:28
[ 2391302ms] [INFO] [cadence:inbox-query] state changed {enabled: true, status: success, fetchStatus: idle, count: 0, error: null} @ http://localhost:8788/app/hooks/inbox/use-inbox.ts:21
[ 2391302ms] [INFO] [cadence:tasks-query] state changed {filters: Object, enabled: true, status: success, fetchStatus: idle, count: 0} @ http://localhost:8788/app/hooks/tasks/use-tasks.ts:28
[ 2391304ms] [INFO] [cadence:tasks-query] state changed {filters: Object, enabled: false, status: success, fetchStatus: idle, count: 1} @ http://localhost:8788/app/hooks/tasks/use-tasks.ts:28
[ 2391304ms] [INFO] [cadence:inbox-query] state changed {enabled: true, status: success, fetchStatus: idle, count: 0, error: null} @ http://localhost:8788/app/hooks/inbox/use-inbox.ts:21
[ 2391304ms] [INFO] [cadence:tasks-query] state changed {filters: Object, enabled: false, status: success, fetchStatus: idle, count: 1} @ http://localhost:8788/app/hooks/tasks/use-tasks.ts:28
[ 2391305ms] [INFO] [cadence:inbox-query] state changed {enabled: true, status: success, fetchStatus: idle, count: 0, error: null} @ http://localhost:8788/app/hooks/inbox/use-inbox.ts:21
[ 2442120ms] [INFO] [cadence:tasks-query] state changed {filters: Object, enabled: true, status: success, fetchStatus: idle, count: 1} @ http://localhost:8788/app/hooks/tasks/use-tasks.ts:28
[ 2442121ms] [INFO] [cadence:tasks-query] state changed {filters: Object, enabled: true, status: success, fetchStatus: idle, count: 0} @ http://localhost:8788/app/hooks/tasks/use-tasks.ts:28
[ 2442121ms] [INFO] [cadence:tasks-query] state changed {filters: Object, enabled: false, status: success, fetchStatus: idle, count: 1} @ http://localhost:8788/app/hooks/tasks/use-tasks.ts:28
[ 2442122ms] [INFO] [cadence:tasks-query] state changed {filters: Object, enabled: false, status: success, fetchStatus: idle, count: 1} @ http://localhost:8788/app/hooks/tasks/use-tasks.ts:28
[ 2442122ms] [INFO] [cadence:tasks-query] state changed {filters: Object, enabled: true, status: success, fetchStatus: idle, count: 1} @ http://localhost:8788/app/hooks/tasks/use-tasks.ts:28
[ 2446919ms] [INFO] [cadence:tasks-query] state changed {filters: Object, enabled: true, status: success, fetchStatus: idle, count: 1} @ http://localhost:8788/app/hooks/tasks/use-tasks.ts:28
[ 2446920ms] [INFO] [cadence:tasks-query] state changed {filters: Object, enabled: true, status: success, fetchStatus: idle, count: 0} @ http://localhost:8788/app/hooks/tasks/use-tasks.ts:28
[ 2446922ms] [INFO] [cadence:tasks-query] state changed {filters: Object, enabled: false, status: success, fetchStatus: idle, count: 1} @ http://localhost:8788/app/hooks/tasks/use-tasks.ts:28
[ 2446922ms] [INFO] [cadence:tasks-query] state changed {filters: Object, enabled: false, status: success, fetchStatus: idle, count: 1} @ http://localhost:8788/app/hooks/tasks/use-tasks.ts:28
[ 2446923ms] [INFO] [cadence:tasks-query] state changed {filters: Object, enabled: true, status: success, fetchStatus: idle, count: 1} @ http://localhost:8788/app/hooks/tasks/use-tasks.ts:28
[ 2455012ms] [INFO] %cDownload the React DevTools for a better development experience: https://react.dev/link/react-devtools font-weight:bold @ http://localhost:8788/node_modules/.vite/deps/react-dom_client.js?v=32f5a6e4:15804
[ 2455755ms] [ERROR] Encountered a script tag while rendering React component. Scripts inside React components are never executed when rendering on the client. Consider using template tag instead (https://developer.mozilla.org/en-US/docs/Web/HTML/Element/template). @ http://localhost:8788/node_modules/.vite/deps/react-dom_client.js?v=32f5a6e4:6614
[ 2455865ms] [INFO] [cadence:tasks-query] state changed {filters: Object, enabled: false, status: pending, fetchStatus: idle, count: null} @ http://localhost:8788/app/hooks/tasks/use-tasks.ts:28
[ 2455868ms] [INFO] [cadence:inbox-query] state changed {enabled: false, status: pending, fetchStatus: idle, count: null, error: null} @ http://localhost:8788/app/hooks/inbox/use-inbox.ts:21
[ 2455868ms] [INFO] [cadence:tasks-query] state changed {filters: Object, enabled: false, status: pending, fetchStatus: idle, count: null} @ http://localhost:8788/app/hooks/tasks/use-tasks.ts:28
[ 2455872ms] [INFO] [cadence:tasks-query] state changed {filters: Object, enabled: false, status: pending, fetchStatus: idle, count: null} @ http://localhost:8788/app/hooks/tasks/use-tasks.ts:28
[ 2455873ms] [INFO] [cadence:inbox-query] state changed {enabled: false, status: pending, fetchStatus: idle, count: null, error: null} @ http://localhost:8788/app/hooks/inbox/use-inbox.ts:21
[ 2455873ms] [INFO] [cadence:tasks-query] state changed {filters: Object, enabled: false, status: pending, fetchStatus: idle, count: null} @ http://localhost:8788/app/hooks/tasks/use-tasks.ts:28
[ 2455934ms] [INFO] [cadence:tasks-query] state changed {filters: Object, enabled: false, status: pending, fetchStatus: idle, count: null} @ http://localhost:8788/app/hooks/tasks/use-tasks.ts:28
[ 2455934ms] [INFO] [cadence:tasks-query] state changed {filters: Object, enabled: false, status: pending, fetchStatus: idle, count: null} @ http://localhost:8788/app/hooks/tasks/use-tasks.ts:28
[ 2456027ms] [INFO] [cadence:tasks-query] state changed {filters: Object, enabled: false, status: success, fetchStatus: idle, count: 1} @ http://localhost:8788/app/hooks/tasks/use-tasks.ts:28
[ 2456028ms] [INFO] [cadence:inbox-query] state changed {enabled: false, status: success, fetchStatus: idle, count: 0, error: null} @ http://localhost:8788/app/hooks/inbox/use-inbox.ts:21
[ 2456029ms] [INFO] [cadence:tasks-query] state changed {filters: Object, enabled: false, status: success, fetchStatus: idle, count: 0} @ http://localhost:8788/app/hooks/tasks/use-tasks.ts:28
[ 2456076ms] [INFO] [cadence:tasks-query] state changed {filters: Object, enabled: false, status: success, fetchStatus: idle, count: 1} @ http://localhost:8788/app/hooks/tasks/use-tasks.ts:28
[ 2456134ms] [INFO] [cadence:tasks-query] state changed {filters: Object, enabled: false, status: success, fetchStatus: idle, count: 1} @ http://localhost:8788/app/hooks/tasks/use-tasks.ts:28
[ 2456135ms] [INFO] [cadence:inbox-query] state changed {enabled: false, status: success, fetchStatus: idle, count: 0, error: null} @ http://localhost:8788/app/hooks/inbox/use-inbox.ts:21
[ 2456135ms] [INFO] [cadence:tasks-query] state changed {filters: Object, enabled: false, status: success, fetchStatus: idle, count: 0} @ http://localhost:8788/app/hooks/tasks/use-tasks.ts:28
[ 2456220ms] [INFO] [cadence:tasks-query] state changed {filters: Object, enabled: true, status: success, fetchStatus: fetching, count: 1} @ http://localhost:8788/app/hooks/tasks/use-tasks.ts:28
[ 2456224ms] [INFO] [cadence:inbox-query] state changed {enabled: true, status: success, fetchStatus: fetching, count: 0, error: null} @ http://localhost:8788/app/hooks/inbox/use-inbox.ts:21
[ 2456226ms] [INFO] [cadence:tasks-query] state changed {filters: Object, enabled: true, status: success, fetchStatus: fetching, count: 0} @ http://localhost:8788/app/hooks/tasks/use-tasks.ts:28
[ 2456228ms] [INFO] [cadence:tasks-query] state changed {filters: Object, enabled: true, status: success, fetchStatus: fetching, count: 1} @ http://localhost:8788/app/hooks/tasks/use-tasks.ts:28
[ 2456229ms] [INFO] [cadence:inbox-query] state changed {enabled: true, status: success, fetchStatus: fetching, count: 0, error: null} @ http://localhost:8788/app/hooks/inbox/use-inbox.ts:21
[ 2456229ms] [INFO] [cadence:tasks-query] state changed {filters: Object, enabled: true, status: success, fetchStatus: fetching, count: 0} @ http://localhost:8788/app/hooks/tasks/use-tasks.ts:28
[ 2456234ms] [INFO] [cadence:tasks-query] state changed {filters: Object, enabled: true, status: success, fetchStatus: fetching, count: 1} @ http://localhost:8788/app/hooks/tasks/use-tasks.ts:28
[ 2456234ms] [INFO] [cadence:inbox-query] state changed {enabled: true, status: success, fetchStatus: fetching, count: 0, error: null} @ http://localhost:8788/app/hooks/inbox/use-inbox.ts:21
[ 2456235ms] [INFO] [cadence:tasks-query] state changed {filters: Object, enabled: true, status: success, fetchStatus: fetching, count: 0} @ http://localhost:8788/app/hooks/tasks/use-tasks.ts:28
[ 2456251ms] [INFO] [cadence:tasks-query] state changed {filters: Object, enabled: true, status: success, fetchStatus: fetching, count: 1} @ http://localhost:8788/app/hooks/tasks/use-tasks.ts:28
[ 2456253ms] [INFO] [cadence:tasks-query] state changed {filters: Object, enabled: true, status: success, fetchStatus: fetching, count: 0} @ http://localhost:8788/app/hooks/tasks/use-tasks.ts:28
[ 2456254ms] [INFO] [cadence:tasks-query] state changed {filters: Object, enabled: true, status: success, fetchStatus: fetching, count: 1} @ http://localhost:8788/app/hooks/tasks/use-tasks.ts:28
[ 2456255ms] [INFO] [cadence:tasks-query] state changed {filters: Object, enabled: true, status: success, fetchStatus: fetching, count: 0} @ http://localhost:8788/app/hooks/tasks/use-tasks.ts:28
[ 2456272ms] [WARNING] Geolocation permission has been blocked as the user has ignored the permission prompt several times. This can be reset in Page Info which can be accessed by clicking the tune icon next to the URL. See https://www.chromestatus.com/feature/6443143280984064 for more information. @ http://localhost:8788/:0
[ 2456499ms] [INFO] [cadence:tasks-query] state changed {filters: Object, enabled: false, status: success, fetchStatus: fetching, count: 1} @ http://localhost:8788/app/hooks/tasks/use-tasks.ts:28
[ 2456500ms] [INFO] [cadence:inbox-query] state changed {enabled: true, status: success, fetchStatus: fetching, count: 0, error: null} @ http://localhost:8788/app/hooks/inbox/use-inbox.ts:21
[ 2456501ms] [INFO] [cadence:tasks-query] state changed {filters: Object, enabled: false, status: success, fetchStatus: fetching, count: 1} @ http://localhost:8788/app/hooks/tasks/use-tasks.ts:28
[ 2456501ms] [INFO] [cadence:inbox-query] state changed {enabled: true, status: success, fetchStatus: fetching, count: 0, error: null} @ http://localhost:8788/app/hooks/inbox/use-inbox.ts:21
[ 2456502ms] [INFO] [cadence:tasks-query] state changed {filters: Object, enabled: false, status: success, fetchStatus: fetching, count: 1} @ http://localhost:8788/app/hooks/tasks/use-tasks.ts:28
[ 2456502ms] [INFO] [cadence:inbox-query] state changed {enabled: true, status: success, fetchStatus: fetching, count: 0, error: null} @ http://localhost:8788/app/hooks/inbox/use-inbox.ts:21
[ 2456503ms] [INFO] [cadence:tasks-query] state changed {filters: Object, enabled: false, status: success, fetchStatus: fetching, count: 1} @ http://localhost:8788/app/hooks/tasks/use-tasks.ts:28
[ 2456503ms] [INFO] [cadence:inbox-query] state changed {enabled: true, status: success, fetchStatus: fetching, count: 0, error: null} @ http://localhost:8788/app/hooks/inbox/use-inbox.ts:21
[ 2456641ms] [INFO] [cadence:tasks-query] state changed {filters: Object, enabled: true, status: success, fetchStatus: fetching, count: 1} @ http://localhost:8788/app/hooks/tasks/use-tasks.ts:28
[ 2457092ms] [INFO] [cadence:tasks-query] state changed {filters: Object, enabled: true, status: success, fetchStatus: fetching, count: 1} @ http://localhost:8788/app/hooks/tasks/use-tasks.ts:28
[ 2457093ms] [INFO] [cadence:inbox-query] state changed {enabled: true, status: success, fetchStatus: idle, count: 0, error: null} @ http://localhost:8788/app/hooks/inbox/use-inbox.ts:21
[ 2457094ms] [INFO] [cadence:tasks-query] state changed {filters: Object, enabled: true, status: success, fetchStatus: fetching, count: 0} @ http://localhost:8788/app/hooks/tasks/use-tasks.ts:28
[ 2457094ms] [INFO] [cadence:tasks-query] state changed {filters: Object, enabled: false, status: success, fetchStatus: fetching, count: 1} @ http://localhost:8788/app/hooks/tasks/use-tasks.ts:28
[ 2457095ms] [INFO] [cadence:inbox-query] state changed {enabled: true, status: success, fetchStatus: idle, count: 0, error: null} @ http://localhost:8788/app/hooks/inbox/use-inbox.ts:21
[ 2457096ms] [INFO] [cadence:tasks-query] state changed {filters: Object, enabled: false, status: success, fetchStatus: fetching, count: 1} @ http://localhost:8788/app/hooks/tasks/use-tasks.ts:28
[ 2457096ms] [INFO] [cadence:inbox-query] state changed {enabled: true, status: success, fetchStatus: idle, count: 0, error: null} @ http://localhost:8788/app/hooks/inbox/use-inbox.ts:21
[ 2457097ms] [INFO] [cadence:tasks-query] state changed {filters: Object, enabled: true, status: success, fetchStatus: fetching, count: 1} @ http://localhost:8788/app/hooks/tasks/use-tasks.ts:28
[ 2457098ms] [INFO] [cadence:inbox-query] state changed {enabled: true, status: success, fetchStatus: idle, count: 0, error: null} @ http://localhost:8788/app/hooks/inbox/use-inbox.ts:21
[ 2457098ms] [INFO] [cadence:tasks-query] state changed {filters: Object, enabled: true, status: success, fetchStatus: fetching, count: 0} @ http://localhost:8788/app/hooks/tasks/use-tasks.ts:28
[ 2457148ms] [INFO] [cadence:tasks-query] state changed {filters: Object, enabled: true, status: success, fetchStatus: idle, count: 1} @ http://localhost:8788/app/hooks/tasks/use-tasks.ts:28
[ 2457149ms] [INFO] [cadence:tasks-query] state changed {filters: Object, enabled: true, status: success, fetchStatus: fetching, count: 0} @ http://localhost:8788/app/hooks/tasks/use-tasks.ts:28
[ 2457150ms] [INFO] [cadence:tasks-query] state changed {filters: Object, enabled: false, status: success, fetchStatus: idle, count: 1} @ http://localhost:8788/app/hooks/tasks/use-tasks.ts:28
[ 2457151ms] [INFO] [cadence:tasks-query] state changed {filters: Object, enabled: false, status: success, fetchStatus: idle, count: 1} @ http://localhost:8788/app/hooks/tasks/use-tasks.ts:28
[ 2457152ms] [INFO] [cadence:tasks-query] state changed {filters: Object, enabled: true, status: success, fetchStatus: idle, count: 1} @ http://localhost:8788/app/hooks/tasks/use-tasks.ts:28
[ 2457533ms] [INFO] [cadence:tasks-query] state changed {filters: Object, enabled: true, status: success, fetchStatus: idle, count: 1} @ http://localhost:8788/app/hooks/tasks/use-tasks.ts:28
[ 2457688ms] [INFO] [cadence:tasks-query] state changed {filters: Object, enabled: true, status: success, fetchStatus: idle, count: 1} @ http://localhost:8788/app/hooks/tasks/use-tasks.ts:28
[ 2457689ms] [INFO] [cadence:tasks-query] state changed {filters: Object, enabled: true, status: success, fetchStatus: idle, count: 0} @ http://localhost:8788/app/hooks/tasks/use-tasks.ts:28
[ 2460690ms] [INFO] [cadence:tasks-query] state changed {filters: Object, enabled: true, status: success, fetchStatus: idle, count: 1} @ http://localhost:8788/app/hooks/tasks/use-tasks.ts:28
[ 2460691ms] [INFO] [cadence:inbox-query] state changed {enabled: true, status: success, fetchStatus: idle, count: 0, error: null} @ http://localhost:8788/app/hooks/inbox/use-inbox.ts:21
[ 2460692ms] [INFO] [cadence:tasks-query] state changed {filters: Object, enabled: true, status: success, fetchStatus: idle, count: 0} @ http://localhost:8788/app/hooks/tasks/use-tasks.ts:28
[ 2460696ms] [INFO] [cadence:tasks-query] state changed {filters: Object, enabled: false, status: success, fetchStatus: idle, count: 1} @ http://localhost:8788/app/hooks/tasks/use-tasks.ts:28
[ 2460697ms] [INFO] [cadence:inbox-query] state changed {enabled: true, status: success, fetchStatus: idle, count: 0, error: null} @ http://localhost:8788/app/hooks/inbox/use-inbox.ts:21
[ 2460701ms] [INFO] [cadence:tasks-query] state changed {filters: Object, enabled: false, status: success, fetchStatus: idle, count: 1} @ http://localhost:8788/app/hooks/tasks/use-tasks.ts:28
[ 2460702ms] [INFO] [cadence:inbox-query] state changed {enabled: true, status: success, fetchStatus: idle, count: 0, error: null} @ http://localhost:8788/app/hooks/inbox/use-inbox.ts:21
[ 2460702ms] [INFO] [cadence:tasks-query] state changed {filters: Object, enabled: true, status: success, fetchStatus: idle, count: 1} @ http://localhost:8788/app/hooks/tasks/use-tasks.ts:28
[ 2460707ms] [INFO] [cadence:tasks-query] state changed {filters: Object, enabled: true, status: success, fetchStatus: idle, count: 1} @ http://localhost:8788/app/hooks/tasks/use-tasks.ts:28
[ 2460707ms] [INFO] [cadence:inbox-query] state changed {enabled: true, status: success, fetchStatus: idle, count: 0, error: null} @ http://localhost:8788/app/hooks/inbox/use-inbox.ts:21
[ 2460708ms] [INFO] [cadence:tasks-query] state changed {filters: Object, enabled: true, status: success, fetchStatus: idle, count: 0} @ http://localhost:8788/app/hooks/tasks/use-tasks.ts:28
[ 2460710ms] [INFO] [cadence:tasks-query] state changed {filters: Object, enabled: false, status: success, fetchStatus: idle, count: 1} @ http://localhost:8788/app/hooks/tasks/use-tasks.ts:28
[ 2460710ms] [INFO] [cadence:inbox-query] state changed {enabled: true, status: success, fetchStatus: idle, count: 0, error: null} @ http://localhost:8788/app/hooks/inbox/use-inbox.ts:21
[ 2460711ms] [INFO] [cadence:tasks-query] state changed {filters: Object, enabled: false, status: success, fetchStatus: idle, count: 1} @ http://localhost:8788/app/hooks/tasks/use-tasks.ts:28
[ 2460711ms] [INFO] [cadence:inbox-query] state changed {enabled: true, status: success, fetchStatus: idle, count: 0, error: null} @ http://localhost:8788/app/hooks/inbox/use-inbox.ts:21
[ 2511357ms] [INFO] [cadence:tasks-query] state changed {filters: Object, enabled: true, status: success, fetchStatus: idle, count: 1} @ http://localhost:8788/app/hooks/tasks/use-tasks.ts:28
[ 2511359ms] [INFO] [cadence:tasks-query] state changed {filters: Object, enabled: true, status: success, fetchStatus: idle, count: 0} @ http://localhost:8788/app/hooks/tasks/use-tasks.ts:28
[ 2511360ms] [INFO] [cadence:tasks-query] state changed {filters: Object, enabled: false, status: success, fetchStatus: idle, count: 1} @ http://localhost:8788/app/hooks/tasks/use-tasks.ts:28
[ 2511361ms] [INFO] [cadence:tasks-query] state changed {filters: Object, enabled: false, status: success, fetchStatus: idle, count: 1} @ http://localhost:8788/app/hooks/tasks/use-tasks.ts:28
[ 2511361ms] [INFO] [cadence:tasks-query] state changed {filters: Object, enabled: true, status: success, fetchStatus: idle, count: 1} @ http://localhost:8788/app/hooks/tasks/use-tasks.ts:28
[ 2516194ms] [INFO] [cadence:tasks-query] state changed {filters: Object, enabled: true, status: success, fetchStatus: idle, count: 1} @ http://localhost:8788/app/hooks/tasks/use-tasks.ts:28
[ 2516196ms] [INFO] [cadence:tasks-query] state changed {filters: Object, enabled: true, status: success, fetchStatus: idle, count: 0} @ http://localhost:8788/app/hooks/tasks/use-tasks.ts:28
[ 2516196ms] [INFO] [cadence:tasks-query] state changed {filters: Object, enabled: false, status: success, fetchStatus: idle, count: 1} @ http://localhost:8788/app/hooks/tasks/use-tasks.ts:28
[ 2516197ms] [INFO] [cadence:tasks-query] state changed {filters: Object, enabled: false, status: success, fetchStatus: idle, count: 1} @ http://localhost:8788/app/hooks/tasks/use-tasks.ts:28
[ 2516197ms] [INFO] [cadence:tasks-query] state changed {filters: Object, enabled: true, status: success, fetchStatus: idle, count: 1} @ http://localhost:8788/app/hooks/tasks/use-tasks.ts:28
[ 2528211ms] [INFO] [cadence:tasks-query] state changed {filters: Object, enabled: true, status: success, fetchStatus: idle, count: 1} @ http://localhost:8788/app/hooks/tasks/use-tasks.ts:28
[ 2528213ms] [INFO] [cadence:tasks-query] state changed {filters: Object, enabled: true, status: success, fetchStatus: idle, count: 0} @ http://localhost:8788/app/hooks/tasks/use-tasks.ts:28
[ 2528215ms] [INFO] [cadence:tasks-query] state changed {filters: Object, enabled: false, status: success, fetchStatus: idle, count: 1} @ http://localhost:8788/app/hooks/tasks/use-tasks.ts:28
[ 2528216ms] [INFO] [cadence:tasks-query] state changed {filters: Object, enabled: false, status: success, fetchStatus: idle, count: 1} @ http://localhost:8788/app/hooks/tasks/use-tasks.ts:28
[ 2528218ms] [INFO] [cadence:tasks-query] state changed {filters: Object, enabled: true, status: success, fetchStatus: idle, count: 1} @ http://localhost:8788/app/hooks/tasks/use-tasks.ts:28
[ 2528284ms] [INFO] [cadence:tasks-query] state changed {filters: Object, enabled: true, status: success, fetchStatus: fetching, count: 1} @ http://localhost:8788/app/hooks/tasks/use-tasks.ts:28
[ 2528285ms] [INFO] [cadence:tasks-query] state changed {filters: Object, enabled: true, status: success, fetchStatus: idle, count: 0} @ http://localhost:8788/app/hooks/tasks/use-tasks.ts:28
[ 2528286ms] [INFO] [cadence:tasks-query] state changed {filters: Object, enabled: false, status: success, fetchStatus: fetching, count: 1} @ http://localhost:8788/app/hooks/tasks/use-tasks.ts:28
[ 2528286ms] [INFO] [cadence:tasks-query] state changed {filters: Object, enabled: false, status: success, fetchStatus: fetching, count: 1} @ http://localhost:8788/app/hooks/tasks/use-tasks.ts:28
[ 2528287ms] [INFO] [cadence:tasks-query] state changed {filters: Object, enabled: true, status: success, fetchStatus: fetching, count: 1} @ http://localhost:8788/app/hooks/tasks/use-tasks.ts:28
[ 2528462ms] [INFO] [cadence:tasks-query] state changed {filters: Object, enabled: true, status: success, fetchStatus: fetching, count: 1} @ http://localhost:8788/app/hooks/tasks/use-tasks.ts:28
[ 2528464ms] [INFO] [cadence:tasks-query] state changed {filters: Object, enabled: true, status: success, fetchStatus: idle, count: 0} @ http://localhost:8788/app/hooks/tasks/use-tasks.ts:28
[ 2528465ms] [INFO] [cadence:tasks-query] state changed {filters: Object, enabled: false, status: success, fetchStatus: fetching, count: 1} @ http://localhost:8788/app/hooks/tasks/use-tasks.ts:28
[ 2528466ms] [INFO] [cadence:tasks-query] state changed {filters: Object, enabled: false, status: success, fetchStatus: fetching, count: 1} @ http://localhost:8788/app/hooks/tasks/use-tasks.ts:28
[ 2528469ms] [INFO] [cadence:tasks-query] state changed {filters: Object, enabled: true, status: success, fetchStatus: fetching, count: 1} @ http://localhost:8788/app/hooks/tasks/use-tasks.ts:28
[ 2528469ms] [INFO] [cadence:tasks-query] state changed {filters: Object, enabled: true, status: success, fetchStatus: idle, count: 0} @ http://localhost:8788/app/hooks/tasks/use-tasks.ts:28
[ 2529118ms] [INFO] [cadence:tasks-query] state changed {filters: Object, enabled: true, status: success, fetchStatus: idle, count: 1} @ http://localhost:8788/app/hooks/tasks/use-tasks.ts:28
[ 2529119ms] [INFO] [cadence:tasks-query] state changed {filters: Object, enabled: true, status: success, fetchStatus: idle, count: 0} @ http://localhost:8788/app/hooks/tasks/use-tasks.ts:28
[ 2529120ms] [INFO] [cadence:tasks-query] state changed {filters: Object, enabled: false, status: success, fetchStatus: idle, count: 1} @ http://localhost:8788/app/hooks/tasks/use-tasks.ts:28
[ 2529120ms] [INFO] [cadence:tasks-query] state changed {filters: Object, enabled: false, status: success, fetchStatus: idle, count: 1} @ http://localhost:8788/app/hooks/tasks/use-tasks.ts:28
[ 2529121ms] [INFO] [cadence:tasks-query] state changed {filters: Object, enabled: true, status: success, fetchStatus: idle, count: 1} @ http://localhost:8788/app/hooks/tasks/use-tasks.ts:28
[ 2566967ms] [INFO] [cadence:tasks-query] state changed {filters: Object, enabled: true, status: success, fetchStatus: idle, count: 1} @ http://localhost:8788/app/hooks/tasks/use-tasks.ts:28
[ 2566968ms] [INFO] [cadence:tasks-query] state changed {filters: Object, enabled: true, status: success, fetchStatus: idle, count: 0} @ http://localhost:8788/app/hooks/tasks/use-tasks.ts:28
[ 2566969ms] [INFO] [cadence:tasks-query] state changed {filters: Object, enabled: false, status: success, fetchStatus: idle, count: 1} @ http://localhost:8788/app/hooks/tasks/use-tasks.ts:28
[ 2566969ms] [INFO] [cadence:tasks-query] state changed {filters: Object, enabled: false, status: success, fetchStatus: idle, count: 1} @ http://localhost:8788/app/hooks/tasks/use-tasks.ts:28
[ 2566970ms] [INFO] [cadence:tasks-query] state changed {filters: Object, enabled: true, status: success, fetchStatus: idle, count: 1} @ http://localhost:8788/app/hooks/tasks/use-tasks.ts:28
[ 2571805ms] [INFO] [cadence:tasks-query] state changed {filters: Object, enabled: true, status: success, fetchStatus: idle, count: 1} @ http://localhost:8788/app/hooks/tasks/use-tasks.ts:28
[ 2571806ms] [INFO] [cadence:tasks-query] state changed {filters: Object, enabled: true, status: success, fetchStatus: idle, count: 0} @ http://localhost:8788/app/hooks/tasks/use-tasks.ts:28
[ 2571807ms] [INFO] [cadence:tasks-query] state changed {filters: Object, enabled: false, status: success, fetchStatus: idle, count: 1} @ http://localhost:8788/app/hooks/tasks/use-tasks.ts:28
[ 2571807ms] [INFO] [cadence:tasks-query] state changed {filters: Object, enabled: false, status: success, fetchStatus: idle, count: 1} @ http://localhost:8788/app/hooks/tasks/use-tasks.ts:28
[ 2571808ms] [INFO] [cadence:tasks-query] state changed {filters: Object, enabled: true, status: success, fetchStatus: idle, count: 1} @ http://localhost:8788/app/hooks/tasks/use-tasks.ts:28
[ 2613297ms] [INFO] [cadence:tasks-query] state changed {filters: Object, enabled: true, status: success, fetchStatus: idle, count: 1} @ http://localhost:8788/app/hooks/tasks/use-tasks.ts:28
[ 2613298ms] [INFO] [cadence:tasks-query] state changed {filters: Object, enabled: true, status: success, fetchStatus: idle, count: 0} @ http://localhost:8788/app/hooks/tasks/use-tasks.ts:28
[ 2613299ms] [INFO] [cadence:tasks-query] state changed {filters: Object, enabled: false, status: success, fetchStatus: idle, count: 1} @ http://localhost:8788/app/hooks/tasks/use-tasks.ts:28
[ 2613300ms] [INFO] [cadence:tasks-query] state changed {filters: Object, enabled: false, status: success, fetchStatus: idle, count: 1} @ http://localhost:8788/app/hooks/tasks/use-tasks.ts:28
[ 2613303ms] [INFO] [cadence:tasks-query] state changed {filters: Object, enabled: true, status: success, fetchStatus: idle, count: 1} @ http://localhost:8788/app/hooks/tasks/use-tasks.ts:28
[ 2613351ms] [INFO] [cadence:tasks-query] state changed {filters: Object, enabled: true, status: success, fetchStatus: fetching, count: 1} @ http://localhost:8788/app/hooks/tasks/use-tasks.ts:28
[ 2613353ms] [INFO] [cadence:tasks-query] state changed {filters: Object, enabled: true, status: success, fetchStatus: idle, count: 0} @ http://localhost:8788/app/hooks/tasks/use-tasks.ts:28
[ 2613354ms] [INFO] [cadence:tasks-query] state changed {filters: Object, enabled: false, status: success, fetchStatus: fetching, count: 1} @ http://localhost:8788/app/hooks/tasks/use-tasks.ts:28
[ 2613355ms] [INFO] [cadence:tasks-query] state changed {filters: Object, enabled: false, status: success, fetchStatus: fetching, count: 1} @ http://localhost:8788/app/hooks/tasks/use-tasks.ts:28
[ 2613356ms] [INFO] [cadence:tasks-query] state changed {filters: Object, enabled: true, status: success, fetchStatus: fetching, count: 1} @ http://localhost:8788/app/hooks/tasks/use-tasks.ts:28
[ 2613440ms] [INFO] [cadence:tasks-query] state changed {filters: Object, enabled: true, status: success, fetchStatus: fetching, count: 1} @ http://localhost:8788/app/hooks/tasks/use-tasks.ts:28
[ 2613442ms] [INFO] [cadence:tasks-query] state changed {filters: Object, enabled: true, status: success, fetchStatus: idle, count: 0} @ http://localhost:8788/app/hooks/tasks/use-tasks.ts:28
[ 2613443ms] [INFO] [cadence:tasks-query] state changed {filters: Object, enabled: false, status: success, fetchStatus: fetching, count: 1} @ http://localhost:8788/app/hooks/tasks/use-tasks.ts:28
[ 2613444ms] [INFO] [cadence:tasks-query] state changed {filters: Object, enabled: false, status: success, fetchStatus: fetching, count: 1} @ http://localhost:8788/app/hooks/tasks/use-tasks.ts:28
[ 2613444ms] [INFO] [cadence:tasks-query] state changed {filters: Object, enabled: true, status: success, fetchStatus: fetching, count: 1} @ http://localhost:8788/app/hooks/tasks/use-tasks.ts:28
[ 2613445ms] [INFO] [cadence:tasks-query] state changed {filters: Object, enabled: true, status: success, fetchStatus: idle, count: 0} @ http://localhost:8788/app/hooks/tasks/use-tasks.ts:28
[ 2614207ms] [INFO] [cadence:tasks-query] state changed {filters: Object, enabled: true, status: success, fetchStatus: idle, count: 1} @ http://localhost:8788/app/hooks/tasks/use-tasks.ts:28
[ 2614208ms] [INFO] [cadence:tasks-query] state changed {filters: Object, enabled: true, status: success, fetchStatus: idle, count: 0} @ http://localhost:8788/app/hooks/tasks/use-tasks.ts:28
[ 2614209ms] [INFO] [cadence:tasks-query] state changed {filters: Object, enabled: false, status: success, fetchStatus: idle, count: 1} @ http://localhost:8788/app/hooks/tasks/use-tasks.ts:28
[ 2614210ms] [INFO] [cadence:tasks-query] state changed {filters: Object, enabled: false, status: success, fetchStatus: idle, count: 1} @ http://localhost:8788/app/hooks/tasks/use-tasks.ts:28
[ 2614211ms] [INFO] [cadence:tasks-query] state changed {filters: Object, enabled: true, status: success, fetchStatus: idle, count: 1} @ http://localhost:8788/app/hooks/tasks/use-tasks.ts:28
[ 2617216ms] [WARNING] The resource http://localhost:8788/app/app.css was preloaded using link preload but not used within a few seconds from the window's load event. Please make sure it has an appropriate `as` value and it is preloaded intentionally. @ http://localhost:8788/:0
[ 2622477ms] [INFO] [cadence:tasks-query] state changed {filters: Object, enabled: true, status: success, fetchStatus: idle, count: 1} @ http://localhost:8788/app/hooks/tasks/use-tasks.ts:28
[ 2622478ms] [INFO] [cadence:tasks-query] state changed {filters: Object, enabled: true, status: success, fetchStatus: idle, count: 0} @ http://localhost:8788/app/hooks/tasks/use-tasks.ts:28
[ 2622479ms] [INFO] [cadence:tasks-query] state changed {filters: Object, enabled: false, status: success, fetchStatus: idle, count: 1} @ http://localhost:8788/app/hooks/tasks/use-tasks.ts:28
[ 2622480ms] [INFO] [cadence:tasks-query] state changed {filters: Object, enabled: false, status: success, fetchStatus: idle, count: 1} @ http://localhost:8788/app/hooks/tasks/use-tasks.ts:28
[ 2622480ms] [INFO] [cadence:tasks-query] state changed {filters: Object, enabled: true, status: success, fetchStatus: idle, count: 1} @ http://localhost:8788/app/hooks/tasks/use-tasks.ts:28
[ 2623374ms] [INFO] %cDownload the React DevTools for a better development experience: https://react.dev/link/react-devtools font-weight:bold @ http://localhost:8788/node_modules/.vite/deps/react-dom_client.js?v=32f5a6e4:15804
[ 2624196ms] [ERROR] Encountered a script tag while rendering React component. Scripts inside React components are never executed when rendering on the client. Consider using template tag instead (https://developer.mozilla.org/en-US/docs/Web/HTML/Element/template). @ http://localhost:8788/node_modules/.vite/deps/react-dom_client.js?v=32f5a6e4:6614
[ 2624356ms] [INFO] [cadence:tasks-query] state changed {filters: Object, enabled: false, status: pending, fetchStatus: idle, count: null} @ http://localhost:8788/app/hooks/tasks/use-tasks.ts:28
[ 2624359ms] [INFO] [cadence:inbox-query] state changed {enabled: false, status: pending, fetchStatus: idle, count: null, error: null} @ http://localhost:8788/app/hooks/inbox/use-inbox.ts:21
[ 2624360ms] [INFO] [cadence:tasks-query] state changed {filters: Object, enabled: false, status: pending, fetchStatus: idle, count: null} @ http://localhost:8788/app/hooks/tasks/use-tasks.ts:28
[ 2624364ms] [INFO] [cadence:tasks-query] state changed {filters: Object, enabled: false, status: pending, fetchStatus: idle, count: null} @ http://localhost:8788/app/hooks/tasks/use-tasks.ts:28
[ 2624365ms] [INFO] [cadence:inbox-query] state changed {enabled: false, status: pending, fetchStatus: idle, count: null, error: null} @ http://localhost:8788/app/hooks/inbox/use-inbox.ts:21
[ 2624366ms] [INFO] [cadence:tasks-query] state changed {filters: Object, enabled: false, status: pending, fetchStatus: idle, count: null} @ http://localhost:8788/app/hooks/tasks/use-tasks.ts:28
[ 2624431ms] [INFO] [cadence:tasks-query] state changed {filters: Object, enabled: false, status: pending, fetchStatus: idle, count: null} @ http://localhost:8788/app/hooks/tasks/use-tasks.ts:28
[ 2624432ms] [INFO] [cadence:tasks-query] state changed {filters: Object, enabled: false, status: pending, fetchStatus: idle, count: null} @ http://localhost:8788/app/hooks/tasks/use-tasks.ts:28
[ 2624518ms] [INFO] [cadence:tasks-query] state changed {filters: Object, enabled: false, status: pending, fetchStatus: idle, count: null} @ http://localhost:8788/app/hooks/tasks/use-tasks.ts:28
[ 2624519ms] [INFO] [cadence:inbox-query] state changed {enabled: false, status: pending, fetchStatus: idle, count: null, error: null} @ http://localhost:8788/app/hooks/inbox/use-inbox.ts:21
[ 2624519ms] [INFO] [cadence:tasks-query] state changed {filters: Object, enabled: false, status: pending, fetchStatus: idle, count: null} @ http://localhost:8788/app/hooks/tasks/use-tasks.ts:28
[ 2624606ms] [INFO] [cadence:tasks-query] state changed {filters: Object, enabled: true, status: pending, fetchStatus: idle, count: null} @ http://localhost:8788/app/hooks/tasks/use-tasks.ts:28
[ 2624610ms] [INFO] [cadence:inbox-query] state changed {enabled: true, status: pending, fetchStatus: idle, count: null, error: null} @ http://localhost:8788/app/hooks/inbox/use-inbox.ts:21
[ 2624610ms] [INFO] [cadence:tasks-query] state changed {filters: Object, enabled: true, status: pending, fetchStatus: idle, count: null} @ http://localhost:8788/app/hooks/tasks/use-tasks.ts:28
[ 2624612ms] [INFO] [cadence:tasks-query] state changed {filters: Object, enabled: true, status: pending, fetchStatus: idle, count: null} @ http://localhost:8788/app/hooks/tasks/use-tasks.ts:28
[ 2624613ms] [INFO] [cadence:inbox-query] state changed {enabled: true, status: pending, fetchStatus: idle, count: null, error: null} @ http://localhost:8788/app/hooks/inbox/use-inbox.ts:21
[ 2624614ms] [INFO] [cadence:tasks-query] state changed {filters: Object, enabled: true, status: pending, fetchStatus: idle, count: null} @ http://localhost:8788/app/hooks/tasks/use-tasks.ts:28
[ 2624616ms] [INFO] [cadence:tasks-query] state changed {filters: Object, enabled: true, status: pending, fetchStatus: idle, count: null} @ http://localhost:8788/app/hooks/tasks/use-tasks.ts:28
[ 2624617ms] [INFO] [cadence:inbox-query] state changed {enabled: true, status: pending, fetchStatus: idle, count: null, error: null} @ http://localhost:8788/app/hooks/inbox/use-inbox.ts:21
[ 2624617ms] [INFO] [cadence:tasks-query] state changed {filters: Object, enabled: true, status: pending, fetchStatus: idle, count: null} @ http://localhost:8788/app/hooks/tasks/use-tasks.ts:28
[ 2624645ms] [WARNING] Geolocation permission has been blocked as the user has ignored the permission prompt several times. This can be reset in Page Info which can be accessed by clicking the tune icon next to the URL. See https://www.chromestatus.com/feature/6443143280984064 for more information. @ http://localhost:8788/:0
[ 2624697ms] [INFO] [cadence:tasks-query] state changed {filters: Object, enabled: true, status: success, fetchStatus: idle, count: 1} @ http://localhost:8788/app/hooks/tasks/use-tasks.ts:28
[ 2624700ms] [INFO] [cadence:inbox-query] state changed {enabled: true, status: success, fetchStatus: fetching, count: 0, error: null} @ http://localhost:8788/app/hooks/inbox/use-inbox.ts:21
[ 2624700ms] [INFO] [cadence:tasks-query] state changed {filters: Object, enabled: true, status: success, fetchStatus: fetching, count: 0} @ http://localhost:8788/app/hooks/tasks/use-tasks.ts:28
[ 2624702ms] [INFO] [cadence:tasks-query] state changed {filters: Object, enabled: true, status: success, fetchStatus: idle, count: 1} @ http://localhost:8788/app/hooks/tasks/use-tasks.ts:28
[ 2624703ms] [INFO] [cadence:inbox-query] state changed {enabled: true, status: success, fetchStatus: fetching, count: 0, error: null} @ http://localhost:8788/app/hooks/inbox/use-inbox.ts:21
[ 2624703ms] [INFO] [cadence:tasks-query] state changed {filters: Object, enabled: true, status: success, fetchStatus: fetching, count: 0} @ http://localhost:8788/app/hooks/tasks/use-tasks.ts:28
[ 2624737ms] [INFO] [cadence:tasks-query] state changed {filters: Object, enabled: true, status: success, fetchStatus: idle, count: 1} @ http://localhost:8788/app/hooks/tasks/use-tasks.ts:28
[ 2624738ms] [INFO] [cadence:tasks-query] state changed {filters: Object, enabled: true, status: success, fetchStatus: fetching, count: 0} @ http://localhost:8788/app/hooks/tasks/use-tasks.ts:28
[ 2624739ms] [INFO] [cadence:tasks-query] state changed {filters: Object, enabled: true, status: success, fetchStatus: idle, count: 1} @ http://localhost:8788/app/hooks/tasks/use-tasks.ts:28
[ 2624740ms] [INFO] [cadence:tasks-query] state changed {filters: Object, enabled: true, status: success, fetchStatus: fetching, count: 0} @ http://localhost:8788/app/hooks/tasks/use-tasks.ts:28
[ 2624887ms] [INFO] [cadence:tasks-query] state changed {filters: Object, enabled: false, status: success, fetchStatus: idle, count: 1} @ http://localhost:8788/app/hooks/tasks/use-tasks.ts:28
[ 2624888ms] [INFO] [cadence:inbox-query] state changed {enabled: true, status: success, fetchStatus: fetching, count: 0, error: null} @ http://localhost:8788/app/hooks/inbox/use-inbox.ts:21
[ 2624889ms] [INFO] [cadence:tasks-query] state changed {filters: Object, enabled: false, status: success, fetchStatus: idle, count: 1} @ http://localhost:8788/app/hooks/tasks/use-tasks.ts:28
[ 2624889ms] [INFO] [cadence:inbox-query] state changed {enabled: true, status: success, fetchStatus: fetching, count: 0, error: null} @ http://localhost:8788/app/hooks/inbox/use-inbox.ts:21
[ 2624890ms] [INFO] [cadence:tasks-query] state changed {filters: Object, enabled: false, status: success, fetchStatus: idle, count: 1} @ http://localhost:8788/app/hooks/tasks/use-tasks.ts:28
[ 2624890ms] [INFO] [cadence:inbox-query] state changed {enabled: true, status: success, fetchStatus: fetching, count: 0, error: null} @ http://localhost:8788/app/hooks/inbox/use-inbox.ts:21
[ 2624891ms] [INFO] [cadence:tasks-query] state changed {filters: Object, enabled: false, status: success, fetchStatus: idle, count: 1} @ http://localhost:8788/app/hooks/tasks/use-tasks.ts:28
[ 2624891ms] [INFO] [cadence:inbox-query] state changed {enabled: true, status: success, fetchStatus: fetching, count: 0, error: null} @ http://localhost:8788/app/hooks/inbox/use-inbox.ts:21
[ 2624977ms] [INFO] [cadence:tasks-query] state changed {filters: Object, enabled: true, status: success, fetchStatus: idle, count: 1} @ http://localhost:8788/app/hooks/tasks/use-tasks.ts:28
[ 2625474ms] [INFO] [cadence:tasks-query] state changed {filters: Object, enabled: true, status: success, fetchStatus: idle, count: 1} @ http://localhost:8788/app/hooks/tasks/use-tasks.ts:28
[ 2625476ms] [INFO] [cadence:inbox-query] state changed {enabled: true, status: success, fetchStatus: idle, count: 0, error: null} @ http://localhost:8788/app/hooks/inbox/use-inbox.ts:21
[ 2625476ms] [INFO] [cadence:tasks-query] state changed {filters: Object, enabled: true, status: success, fetchStatus: fetching, count: 0} @ http://localhost:8788/app/hooks/tasks/use-tasks.ts:28
[ 2625477ms] [INFO] [cadence:tasks-query] state changed {filters: Object, enabled: false, status: success, fetchStatus: idle, count: 1} @ http://localhost:8788/app/hooks/tasks/use-tasks.ts:28
[ 2625478ms] [INFO] [cadence:inbox-query] state changed {enabled: true, status: success, fetchStatus: idle, count: 0, error: null} @ http://localhost:8788/app/hooks/inbox/use-inbox.ts:21
[ 2625479ms] [INFO] [cadence:tasks-query] state changed {filters: Object, enabled: false, status: success, fetchStatus: idle, count: 1} @ http://localhost:8788/app/hooks/tasks/use-tasks.ts:28
[ 2625479ms] [INFO] [cadence:inbox-query] state changed {enabled: true, status: success, fetchStatus: idle, count: 0, error: null} @ http://localhost:8788/app/hooks/inbox/use-inbox.ts:21
[ 2625480ms] [INFO] [cadence:tasks-query] state changed {filters: Object, enabled: true, status: success, fetchStatus: idle, count: 1} @ http://localhost:8788/app/hooks/tasks/use-tasks.ts:28
[ 2625480ms] [INFO] [cadence:inbox-query] state changed {enabled: true, status: success, fetchStatus: idle, count: 0, error: null} @ http://localhost:8788/app/hooks/inbox/use-inbox.ts:21
[ 2625481ms] [INFO] [cadence:tasks-query] state changed {filters: Object, enabled: true, status: success, fetchStatus: fetching, count: 0} @ http://localhost:8788/app/hooks/tasks/use-tasks.ts:28
[ 2625558ms] [INFO] [cadence:tasks-query] state changed {filters: Object, enabled: true, status: success, fetchStatus: idle, count: 1} @ http://localhost:8788/app/hooks/tasks/use-tasks.ts:28
[ 2625559ms] [INFO] [cadence:tasks-query] state changed {filters: Object, enabled: true, status: success, fetchStatus: idle, count: 0} @ http://localhost:8788/app/hooks/tasks/use-tasks.ts:28
[ 2625560ms] [INFO] [cadence:tasks-query] state changed {filters: Object, enabled: false, status: success, fetchStatus: idle, count: 1} @ http://localhost:8788/app/hooks/tasks/use-tasks.ts:28
[ 2625561ms] [INFO] [cadence:tasks-query] state changed {filters: Object, enabled: false, status: success, fetchStatus: idle, count: 1} @ http://localhost:8788/app/hooks/tasks/use-tasks.ts:28
[ 2625561ms] [INFO] [cadence:tasks-query] state changed {filters: Object, enabled: true, status: success, fetchStatus: idle, count: 1} @ http://localhost:8788/app/hooks/tasks/use-tasks.ts:28
[ 2625562ms] [INFO] [cadence:tasks-query] state changed {filters: Object, enabled: true, status: success, fetchStatus: idle, count: 0} @ http://localhost:8788/app/hooks/tasks/use-tasks.ts:28
[ 2625874ms] [INFO] [cadence:tasks-query] state changed {filters: Object, enabled: true, status: success, fetchStatus: idle, count: 1} @ http://localhost:8788/app/hooks/tasks/use-tasks.ts:28
[ 2628359ms] [INFO] [cadence:tasks-query] state changed {filters: Object, enabled: true, status: success, fetchStatus: idle, count: 1} @ http://localhost:8788/app/hooks/tasks/use-tasks.ts:28
[ 2628360ms] [INFO] [cadence:inbox-query] state changed {enabled: true, status: success, fetchStatus: idle, count: 0, error: null} @ http://localhost:8788/app/hooks/inbox/use-inbox.ts:21
[ 2628361ms] [INFO] [cadence:tasks-query] state changed {filters: Object, enabled: true, status: success, fetchStatus: idle, count: 0} @ http://localhost:8788/app/hooks/tasks/use-tasks.ts:28
[ 2628362ms] [INFO] [cadence:tasks-query] state changed {filters: Object, enabled: false, status: success, fetchStatus: idle, count: 1} @ http://localhost:8788/app/hooks/tasks/use-tasks.ts:28
[ 2628363ms] [INFO] [cadence:inbox-query] state changed {enabled: true, status: success, fetchStatus: idle, count: 0, error: null} @ http://localhost:8788/app/hooks/inbox/use-inbox.ts:21
[ 2628366ms] [INFO] [cadence:tasks-query] state changed {filters: Object, enabled: false, status: success, fetchStatus: idle, count: 1} @ http://localhost:8788/app/hooks/tasks/use-tasks.ts:28
[ 2628367ms] [INFO] [cadence:inbox-query] state changed {enabled: true, status: success, fetchStatus: idle, count: 0, error: null} @ http://localhost:8788/app/hooks/inbox/use-inbox.ts:21
[ 2628368ms] [INFO] [cadence:tasks-query] state changed {filters: Object, enabled: true, status: success, fetchStatus: idle, count: 1} @ http://localhost:8788/app/hooks/tasks/use-tasks.ts:28
[ 2628371ms] [INFO] [cadence:tasks-query] state changed {filters: Object, enabled: true, status: success, fetchStatus: idle, count: 1} @ http://localhost:8788/app/hooks/tasks/use-tasks.ts:28
[ 2628371ms] [INFO] [cadence:inbox-query] state changed {enabled: true, status: success, fetchStatus: idle, count: 0, error: null} @ http://localhost:8788/app/hooks/inbox/use-inbox.ts:21
[ 2628372ms] [INFO] [cadence:tasks-query] state changed {filters: Object, enabled: true, status: success, fetchStatus: idle, count: 0} @ http://localhost:8788/app/hooks/tasks/use-tasks.ts:28
[ 2628375ms] [INFO] [cadence:tasks-query] state changed {filters: Object, enabled: false, status: success, fetchStatus: idle, count: 1} @ http://localhost:8788/app/hooks/tasks/use-tasks.ts:28
[ 2628375ms] [INFO] [cadence:inbox-query] state changed {enabled: true, status: success, fetchStatus: idle, count: 0, error: null} @ http://localhost:8788/app/hooks/inbox/use-inbox.ts:21
[ 2628375ms] [INFO] [cadence:tasks-query] state changed {filters: Object, enabled: false, status: success, fetchStatus: idle, count: 1} @ http://localhost:8788/app/hooks/tasks/use-tasks.ts:28
[ 2628376ms] [INFO] [cadence:inbox-query] state changed {enabled: true, status: success, fetchStatus: idle, count: 0, error: null} @ http://localhost:8788/app/hooks/inbox/use-inbox.ts:21
[ 2628945ms] [INFO] [cadence:tasks-query] state changed {filters: Object, enabled: true, status: success, fetchStatus: idle, count: 1} @ http://localhost:8788/app/hooks/tasks/use-tasks.ts:28
[ 2631425ms] [INFO] [cadence:tasks-query] state changed {filters: Object, enabled: true, status: success, fetchStatus: idle, count: 1} @ http://localhost:8788/app/hooks/tasks/use-tasks.ts:28
[ 2631426ms] [INFO] [cadence:inbox-query] state changed {enabled: true, status: success, fetchStatus: idle, count: 0, error: null} @ http://localhost:8788/app/hooks/inbox/use-inbox.ts:21
[ 2631427ms] [INFO] [cadence:tasks-query] state changed {filters: Object, enabled: true, status: success, fetchStatus: idle, count: 0} @ http://localhost:8788/app/hooks/tasks/use-tasks.ts:28
[ 2631429ms] [INFO] [cadence:tasks-query] state changed {filters: Object, enabled: false, status: success, fetchStatus: idle, count: 1} @ http://localhost:8788/app/hooks/tasks/use-tasks.ts:28
[ 2631430ms] [INFO] [cadence:inbox-query] state changed {enabled: true, status: success, fetchStatus: idle, count: 0, error: null} @ http://localhost:8788/app/hooks/inbox/use-inbox.ts:21
[ 2631431ms] [INFO] [cadence:tasks-query] state changed {filters: Object, enabled: false, status: success, fetchStatus: idle, count: 1} @ http://localhost:8788/app/hooks/tasks/use-tasks.ts:28
[ 2631432ms] [INFO] [cadence:inbox-query] state changed {enabled: true, status: success, fetchStatus: idle, count: 0, error: null} @ http://localhost:8788/app/hooks/inbox/use-inbox.ts:21
[ 2631433ms] [INFO] [cadence:tasks-query] state changed {filters: Object, enabled: true, status: success, fetchStatus: idle, count: 1} @ http://localhost:8788/app/hooks/tasks/use-tasks.ts:28
[ 2631437ms] [INFO] [cadence:tasks-query] state changed {filters: Object, enabled: true, status: success, fetchStatus: idle, count: 1} @ http://localhost:8788/app/hooks/tasks/use-tasks.ts:28
[ 2631440ms] [INFO] [cadence:inbox-query] state changed {enabled: true, status: success, fetchStatus: idle, count: 0, error: null} @ http://localhost:8788/app/hooks/inbox/use-inbox.ts:21
[ 2631441ms] [INFO] [cadence:tasks-query] state changed {filters: Object, enabled: true, status: success, fetchStatus: idle, count: 0} @ http://localhost:8788/app/hooks/tasks/use-tasks.ts:28
[ 2631443ms] [INFO] [cadence:tasks-query] state changed {filters: Object, enabled: false, status: success, fetchStatus: idle, count: 1} @ http://localhost:8788/app/hooks/tasks/use-tasks.ts:28
[ 2631443ms] [INFO] [cadence:inbox-query] state changed {enabled: true, status: success, fetchStatus: idle, count: 0, error: null} @ http://localhost:8788/app/hooks/inbox/use-inbox.ts:21
[ 2631444ms] [INFO] [cadence:tasks-query] state changed {filters: Object, enabled: false, status: success, fetchStatus: idle, count: 1} @ http://localhost:8788/app/hooks/tasks/use-tasks.ts:28
[ 2631444ms] [INFO] [cadence:inbox-query] state changed {enabled: true, status: success, fetchStatus: idle, count: 0, error: null} @ http://localhost:8788/app/hooks/inbox/use-inbox.ts:21
[ 2679883ms] [INFO] [cadence:tasks-query] state changed {filters: Object, enabled: true, status: success, fetchStatus: idle, count: 1} @ http://localhost:8788/app/hooks/tasks/use-tasks.ts:28
[ 2679884ms] [INFO] [cadence:tasks-query] state changed {filters: Object, enabled: true, status: success, fetchStatus: idle, count: 0} @ http://localhost:8788/app/hooks/tasks/use-tasks.ts:28
[ 2679885ms] [INFO] [cadence:tasks-query] state changed {filters: Object, enabled: false, status: success, fetchStatus: idle, count: 1} @ http://localhost:8788/app/hooks/tasks/use-tasks.ts:28
[ 2679885ms] [INFO] [cadence:tasks-query] state changed {filters: Object, enabled: false, status: success, fetchStatus: idle, count: 1} @ http://localhost:8788/app/hooks/tasks/use-tasks.ts:28
[ 2679886ms] [INFO] [cadence:tasks-query] state changed {filters: Object, enabled: true, status: success, fetchStatus: idle, count: 1} @ http://localhost:8788/app/hooks/tasks/use-tasks.ts:28
[ 2686965ms] [INFO] [cadence:tasks-query] state changed {filters: Object, enabled: true, status: success, fetchStatus: idle, count: 1} @ http://localhost:8788/app/hooks/tasks/use-tasks.ts:28
[ 2686966ms] [INFO] [cadence:tasks-query] state changed {filters: Object, enabled: true, status: success, fetchStatus: idle, count: 0} @ http://localhost:8788/app/hooks/tasks/use-tasks.ts:28
[ 2686967ms] [INFO] [cadence:tasks-query] state changed {filters: Object, enabled: false, status: success, fetchStatus: idle, count: 1} @ http://localhost:8788/app/hooks/tasks/use-tasks.ts:28
[ 2686967ms] [INFO] [cadence:tasks-query] state changed {filters: Object, enabled: false, status: success, fetchStatus: idle, count: 1} @ http://localhost:8788/app/hooks/tasks/use-tasks.ts:28
[ 2686968ms] [INFO] [cadence:tasks-query] state changed {filters: Object, enabled: true, status: success, fetchStatus: idle, count: 1} @ http://localhost:8788/app/hooks/tasks/use-tasks.ts:28
[ 2722918ms] [INFO] [cadence:tasks-query] state changed {filters: Object, enabled: true, status: success, fetchStatus: idle, count: 1} @ http://localhost:8788/app/hooks/tasks/use-tasks.ts:28
[ 2722919ms] [INFO] [cadence:tasks-query] state changed {filters: Object, enabled: true, status: success, fetchStatus: idle, count: 0} @ http://localhost:8788/app/hooks/tasks/use-tasks.ts:28
[ 2722921ms] [INFO] [cadence:tasks-query] state changed {filters: Object, enabled: false, status: success, fetchStatus: idle, count: 1} @ http://localhost:8788/app/hooks/tasks/use-tasks.ts:28
[ 2722922ms] [INFO] [cadence:tasks-query] state changed {filters: Object, enabled: false, status: success, fetchStatus: idle, count: 1} @ http://localhost:8788/app/hooks/tasks/use-tasks.ts:28
[ 2722923ms] [INFO] [cadence:tasks-query] state changed {filters: Object, enabled: true, status: success, fetchStatus: idle, count: 1} @ http://localhost:8788/app/hooks/tasks/use-tasks.ts:28
[ 2722924ms] [INFO] [cadence:tasks-query] state changed {filters: Object, enabled: true, status: success, fetchStatus: idle, count: 0} @ http://localhost:8788/app/hooks/tasks/use-tasks.ts:28
[ 2723415ms] [INFO] [cadence:tasks-query] state changed {filters: Object, enabled: true, status: success, fetchStatus: idle, count: 1} @ http://localhost:8788/app/hooks/tasks/use-tasks.ts:28
[ 2723417ms] [INFO] [cadence:tasks-query] state changed {filters: Object, enabled: true, status: success, fetchStatus: idle, count: 0} @ http://localhost:8788/app/hooks/tasks/use-tasks.ts:28
[ 2723418ms] [INFO] [cadence:tasks-query] state changed {filters: Object, enabled: false, status: success, fetchStatus: idle, count: 1} @ http://localhost:8788/app/hooks/tasks/use-tasks.ts:28
[ 2723418ms] [INFO] [cadence:tasks-query] state changed {filters: Object, enabled: false, status: success, fetchStatus: idle, count: 1} @ http://localhost:8788/app/hooks/tasks/use-tasks.ts:28
[ 2723420ms] [INFO] [cadence:tasks-query] state changed {filters: Object, enabled: true, status: success, fetchStatus: idle, count: 1} @ http://localhost:8788/app/hooks/tasks/use-tasks.ts:28
[ 2723421ms] [INFO] [cadence:tasks-query] state changed {filters: Object, enabled: true, status: success, fetchStatus: idle, count: 0} @ http://localhost:8788/app/hooks/tasks/use-tasks.ts:28
[ 2723543ms] [INFO] [cadence:tasks-query] state changed {filters: Object, enabled: true, status: success, fetchStatus: idle, count: 1} @ http://localhost:8788/app/hooks/tasks/use-tasks.ts:28
[ 2723544ms] [INFO] [cadence:tasks-query] state changed {filters: Object, enabled: true, status: success, fetchStatus: idle, count: 0} @ http://localhost:8788/app/hooks/tasks/use-tasks.ts:28
[ 2723545ms] [INFO] [cadence:tasks-query] state changed {filters: Object, enabled: false, status: success, fetchStatus: idle, count: 1} @ http://localhost:8788/app/hooks/tasks/use-tasks.ts:28
[ 2723545ms] [INFO] [cadence:tasks-query] state changed {filters: Object, enabled: false, status: success, fetchStatus: idle, count: 1} @ http://localhost:8788/app/hooks/tasks/use-tasks.ts:28
[ 2723546ms] [INFO] [cadence:tasks-query] state changed {filters: Object, enabled: true, status: success, fetchStatus: idle, count: 1} @ http://localhost:8788/app/hooks/tasks/use-tasks.ts:28
[ 2723546ms] [INFO] [cadence:tasks-query] state changed {filters: Object, enabled: true, status: success, fetchStatus: idle, count: 0} @ http://localhost:8788/app/hooks/tasks/use-tasks.ts:28
[ 2723738ms] [INFO] [cadence:tasks-query] state changed {filters: Object, enabled: true, status: success, fetchStatus: idle, count: 1} @ http://localhost:8788/app/hooks/tasks/use-tasks.ts:28
[ 2723739ms] [INFO] [cadence:tasks-query] state changed {filters: Object, enabled: true, status: success, fetchStatus: idle, count: 0} @ http://localhost:8788/app/hooks/tasks/use-tasks.ts:28
[ 2723740ms] [INFO] [cadence:tasks-query] state changed {filters: Object, enabled: false, status: success, fetchStatus: idle, count: 1} @ http://localhost:8788/app/hooks/tasks/use-tasks.ts:28
[ 2723741ms] [INFO] [cadence:tasks-query] state changed {filters: Object, enabled: false, status: success, fetchStatus: idle, count: 1} @ http://localhost:8788/app/hooks/tasks/use-tasks.ts:28
[ 2723742ms] [INFO] [cadence:tasks-query] state changed {filters: Object, enabled: true, status: success, fetchStatus: idle, count: 1} @ http://localhost:8788/app/hooks/tasks/use-tasks.ts:28
[ 2723742ms] [INFO] [cadence:tasks-query] state changed {filters: Object, enabled: true, status: success, fetchStatus: idle, count: 0} @ http://localhost:8788/app/hooks/tasks/use-tasks.ts:28
[ 2723784ms] [INFO] [cadence:tasks-query] state changed {filters: Object, enabled: true, status: success, fetchStatus: idle, count: 1} @ http://localhost:8788/app/hooks/tasks/use-tasks.ts:28
[ 2723785ms] [INFO] [cadence:tasks-query] state changed {filters: Object, enabled: true, status: success, fetchStatus: idle, count: 0} @ http://localhost:8788/app/hooks/tasks/use-tasks.ts:28
[ 2723786ms] [INFO] [cadence:tasks-query] state changed {filters: Object, enabled: false, status: success, fetchStatus: idle, count: 1} @ http://localhost:8788/app/hooks/tasks/use-tasks.ts:28
[ 2723787ms] [INFO] [cadence:tasks-query] state changed {filters: Object, enabled: false, status: success, fetchStatus: idle, count: 1} @ http://localhost:8788/app/hooks/tasks/use-tasks.ts:28
[ 2723788ms] [INFO] [cadence:tasks-query] state changed {filters: Object, enabled: true, status: success, fetchStatus: idle, count: 1} @ http://localhost:8788/app/hooks/tasks/use-tasks.ts:28
[ 2723788ms] [INFO] [cadence:tasks-query] state changed {filters: Object, enabled: true, status: success, fetchStatus: idle, count: 0} @ http://localhost:8788/app/hooks/tasks/use-tasks.ts:28
[ 2723916ms] [INFO] [cadence:tasks-query] state changed {filters: Object, enabled: true, status: success, fetchStatus: idle, count: 1} @ http://localhost:8788/app/hooks/tasks/use-tasks.ts:28
[ 2723917ms] [INFO] [cadence:tasks-query] state changed {filters: Object, enabled: true, status: success, fetchStatus: idle, count: 0} @ http://localhost:8788/app/hooks/tasks/use-tasks.ts:28
[ 2723918ms] [INFO] [cadence:tasks-query] state changed {filters: Object, enabled: false, status: success, fetchStatus: idle, count: 1} @ http://localhost:8788/app/hooks/tasks/use-tasks.ts:28
[ 2723918ms] [INFO] [cadence:tasks-query] state changed {filters: Object, enabled: false, status: success, fetchStatus: idle, count: 1} @ http://localhost:8788/app/hooks/tasks/use-tasks.ts:28
[ 2723919ms] [INFO] [cadence:tasks-query] state changed {filters: Object, enabled: true, status: success, fetchStatus: idle, count: 1} @ http://localhost:8788/app/hooks/tasks/use-tasks.ts:28
[ 2723919ms] [INFO] [cadence:tasks-query] state changed {filters: Object, enabled: true, status: success, fetchStatus: idle, count: 0} @ http://localhost:8788/app/hooks/tasks/use-tasks.ts:28
[ 2724137ms] [INFO] [cadence:tasks-query] state changed {filters: Object, enabled: true, status: success, fetchStatus: idle, count: 1} @ http://localhost:8788/app/hooks/tasks/use-tasks.ts:28
[ 2724138ms] [INFO] [cadence:tasks-query] state changed {filters: Object, enabled: true, status: success, fetchStatus: idle, count: 0} @ http://localhost:8788/app/hooks/tasks/use-tasks.ts:28
[ 2724139ms] [INFO] [cadence:tasks-query] state changed {filters: Object, enabled: false, status: success, fetchStatus: idle, count: 1} @ http://localhost:8788/app/hooks/tasks/use-tasks.ts:28
[ 2724139ms] [INFO] [cadence:tasks-query] state changed {filters: Object, enabled: false, status: success, fetchStatus: idle, count: 1} @ http://localhost:8788/app/hooks/tasks/use-tasks.ts:28
[ 2724140ms] [INFO] [cadence:tasks-query] state changed {filters: Object, enabled: true, status: success, fetchStatus: idle, count: 1} @ http://localhost:8788/app/hooks/tasks/use-tasks.ts:28
[ 2724140ms] [INFO] [cadence:tasks-query] state changed {filters: Object, enabled: true, status: success, fetchStatus: idle, count: 0} @ http://localhost:8788/app/hooks/tasks/use-tasks.ts:28
[ 2724234ms] [INFO] [cadence:tasks-query] state changed {filters: Object, enabled: true, status: success, fetchStatus: idle, count: 1} @ http://localhost:8788/app/hooks/tasks/use-tasks.ts:28
[ 2724235ms] [INFO] [cadence:tasks-query] state changed {filters: Object, enabled: true, status: success, fetchStatus: idle, count: 0} @ http://localhost:8788/app/hooks/tasks/use-tasks.ts:28
[ 2724236ms] [INFO] [cadence:tasks-query] state changed {filters: Object, enabled: false, status: success, fetchStatus: idle, count: 1} @ http://localhost:8788/app/hooks/tasks/use-tasks.ts:28
[ 2724237ms] [INFO] [cadence:tasks-query] state changed {filters: Object, enabled: false, status: success, fetchStatus: idle, count: 1} @ http://localhost:8788/app/hooks/tasks/use-tasks.ts:28
[ 2724238ms] [INFO] [cadence:tasks-query] state changed {filters: Object, enabled: true, status: success, fetchStatus: idle, count: 1} @ http://localhost:8788/app/hooks/tasks/use-tasks.ts:28
[ 2724239ms] [INFO] [cadence:tasks-query] state changed {filters: Object, enabled: true, status: success, fetchStatus: idle, count: 0} @ http://localhost:8788/app/hooks/tasks/use-tasks.ts:28
[ 2725260ms] [ERROR] Failed to load resource: the server responded with a status of 500 (Internal Server Error) @ http://localhost:8788/app/components/layout/MainLayout.tsx?t=1789330762534:0
[ 2725261ms] [ERROR] [vite] Failed to reload /app/components/layout/MainLayout.tsx. This could be due to syntax errors or importing non-existent modules. (see errors above) @ http://localhost:8788/@vite/client:962
[ 2725303ms] [ERROR] Failed to load resource: the server responded with a status of 500 (Internal Server Error) @ http://localhost:8788/app/components/layout/MainLayout.tsx?t=1789330762533:0
[ 2725303ms] [ERROR] [vite] Failed to reload /app/components/layout/MainLayout.tsx. This could be due to syntax errors or importing non-existent modules. (see errors above) @ http://localhost:8788/@vite/client:962
[ 2728368ms] [WARNING] The resource http://localhost:8788/app/app.css was preloaded using link preload but not used within a few seconds from the window's load event. Please make sure it has an appropriate `as` value and it is preloaded intentionally. @ http://localhost:8788/:0
[ 2735357ms] [INFO] [cadence:tasks-query] state changed {filters: Object, enabled: true, status: success, fetchStatus: idle, count: 1} @ http://localhost:8788/app/hooks/tasks/use-tasks.ts:28
[ 2735359ms] [INFO] [cadence:tasks-query] state changed {filters: Object, enabled: true, status: success, fetchStatus: idle, count: 0} @ http://localhost:8788/app/hooks/tasks/use-tasks.ts:28
[ 2735360ms] [INFO] [cadence:tasks-query] state changed {filters: Object, enabled: false, status: success, fetchStatus: idle, count: 1} @ http://localhost:8788/app/hooks/tasks/use-tasks.ts:28
[ 2735360ms] [INFO] [cadence:tasks-query] state changed {filters: Object, enabled: false, status: success, fetchStatus: idle, count: 1} @ http://localhost:8788/app/hooks/tasks/use-tasks.ts:28
[ 2735361ms] [INFO] [cadence:tasks-query] state changed {filters: Object, enabled: true, status: success, fetchStatus: idle, count: 1} @ http://localhost:8788/app/hooks/tasks/use-tasks.ts:28
[ 2742429ms] [INFO] [cadence:tasks-query] state changed {filters: Object, enabled: true, status: success, fetchStatus: idle, count: 1} @ http://localhost:8788/app/hooks/tasks/use-tasks.ts:28
[ 2742430ms] [INFO] [cadence:tasks-query] state changed {filters: Object, enabled: true, status: success, fetchStatus: idle, count: 0} @ http://localhost:8788/app/hooks/tasks/use-tasks.ts:28
[ 2742431ms] [INFO] [cadence:tasks-query] state changed {filters: Object, enabled: false, status: success, fetchStatus: idle, count: 1} @ http://localhost:8788/app/hooks/tasks/use-tasks.ts:28
[ 2742432ms] [INFO] [cadence:tasks-query] state changed {filters: Object, enabled: false, status: success, fetchStatus: idle, count: 1} @ http://localhost:8788/app/hooks/tasks/use-tasks.ts:28
[ 2742432ms] [INFO] [cadence:tasks-query] state changed {filters: Object, enabled: true, status: success, fetchStatus: idle, count: 1} @ http://localhost:8788/app/hooks/tasks/use-tasks.ts:28
[ 2743813ms] [INFO] [cadence:tasks-query] state changed {filters: Object, enabled: true, status: success, fetchStatus: idle, count: 1} @ http://localhost:8788/app/hooks/tasks/use-tasks.ts:28
[ 2743815ms] [INFO] [cadence:tasks-query] state changed {filters: Object, enabled: true, status: success, fetchStatus: idle, count: 0} @ http://localhost:8788/app/hooks/tasks/use-tasks.ts:28
[ 2743817ms] [INFO] [cadence:tasks-query] state changed {filters: Object, enabled: false, status: success, fetchStatus: idle, count: 1} @ http://localhost:8788/app/hooks/tasks/use-tasks.ts:28
[ 2743817ms] [INFO] [cadence:tasks-query] state changed {filters: Object, enabled: false, status: success, fetchStatus: idle, count: 1} @ http://localhost:8788/app/hooks/tasks/use-tasks.ts:28
[ 2743819ms] [INFO] [cadence:tasks-query] state changed {filters: Object, enabled: true, status: success, fetchStatus: idle, count: 1} @ http://localhost:8788/app/hooks/tasks/use-tasks.ts:28
[ 2743819ms] [INFO] [cadence:tasks-query] state changed {filters: Object, enabled: true, status: success, fetchStatus: idle, count: 0} @ http://localhost:8788/app/hooks/tasks/use-tasks.ts:28
[ 2746807ms] [WARNING] The resource http://localhost:8788/app/app.css was preloaded using link preload but not used within a few seconds from the window's load event. Please make sure it has an appropriate `as` value and it is preloaded intentionally. @ http://localhost:8788/:0
[ 2749155ms] [INFO] [cadence:tasks-query] state changed {filters: Object, enabled: true, status: success, fetchStatus: idle, count: 1} @ http://localhost:8788/app/hooks/tasks/use-tasks.ts:28
[ 2749156ms] [INFO] [cadence:tasks-query] state changed {filters: Object, enabled: true, status: success, fetchStatus: idle, count: 0} @ http://localhost:8788/app/hooks/tasks/use-tasks.ts:28
[ 2749157ms] [INFO] [cadence:tasks-query] state changed {filters: Object, enabled: false, status: success, fetchStatus: idle, count: 1} @ http://localhost:8788/app/hooks/tasks/use-tasks.ts:28
[ 2749158ms] [INFO] [cadence:tasks-query] state changed {filters: Object, enabled: false, status: success, fetchStatus: idle, count: 1} @ http://localhost:8788/app/hooks/tasks/use-tasks.ts:28
[ 2749159ms] [INFO] [cadence:tasks-query] state changed {filters: Object, enabled: true, status: success, fetchStatus: idle, count: 1} @ http://localhost:8788/app/hooks/tasks/use-tasks.ts:28
[ 2749210ms] [INFO] [cadence:tasks-query] state changed {filters: Object, enabled: true, status: success, fetchStatus: fetching, count: 1} @ http://localhost:8788/app/hooks/tasks/use-tasks.ts:28
[ 2749211ms] [INFO] [cadence:tasks-query] state changed {filters: Object, enabled: true, status: success, fetchStatus: idle, count: 0} @ http://localhost:8788/app/hooks/tasks/use-tasks.ts:28
[ 2749212ms] [INFO] [cadence:tasks-query] state changed {filters: Object, enabled: false, status: success, fetchStatus: fetching, count: 1} @ http://localhost:8788/app/hooks/tasks/use-tasks.ts:28
[ 2749213ms] [INFO] [cadence:tasks-query] state changed {filters: Object, enabled: false, status: success, fetchStatus: fetching, count: 1} @ http://localhost:8788/app/hooks/tasks/use-tasks.ts:28
[ 2749213ms] [INFO] [cadence:tasks-query] state changed {filters: Object, enabled: true, status: success, fetchStatus: fetching, count: 1} @ http://localhost:8788/app/hooks/tasks/use-tasks.ts:28
[ 2749321ms] [INFO] [cadence:tasks-query] state changed {filters: Object, enabled: true, status: success, fetchStatus: fetching, count: 1} @ http://localhost:8788/app/hooks/tasks/use-tasks.ts:28
[ 2749322ms] [INFO] [cadence:tasks-query] state changed {filters: Object, enabled: true, status: success, fetchStatus: idle, count: 0} @ http://localhost:8788/app/hooks/tasks/use-tasks.ts:28
[ 2749324ms] [INFO] [cadence:tasks-query] state changed {filters: Object, enabled: false, status: success, fetchStatus: fetching, count: 1} @ http://localhost:8788/app/hooks/tasks/use-tasks.ts:28
[ 2749325ms] [INFO] [cadence:tasks-query] state changed {filters: Object, enabled: false, status: success, fetchStatus: fetching, count: 1} @ http://localhost:8788/app/hooks/tasks/use-tasks.ts:28
[ 2749326ms] [INFO] [cadence:tasks-query] state changed {filters: Object, enabled: true, status: success, fetchStatus: fetching, count: 1} @ http://localhost:8788/app/hooks/tasks/use-tasks.ts:28
[ 2749327ms] [INFO] [cadence:tasks-query] state changed {filters: Object, enabled: true, status: success, fetchStatus: idle, count: 0} @ http://localhost:8788/app/hooks/tasks/use-tasks.ts:28
[ 2750132ms] [INFO] [cadence:tasks-query] state changed {filters: Object, enabled: true, status: success, fetchStatus: idle, count: 1} @ http://localhost:8788/app/hooks/tasks/use-tasks.ts:28
[ 2750133ms] [INFO] [cadence:tasks-query] state changed {filters: Object, enabled: true, status: success, fetchStatus: idle, count: 0} @ http://localhost:8788/app/hooks/tasks/use-tasks.ts:28
[ 2750133ms] [INFO] [cadence:tasks-query] state changed {filters: Object, enabled: false, status: success, fetchStatus: idle, count: 1} @ http://localhost:8788/app/hooks/tasks/use-tasks.ts:28
[ 2750134ms] [INFO] [cadence:tasks-query] state changed {filters: Object, enabled: false, status: success, fetchStatus: idle, count: 1} @ http://localhost:8788/app/hooks/tasks/use-tasks.ts:28
[ 2750134ms] [INFO] [cadence:tasks-query] state changed {filters: Object, enabled: true, status: success, fetchStatus: idle, count: 1} @ http://localhost:8788/app/hooks/tasks/use-tasks.ts:28
[ 2753205ms] [WARNING] The resource http://localhost:8788/app/app.css was preloaded using link preload but not used within a few seconds from the window's load event. Please make sure it has an appropriate `as` value and it is preloaded intentionally. @ http://localhost:8788/:0
[ 2756521ms] [WARNING] The resource http://localhost:8788/app/app.css was preloaded using link preload but not used within a few seconds from the window's load event. Please make sure it has an appropriate `as` value and it is preloaded intentionally. @ http://localhost:8788/:0
[ 2760645ms] [INFO] %cDownload the React DevTools for a better development experience: https://react.dev/link/react-devtools font-weight:bold @ http://localhost:8788/node_modules/.vite/deps/react-dom_client.js?v=32f5a6e4:15804
[ 2761625ms] [ERROR] Encountered a script tag while rendering React component. Scripts inside React components are never executed when rendering on the client. Consider using template tag instead (https://developer.mozilla.org/en-US/docs/Web/HTML/Element/template). @ http://localhost:8788/node_modules/.vite/deps/react-dom_client.js?v=32f5a6e4:6614
[ 2761866ms] [INFO] [cadence:tasks-query] state changed {filters: Object, enabled: false, status: pending, fetchStatus: idle, count: null} @ http://localhost:8788/app/hooks/tasks/use-tasks.ts:28
[ 2761870ms] [INFO] [cadence:inbox-query] state changed {enabled: false, status: pending, fetchStatus: idle, count: null, error: null} @ http://localhost:8788/app/hooks/inbox/use-inbox.ts:21
[ 2761871ms] [INFO] [cadence:tasks-query] state changed {filters: Object, enabled: false, status: pending, fetchStatus: idle, count: null} @ http://localhost:8788/app/hooks/tasks/use-tasks.ts:28
[ 2761877ms] [INFO] [cadence:tasks-query] state changed {filters: Object, enabled: false, status: pending, fetchStatus: idle, count: null} @ http://localhost:8788/app/hooks/tasks/use-tasks.ts:28
[ 2761878ms] [INFO] [cadence:inbox-query] state changed {enabled: false, status: pending, fetchStatus: idle, count: null, error: null} @ http://localhost:8788/app/hooks/inbox/use-inbox.ts:21
[ 2761879ms] [INFO] [cadence:tasks-query] state changed {filters: Object, enabled: false, status: pending, fetchStatus: idle, count: null} @ http://localhost:8788/app/hooks/tasks/use-tasks.ts:28
[ 2761998ms] [INFO] [cadence:tasks-query] state changed {filters: Object, enabled: false, status: pending, fetchStatus: idle, count: null} @ http://localhost:8788/app/hooks/tasks/use-tasks.ts:28
[ 2762000ms] [INFO] [cadence:inbox-query] state changed {enabled: false, status: pending, fetchStatus: idle, count: null, error: null} @ http://localhost:8788/app/hooks/inbox/use-inbox.ts:21
[ 2762000ms] [INFO] [cadence:tasks-query] state changed {filters: Object, enabled: false, status: pending, fetchStatus: idle, count: null} @ http://localhost:8788/app/hooks/tasks/use-tasks.ts:28
[ 2762152ms] [INFO] [cadence:tasks-query] state changed {filters: Object, enabled: true, status: pending, fetchStatus: idle, count: null} @ http://localhost:8788/app/hooks/tasks/use-tasks.ts:28
[ 2762155ms] [INFO] [cadence:inbox-query] state changed {enabled: true, status: pending, fetchStatus: idle, count: null, error: null} @ http://localhost:8788/app/hooks/inbox/use-inbox.ts:21
[ 2762156ms] [INFO] [cadence:tasks-query] state changed {filters: Object, enabled: true, status: pending, fetchStatus: idle, count: null} @ http://localhost:8788/app/hooks/tasks/use-tasks.ts:28
[ 2762158ms] [INFO] [cadence:tasks-query] state changed {filters: Object, enabled: true, status: pending, fetchStatus: idle, count: null} @ http://localhost:8788/app/hooks/tasks/use-tasks.ts:28
[ 2762159ms] [INFO] [cadence:inbox-query] state changed {enabled: true, status: pending, fetchStatus: idle, count: null, error: null} @ http://localhost:8788/app/hooks/inbox/use-inbox.ts:21
[ 2762159ms] [INFO] [cadence:tasks-query] state changed {filters: Object, enabled: true, status: pending, fetchStatus: idle, count: null} @ http://localhost:8788/app/hooks/tasks/use-tasks.ts:28
[ 2762162ms] [INFO] [cadence:tasks-query] state changed {filters: Object, enabled: true, status: pending, fetchStatus: idle, count: null} @ http://localhost:8788/app/hooks/tasks/use-tasks.ts:28
[ 2762163ms] [INFO] [cadence:inbox-query] state changed {enabled: true, status: pending, fetchStatus: idle, count: null, error: null} @ http://localhost:8788/app/hooks/inbox/use-inbox.ts:21
[ 2762164ms] [INFO] [cadence:tasks-query] state changed {filters: Object, enabled: true, status: pending, fetchStatus: idle, count: null} @ http://localhost:8788/app/hooks/tasks/use-tasks.ts:28
[ 2762220ms] [WARNING] Geolocation permission has been blocked as the user has ignored the permission prompt several times. This can be reset in Page Info which can be accessed by clicking the tune icon next to the URL. See https://www.chromestatus.com/feature/6443143280984064 for more information. @ http://localhost:8788/:0
[ 2762337ms] [INFO] [cadence:tasks-query] state changed {filters: Object, enabled: true, status: pending, fetchStatus: fetching, count: null} @ http://localhost:8788/app/hooks/tasks/use-tasks.ts:28
[ 2762341ms] [INFO] [cadence:inbox-query] state changed {enabled: true, status: pending, fetchStatus: fetching, count: null, error: null} @ http://localhost:8788/app/hooks/inbox/use-inbox.ts:21
[ 2762342ms] [INFO] [cadence:tasks-query] state changed {filters: Object, enabled: true, status: pending, fetchStatus: fetching, count: null} @ http://localhost:8788/app/hooks/tasks/use-tasks.ts:28
[ 2762344ms] [INFO] [cadence:tasks-query] state changed {filters: Object, enabled: true, status: pending, fetchStatus: fetching, count: null} @ http://localhost:8788/app/hooks/tasks/use-tasks.ts:28
[ 2762346ms] [INFO] [cadence:inbox-query] state changed {enabled: true, status: pending, fetchStatus: fetching, count: null, error: null} @ http://localhost:8788/app/hooks/inbox/use-inbox.ts:21
[ 2762346ms] [INFO] [cadence:tasks-query] state changed {filters: Object, enabled: true, status: pending, fetchStatus: fetching, count: null} @ http://localhost:8788/app/hooks/tasks/use-tasks.ts:28
[ 2762437ms] [INFO] [cadence:tasks-query] state changed {filters: Object, enabled: true, status: pending, fetchStatus: fetching, count: null} @ http://localhost:8788/app/hooks/tasks/use-tasks.ts:28
[ 2762439ms] [INFO] [cadence:tasks-query] state changed {filters: Object, enabled: true, status: pending, fetchStatus: fetching, count: null} @ http://localhost:8788/app/hooks/tasks/use-tasks.ts:28
[ 2762441ms] [INFO] [cadence:tasks-query] state changed {filters: Object, enabled: true, status: pending, fetchStatus: fetching, count: null} @ http://localhost:8788/app/hooks/tasks/use-tasks.ts:28
[ 2762442ms] [INFO] [cadence:tasks-query] state changed {filters: Object, enabled: true, status: pending, fetchStatus: fetching, count: null} @ http://localhost:8788/app/hooks/tasks/use-tasks.ts:28
[ 2762631ms] [INFO] [cadence:tasks-query] state changed {filters: Object, enabled: false, status: pending, fetchStatus: fetching, count: null} @ http://localhost:8788/app/hooks/tasks/use-tasks.ts:28
[ 2762632ms] [INFO] [cadence:inbox-query] state changed {enabled: true, status: pending, fetchStatus: fetching, count: null, error: null} @ http://localhost:8788/app/hooks/inbox/use-inbox.ts:21
[ 2762634ms] [INFO] [cadence:tasks-query] state changed {filters: Object, enabled: false, status: pending, fetchStatus: fetching, count: null} @ http://localhost:8788/app/hooks/tasks/use-tasks.ts:28
[ 2762635ms] [INFO] [cadence:inbox-query] state changed {enabled: true, status: pending, fetchStatus: fetching, count: null, error: null} @ http://localhost:8788/app/hooks/inbox/use-inbox.ts:21
[ 2762641ms] [INFO] [cadence:tasks-query] state changed {filters: Object, enabled: false, status: pending, fetchStatus: fetching, count: null} @ http://localhost:8788/app/hooks/tasks/use-tasks.ts:28
[ 2762642ms] [INFO] [cadence:inbox-query] state changed {enabled: true, status: pending, fetchStatus: fetching, count: null, error: null} @ http://localhost:8788/app/hooks/inbox/use-inbox.ts:21
[ 2762643ms] [INFO] [cadence:tasks-query] state changed {filters: Object, enabled: false, status: pending, fetchStatus: fetching, count: null} @ http://localhost:8788/app/hooks/tasks/use-tasks.ts:28
[ 2762645ms] [INFO] [cadence:inbox-query] state changed {enabled: true, status: pending, fetchStatus: fetching, count: null, error: null} @ http://localhost:8788/app/hooks/inbox/use-inbox.ts:21
[ 2762936ms] [INFO] [cadence:tasks-query] state changed {filters: Object, enabled: true, status: pending, fetchStatus: fetching, count: null} @ http://localhost:8788/app/hooks/tasks/use-tasks.ts:28
[ 2763162ms] [INFO] [cadence:tasks-query] state changed {filters: Object, enabled: true, status: pending, fetchStatus: fetching, count: null} @ http://localhost:8788/app/hooks/tasks/use-tasks.ts:28
[ 2763602ms] [INFO] [cadence:tasks-query] state changed {filters: Object, enabled: true, status: pending, fetchStatus: fetching, count: null} @ http://localhost:8788/app/hooks/tasks/use-tasks.ts:28
[ 2763671ms] [INFO] [cadence:tasks-query] state changed {filters: Object, enabled: true, status: success, fetchStatus: idle, count: 1} @ http://localhost:8788/app/hooks/tasks/use-tasks.ts:28
[ 2763752ms] [INFO] [cadence:tasks-query] state changed {filters: Object, enabled: true, status: success, fetchStatus: idle, count: 1} @ http://localhost:8788/app/hooks/tasks/use-tasks.ts:28
[ 2764077ms] [INFO] [cadence:tasks-query] state changed {filters: Object, enabled: true, status: success, fetchStatus: idle, count: 1} @ http://localhost:8788/app/hooks/tasks/use-tasks.ts:28
[ 2764174ms] [INFO] [cadence:tasks-query] state changed {filters: Object, enabled: true, status: success, fetchStatus: idle, count: 1} @ http://localhost:8788/app/hooks/tasks/use-tasks.ts:28
[ 2764177ms] [INFO] [cadence:tasks-query] state changed {filters: Object, enabled: true, status: success, fetchStatus: idle, count: 0} @ http://localhost:8788/app/hooks/tasks/use-tasks.ts:28
[ 2764237ms] [INFO] [cadence:tasks-query] state changed {filters: Object, enabled: true, status: success, fetchStatus: idle, count: 1} @ http://localhost:8788/app/hooks/tasks/use-tasks.ts:28
[ 2764238ms] [INFO] [cadence:inbox-query] state changed {enabled: true, status: success, fetchStatus: idle, count: 0, error: null} @ http://localhost:8788/app/hooks/inbox/use-inbox.ts:21
[ 2764239ms] [INFO] [cadence:tasks-query] state changed {filters: Object, enabled: true, status: success, fetchStatus: idle, count: 0} @ http://localhost:8788/app/hooks/tasks/use-tasks.ts:28
[ 2765908ms] [INFO] [cadence:tasks-query] state changed {filters: Object, enabled: true, status: success, fetchStatus: idle, count: 1} @ http://localhost:8788/app/hooks/tasks/use-tasks.ts:28
[ 2765909ms] [INFO] [cadence:tasks-query] state changed {filters: Object, enabled: true, status: success, fetchStatus: idle, count: 0} @ http://localhost:8788/app/hooks/tasks/use-tasks.ts:28
[ 2765124ms] [INFO] [cadence:tasks-query] state changed {filters: Object, enabled: true, status: success, fetchStatus: idle, count: 1} @ http://localhost:8788/app/hooks/tasks/use-tasks.ts:28
[ 2765125ms] [INFO] [cadence:inbox-query] state changed {enabled: true, status: success, fetchStatus: idle, count: 0, error: null} @ http://localhost:8788/app/hooks/inbox/use-inbox.ts:21
[ 2765126ms] [INFO] [cadence:tasks-query] state changed {filters: Object, enabled: true, status: success, fetchStatus: idle, count: 0} @ http://localhost:8788/app/hooks/tasks/use-tasks.ts:28
[ 2765127ms] [INFO] [cadence:tasks-query] state changed {filters: Object, enabled: false, status: success, fetchStatus: idle, count: 1} @ http://localhost:8788/app/hooks/tasks/use-tasks.ts:28
[ 2765128ms] [INFO] [cadence:inbox-query] state changed {enabled: true, status: success, fetchStatus: idle, count: 0, error: null} @ http://localhost:8788/app/hooks/inbox/use-inbox.ts:21
[ 2765129ms] [INFO] [cadence:tasks-query] state changed {filters: Object, enabled: false, status: success, fetchStatus: idle, count: 1} @ http://localhost:8788/app/hooks/tasks/use-tasks.ts:28
[ 2765130ms] [INFO] [cadence:inbox-query] state changed {enabled: true, status: success, fetchStatus: idle, count: 0, error: null} @ http://localhost:8788/app/hooks/inbox/use-inbox.ts:21
[ 2765131ms] [INFO] [cadence:tasks-query] state changed {filters: Object, enabled: true, status: success, fetchStatus: idle, count: 1} @ http://localhost:8788/app/hooks/tasks/use-tasks.ts:28
[ 2765132ms] [INFO] [cadence:tasks-query] state changed {filters: Object, enabled: true, status: success, fetchStatus: idle, count: 0} @ http://localhost:8788/app/hooks/tasks/use-tasks.ts:28
[ 2765136ms] [INFO] [cadence:tasks-query] state changed {filters: Object, enabled: true, status: success, fetchStatus: idle, count: 1} @ http://localhost:8788/app/hooks/tasks/use-tasks.ts:28
[ 2765137ms] [INFO] [cadence:inbox-query] state changed {enabled: true, status: success, fetchStatus: idle, count: 0, error: null} @ http://localhost:8788/app/hooks/inbox/use-inbox.ts:21
[ 2765138ms] [INFO] [cadence:tasks-query] state changed {filters: Object, enabled: true, status: success, fetchStatus: idle, count: 0} @ http://localhost:8788/app/hooks/tasks/use-tasks.ts:28
[ 2765140ms] [INFO] [cadence:tasks-query] state changed {filters: Object, enabled: false, status: success, fetchStatus: idle, count: 1} @ http://localhost:8788/app/hooks/tasks/use-tasks.ts:28
[ 2765141ms] [INFO] [cadence:inbox-query] state changed {enabled: true, status: success, fetchStatus: idle, count: 0, error: null} @ http://localhost:8788/app/hooks/inbox/use-inbox.ts:21
[ 2765142ms] [INFO] [cadence:tasks-query] state changed {filters: Object, enabled: false, status: success, fetchStatus: idle, count: 1} @ http://localhost:8788/app/hooks/tasks/use-tasks.ts:28
[ 2765143ms] [INFO] [cadence:inbox-query] state changed {enabled: true, status: success, fetchStatus: idle, count: 0, error: null} @ http://localhost:8788/app/hooks/inbox/use-inbox.ts:21
[ 2766304ms] [INFO] [cadence:tasks-query] state changed {filters: Object, enabled: false, status: success, fetchStatus: idle, count: 1} @ http://localhost:8788/app/hooks/tasks/use-tasks.ts:28
[ 2766305ms] [INFO] [cadence:tasks-query] state changed {filters: Object, enabled: false, status: success, fetchStatus: idle, count: 1} @ http://localhost:8788/app/hooks/tasks/use-tasks.ts:28
[ 2787699ms] [INFO] [cadence:tasks-query] state changed {filters: Object, enabled: true, status: success, fetchStatus: idle, count: 0} @ http://localhost:8788/app/hooks/tasks/use-tasks.ts:28
[ 2787849ms] [INFO] [cadence:tasks-query] state changed {filters: Object, enabled: true, status: success, fetchStatus: idle, count: 1} @ http://localhost:8788/app/hooks/tasks/use-tasks.ts:28
[ 2787850ms] [INFO] [cadence:tasks-query] state changed {filters: Object, enabled: true, status: success, fetchStatus: idle, count: 0} @ http://localhost:8788/app/hooks/tasks/use-tasks.ts:28
[ 2787851ms] [INFO] [cadence:tasks-query] state changed {filters: Object, enabled: false, status: success, fetchStatus: idle, count: 1} @ http://localhost:8788/app/hooks/tasks/use-tasks.ts:28
[ 2787852ms] [INFO] [cadence:tasks-query] state changed {filters: Object, enabled: false, status: success, fetchStatus: idle, count: 1} @ http://localhost:8788/app/hooks/tasks/use-tasks.ts:28
[ 2787852ms] [INFO] [cadence:tasks-query] state changed {filters: Object, enabled: true, status: success, fetchStatus: idle, count: 1} @ http://localhost:8788/app/hooks/tasks/use-tasks.ts:28
[ 2787852ms] [INFO] [cadence:tasks-query] state changed {filters: Object, enabled: true, status: success, fetchStatus: idle, count: 0} @ http://localhost:8788/app/hooks/tasks/use-tasks.ts:28
[ 2792768ms] [INFO] [cadence:tasks-query] state changed {filters: Object, enabled: true, status: success, fetchStatus: idle, count: 1} @ http://localhost:8788/app/hooks/tasks/use-tasks.ts:28
[ 2794311ms] [INFO] [cadence:tasks-query] state changed {filters: Object, enabled: true, status: success, fetchStatus: idle, count: 1} @ http://localhost:8788/app/hooks/tasks/use-tasks.ts:28
[ 2794312ms] [INFO] [cadence:tasks-query] state changed {filters: Object, enabled: true, status: success, fetchStatus: idle, count: 0} @ http://localhost:8788/app/hooks/tasks/use-tasks.ts:28
[ 2795602ms] [INFO] [cadence:tasks-query] state changed {filters: Object, enabled: true, status: success, fetchStatus: fetching, count: 1} @ http://localhost:8788/app/hooks/tasks/use-tasks.ts:28
[ 2795603ms] [INFO] [cadence:inbox-query] state changed {enabled: true, status: success, fetchStatus: fetching, count: 0, error: null} @ http://localhost:8788/app/hooks/inbox/use-inbox.ts:21
[ 2795604ms] [INFO] [cadence:tasks-query] state changed {filters: Object, enabled: true, status: success, fetchStatus: fetching, count: 0} @ http://localhost:8788/app/hooks/tasks/use-tasks.ts:28
[ 2795607ms] [INFO] [cadence:tasks-query] state changed {filters: Object, enabled: false, status: success, fetchStatus: idle, count: 1} @ http://localhost:8788/app/hooks/tasks/use-tasks.ts:28
[ 2795607ms] [INFO] [cadence:inbox-query] state changed {enabled: true, status: success, fetchStatus: fetching, count: 0, error: null} @ http://localhost:8788/app/hooks/inbox/use-inbox.ts:21
[ 2795609ms] [INFO] [cadence:tasks-query] state changed {filters: Object, enabled: false, status: success, fetchStatus: idle, count: 1} @ http://localhost:8788/app/hooks/tasks/use-tasks.ts:28
[ 2795611ms] [INFO] [cadence:inbox-query] state changed {enabled: true, status: success, fetchStatus: fetching, count: 0, error: null} @ http://localhost:8788/app/hooks/inbox/use-inbox.ts:21
[ 2795612ms] [INFO] [cadence:tasks-query] state changed {filters: Object, enabled: true, status: success, fetchStatus: idle, count: 1} @ http://localhost:8788/app/hooks/tasks/use-tasks.ts:28
[ 2795613ms] [INFO] [cadence:tasks-query] state changed {filters: Object, enabled: true, status: success, fetchStatus: idle, count: 0} @ http://localhost:8788/app/hooks/tasks/use-tasks.ts:28
[ 2795616ms] [INFO] [cadence:tasks-query] state changed {filters: Object, enabled: true, status: success, fetchStatus: fetching, count: 1} @ http://localhost:8788/app/hooks/tasks/use-tasks.ts:28
[ 2795616ms] [INFO] [cadence:inbox-query] state changed {enabled: true, status: success, fetchStatus: fetching, count: 0, error: null} @ http://localhost:8788/app/hooks/inbox/use-inbox.ts:21
[ 2795617ms] [INFO] [cadence:tasks-query] state changed {filters: Object, enabled: true, status: success, fetchStatus: fetching, count: 0} @ http://localhost:8788/app/hooks/tasks/use-tasks.ts:28
[ 2795619ms] [INFO] [cadence:tasks-query] state changed {filters: Object, enabled: false, status: success, fetchStatus: idle, count: 1} @ http://localhost:8788/app/hooks/tasks/use-tasks.ts:28
[ 2795619ms] [INFO] [cadence:inbox-query] state changed {enabled: true, status: success, fetchStatus: fetching, count: 0, error: null} @ http://localhost:8788/app/hooks/inbox/use-inbox.ts:21
[ 2795619ms] [INFO] [cadence:tasks-query] state changed {filters: Object, enabled: false, status: success, fetchStatus: idle, count: 1} @ http://localhost:8788/app/hooks/tasks/use-tasks.ts:28
[ 2795620ms] [INFO] [cadence:inbox-query] state changed {enabled: true, status: success, fetchStatus: fetching, count: 0, error: null} @ http://localhost:8788/app/hooks/inbox/use-inbox.ts:21
[ 2795678ms] [INFO] [cadence:tasks-query] state changed {filters: Object, enabled: true, status: success, fetchStatus: fetching, count: 1} @ http://localhost:8788/app/hooks/tasks/use-tasks.ts:28
[ 2795680ms] [INFO] [cadence:tasks-query] state changed {filters: Object, enabled: true, status: success, fetchStatus: fetching, count: 0} @ http://localhost:8788/app/hooks/tasks/use-tasks.ts:28
[ 2795681ms] [INFO] [cadence:tasks-query] state changed {filters: Object, enabled: false, status: success, fetchStatus: fetching, count: 1} @ http://localhost:8788/app/hooks/tasks/use-tasks.ts:28
[ 2795681ms] [INFO] [cadence:tasks-query] state changed {filters: Object, enabled: false, status: success, fetchStatus: fetching, count: 1} @ http://localhost:8788/app/hooks/tasks/use-tasks.ts:28
[ 2795682ms] [INFO] [cadence:tasks-query] state changed {filters: Object, enabled: true, status: success, fetchStatus: fetching, count: 1} @ http://localhost:8788/app/hooks/tasks/use-tasks.ts:28
[ 2795683ms] [INFO] [cadence:inbox-query] state changed {enabled: true, status: success, fetchStatus: fetching, count: 0, error: null} @ http://localhost:8788/app/hooks/inbox/use-inbox.ts:21
[ 2795684ms] [INFO] [cadence:tasks-query] state changed {filters: Object, enabled: true, status: success, fetchStatus: fetching, count: 0} @ http://localhost:8788/app/hooks/tasks/use-tasks.ts:28
[ 2796312ms] [INFO] [cadence:tasks-query] state changed {filters: Object, enabled: true, status: success, fetchStatus: idle, count: 1} @ http://localhost:8788/app/hooks/tasks/use-tasks.ts:28
[ 2796313ms] [INFO] [cadence:tasks-query] state changed {filters: Object, enabled: true, status: success, fetchStatus: fetching, count: 0} @ http://localhost:8788/app/hooks/tasks/use-tasks.ts:28
[ 2796314ms] [INFO] [cadence:tasks-query] state changed {filters: Object, enabled: false, status: success, fetchStatus: idle, count: 1} @ http://localhost:8788/app/hooks/tasks/use-tasks.ts:28
[ 2796315ms] [INFO] [cadence:tasks-query] state changed {filters: Object, enabled: false, status: success, fetchStatus: idle, count: 1} @ http://localhost:8788/app/hooks/tasks/use-tasks.ts:28
[ 2796315ms] [INFO] [cadence:tasks-query] state changed {filters: Object, enabled: true, status: success, fetchStatus: idle, count: 1} @ http://localhost:8788/app/hooks/tasks/use-tasks.ts:28
[ 2796410ms] [INFO] [cadence:tasks-query] state changed {filters: Object, enabled: true, status: success, fetchStatus: idle, count: 1} @ http://localhost:8788/app/hooks/tasks/use-tasks.ts:28
[ 2796411ms] [INFO] [cadence:inbox-query] state changed {enabled: true, status: success, fetchStatus: idle, count: 0, error: null} @ http://localhost:8788/app/hooks/inbox/use-inbox.ts:21
[ 2796412ms] [INFO] [cadence:tasks-query] state changed {filters: Object, enabled: true, status: success, fetchStatus: fetching, count: 0} @ http://localhost:8788/app/hooks/tasks/use-tasks.ts:28
[ 2796412ms] [INFO] [cadence:tasks-query] state changed {filters: Object, enabled: false, status: success, fetchStatus: idle, count: 1} @ http://localhost:8788/app/hooks/tasks/use-tasks.ts:28
[ 2796413ms] [INFO] [cadence:inbox-query] state changed {enabled: true, status: success, fetchStatus: idle, count: 0, error: null} @ http://localhost:8788/app/hooks/inbox/use-inbox.ts:21
[ 2796413ms] [INFO] [cadence:tasks-query] state changed {filters: Object, enabled: false, status: success, fetchStatus: idle, count: 1} @ http://localhost:8788/app/hooks/tasks/use-tasks.ts:28
[ 2796414ms] [INFO] [cadence:inbox-query] state changed {enabled: true, status: success, fetchStatus: idle, count: 0, error: null} @ http://localhost:8788/app/hooks/inbox/use-inbox.ts:21
[ 2796414ms] [INFO] [cadence:tasks-query] state changed {filters: Object, enabled: true, status: success, fetchStatus: idle, count: 1} @ http://localhost:8788/app/hooks/tasks/use-tasks.ts:28
[ 2796415ms] [INFO] [cadence:inbox-query] state changed {enabled: true, status: success, fetchStatus: idle, count: 0, error: null} @ http://localhost:8788/app/hooks/inbox/use-inbox.ts:21
[ 2796415ms] [INFO] [cadence:tasks-query] state changed {filters: Object, enabled: true, status: success, fetchStatus: fetching, count: 0} @ http://localhost:8788/app/hooks/tasks/use-tasks.ts:28
[ 2796505ms] [INFO] [cadence:tasks-query] state changed {filters: Object, enabled: true, status: success, fetchStatus: idle, count: 1} @ http://localhost:8788/app/hooks/tasks/use-tasks.ts:28
[ 2796506ms] [INFO] [cadence:tasks-query] state changed {filters: Object, enabled: true, status: success, fetchStatus: idle, count: 0} @ http://localhost:8788/app/hooks/tasks/use-tasks.ts:28
[ 2796507ms] [INFO] [cadence:tasks-query] state changed {filters: Object, enabled: false, status: success, fetchStatus: idle, count: 1} @ http://localhost:8788/app/hooks/tasks/use-tasks.ts:28
[ 2796507ms] [INFO] [cadence:tasks-query] state changed {filters: Object, enabled: false, status: success, fetchStatus: idle, count: 1} @ http://localhost:8788/app/hooks/tasks/use-tasks.ts:28
[ 2796508ms] [INFO] [cadence:tasks-query] state changed {filters: Object, enabled: true, status: success, fetchStatus: idle, count: 1} @ http://localhost:8788/app/hooks/tasks/use-tasks.ts:28
[ 2796508ms] [INFO] [cadence:tasks-query] state changed {filters: Object, enabled: true, status: success, fetchStatus: idle, count: 0} @ http://localhost:8788/app/hooks/tasks/use-tasks.ts:28
[ 2808597ms] [INFO] [cadence:tasks-query] state changed {filters: Object, enabled: true, status: success, fetchStatus: idle, count: 1} @ http://localhost:8788/app/hooks/tasks/use-tasks.ts:28
[ 2810160ms] [INFO] [cadence:tasks-query] state changed {filters: Object, enabled: true, status: success, fetchStatus: idle, count: 1} @ http://localhost:8788/app/hooks/tasks/use-tasks.ts:28
[ 2810161ms] [INFO] [cadence:tasks-query] state changed {filters: Object, enabled: true, status: success, fetchStatus: idle, count: 0} @ http://localhost:8788/app/hooks/tasks/use-tasks.ts:28
[ 2811450ms] [INFO] [cadence:tasks-query] state changed {filters: Object, enabled: true, status: success, fetchStatus: idle, count: 1} @ http://localhost:8788/app/hooks/tasks/use-tasks.ts:28
[ 2811452ms] [INFO] [cadence:inbox-query] state changed {enabled: true, status: success, fetchStatus: idle, count: 0, error: null} @ http://localhost:8788/app/hooks/inbox/use-inbox.ts:21
[ 2811453ms] [INFO] [cadence:tasks-query] state changed {filters: Object, enabled: true, status: success, fetchStatus: idle, count: 0} @ http://localhost:8788/app/hooks/tasks/use-tasks.ts:28
[ 2811456ms] [INFO] [cadence:tasks-query] state changed {filters: Object, enabled: false, status: success, fetchStatus: idle, count: 1} @ http://localhost:8788/app/hooks/tasks/use-tasks.ts:28
[ 2811457ms] [INFO] [cadence:inbox-query] state changed {enabled: true, status: success, fetchStatus: idle, count: 0, error: null} @ http://localhost:8788/app/hooks/inbox/use-inbox.ts:21
[ 2811459ms] [INFO] [cadence:tasks-query] state changed {filters: Object, enabled: false, status: success, fetchStatus: idle, count: 1} @ http://localhost:8788/app/hooks/tasks/use-tasks.ts:28
[ 2811462ms] [INFO] [cadence:inbox-query] state changed {enabled: true, status: success, fetchStatus: idle, count: 0, error: null} @ http://localhost:8788/app/hooks/inbox/use-inbox.ts:21
[ 2811464ms] [INFO] [cadence:tasks-query] state changed {filters: Object, enabled: true, status: success, fetchStatus: idle, count: 1} @ http://localhost:8788/app/hooks/tasks/use-tasks.ts:28
[ 2811465ms] [INFO] [cadence:tasks-query] state changed {filters: Object, enabled: true, status: success, fetchStatus: idle, count: 0} @ http://localhost:8788/app/hooks/tasks/use-tasks.ts:28
[ 2811470ms] [INFO] [cadence:tasks-query] state changed {filters: Object, enabled: true, status: success, fetchStatus: idle, count: 1} @ http://localhost:8788/app/hooks/tasks/use-tasks.ts:28
[ 2811476ms] [INFO] [cadence:inbox-query] state changed {enabled: true, status: success, fetchStatus: idle, count: 0, error: null} @ http://localhost:8788/app/hooks/inbox/use-inbox.ts:21
[ 2811478ms] [INFO] [cadence:tasks-query] state changed {filters: Object, enabled: true, status: success, fetchStatus: idle, count: 0} @ http://localhost:8788/app/hooks/tasks/use-tasks.ts:28
[ 2811480ms] [INFO] [cadence:tasks-query] state changed {filters: Object, enabled: false, status: success, fetchStatus: idle, count: 1} @ http://localhost:8788/app/hooks/tasks/use-tasks.ts:28
[ 2811480ms] [INFO] [cadence:inbox-query] state changed {enabled: true, status: success, fetchStatus: idle, count: 0, error: null} @ http://localhost:8788/app/hooks/inbox/use-inbox.ts:21
[ 2811482ms] [INFO] [cadence:tasks-query] state changed {filters: Object, enabled: false, status: success, fetchStatus: idle, count: 1} @ http://localhost:8788/app/hooks/tasks/use-tasks.ts:28
[ 2811483ms] [INFO] [cadence:inbox-query] state changed {enabled: true, status: success, fetchStatus: idle, count: 0, error: null} @ http://localhost:8788/app/hooks/inbox/use-inbox.ts:21
[ 2817384ms] [INFO] [cadence:tasks-query] state changed {filters: Object, enabled: true, status: success, fetchStatus: idle, count: 1} @ http://localhost:8788/app/hooks/tasks/use-tasks.ts:28
[ 2817385ms] [INFO] [cadence:tasks-query] state changed {filters: Object, enabled: true, status: success, fetchStatus: idle, count: 0} @ http://localhost:8788/app/hooks/tasks/use-tasks.ts:28
[ 2817386ms] [INFO] [cadence:tasks-query] state changed {filters: Object, enabled: false, status: success, fetchStatus: idle, count: 1} @ http://localhost:8788/app/hooks/tasks/use-tasks.ts:28
[ 2817386ms] [INFO] [cadence:tasks-query] state changed {filters: Object, enabled: false, status: success, fetchStatus: idle, count: 1} @ http://localhost:8788/app/hooks/tasks/use-tasks.ts:28
[ 2817387ms] [INFO] [cadence:tasks-query] state changed {filters: Object, enabled: true, status: success, fetchStatus: idle, count: 1} @ http://localhost:8788/app/hooks/tasks/use-tasks.ts:28
[ 2867010ms] [INFO] [cadence:tasks-query] state changed {filters: Object, enabled: true, status: success, fetchStatus: idle, count: 1} @ http://localhost:8788/app/hooks/tasks/use-tasks.ts:28
[ 2867011ms] [INFO] [cadence:tasks-query] state changed {filters: Object, enabled: true, status: success, fetchStatus: idle, count: 0} @ http://localhost:8788/app/hooks/tasks/use-tasks.ts:28
[ 2867012ms] [INFO] [cadence:tasks-query] state changed {filters: Object, enabled: false, status: success, fetchStatus: idle, count: 1} @ http://localhost:8788/app/hooks/tasks/use-tasks.ts:28
[ 2867013ms] [INFO] [cadence:tasks-query] state changed {filters: Object, enabled: false, status: success, fetchStatus: idle, count: 1} @ http://localhost:8788/app/hooks/tasks/use-tasks.ts:28
[ 2867013ms] [INFO] [cadence:tasks-query] state changed {filters: Object, enabled: true, status: success, fetchStatus: idle, count: 1} @ http://localhost:8788/app/hooks/tasks/use-tasks.ts:28
[ 2872874ms] [INFO] [cadence:tasks-query] state changed {filters: Object, enabled: true, status: success, fetchStatus: idle, count: 1} @ http://localhost:8788/app/hooks/tasks/use-tasks.ts:28
[ 2872877ms] [INFO] [cadence:tasks-query] state changed {filters: Object, enabled: true, status: success, fetchStatus: idle, count: 0} @ http://localhost:8788/app/hooks/tasks/use-tasks.ts:28
[ 2872878ms] [INFO] [cadence:tasks-query] state changed {filters: Object, enabled: false, status: success, fetchStatus: idle, count: 1} @ http://localhost:8788/app/hooks/tasks/use-tasks.ts:28
[ 2872878ms] [INFO] [cadence:tasks-query] state changed {filters: Object, enabled: false, status: success, fetchStatus: idle, count: 1} @ http://localhost:8788/app/hooks/tasks/use-tasks.ts:28
[ 2872879ms] [INFO] [cadence:tasks-query] state changed {filters: Object, enabled: true, status: success, fetchStatus: idle, count: 1} @ http://localhost:8788/app/hooks/tasks/use-tasks.ts:28
[ 2922468ms] [INFO] [cadence:tasks-query] state changed {filters: Object, enabled: true, status: success, fetchStatus: idle, count: 1} @ http://localhost:8788/app/hooks/tasks/use-tasks.ts:28
[ 2922469ms] [INFO] [cadence:tasks-query] state changed {filters: Object, enabled: true, status: success, fetchStatus: idle, count: 0} @ http://localhost:8788/app/hooks/tasks/use-tasks.ts:28
[ 2922470ms] [INFO] [cadence:tasks-query] state changed {filters: Object, enabled: false, status: success, fetchStatus: idle, count: 1} @ http://localhost:8788/app/hooks/tasks/use-tasks.ts:28
[ 2922471ms] [INFO] [cadence:tasks-query] state changed {filters: Object, enabled: false, status: success, fetchStatus: idle, count: 1} @ http://localhost:8788/app/hooks/tasks/use-tasks.ts:28
[ 2922471ms] [INFO] [cadence:tasks-query] state changed {filters: Object, enabled: true, status: success, fetchStatus: idle, count: 1} @ http://localhost:8788/app/hooks/tasks/use-tasks.ts:28
[ 2928360ms] [INFO] [cadence:tasks-query] state changed {filters: Object, enabled: true, status: success, fetchStatus: idle, count: 1} @ http://localhost:8788/app/hooks/tasks/use-tasks.ts:28
[ 2928361ms] [INFO] [cadence:tasks-query] state changed {filters: Object, enabled: true, status: success, fetchStatus: idle, count: 0} @ http://localhost:8788/app/hooks/tasks/use-tasks.ts:28
[ 2928362ms] [INFO] [cadence:tasks-query] state changed {filters: Object, enabled: false, status: success, fetchStatus: idle, count: 1} @ http://localhost:8788/app/hooks/tasks/use-tasks.ts:28
[ 2928363ms] [INFO] [cadence:tasks-query] state changed {filters: Object, enabled: false, status: success, fetchStatus: idle, count: 1} @ http://localhost:8788/app/hooks/tasks/use-tasks.ts:28
[ 2928364ms] [INFO] [cadence:tasks-query] state changed {filters: Object, enabled: true, status: success, fetchStatus: idle, count: 1} @ http://localhost:8788/app/hooks/tasks/use-tasks.ts:28
[ 2947244ms] [INFO] %cDownload the React DevTools for a better development experience: https://react.dev/link/react-devtools font-weight:bold @ http://localhost:8788/node_modules/.vite/deps/react-dom_client.js?v=32f5a6e4:15804
[ 2946064ms] [ERROR] Encountered a script tag while rendering React component. Scripts inside React components are never executed when rendering on the client. Consider using template tag instead (https://developer.mozilla.org/en-US/docs/Web/HTML/Element/template). @ http://localhost:8788/node_modules/.vite/deps/react-dom_client.js?v=32f5a6e4:6614
[ 2946242ms] [INFO] [cadence:tasks-query] state changed {filters: Object, enabled: false, status: pending, fetchStatus: idle, count: null} @ http://localhost:8788/app/hooks/tasks/use-tasks.ts:28
[ 2946246ms] [INFO] [cadence:inbox-query] state changed {enabled: false, status: pending, fetchStatus: idle, count: null, error: null} @ http://localhost:8788/app/hooks/inbox/use-inbox.ts:21
[ 2946248ms] [INFO] [cadence:tasks-query] state changed {filters: Object, enabled: false, status: pending, fetchStatus: idle, count: null} @ http://localhost:8788/app/hooks/tasks/use-tasks.ts:28
[ 2946255ms] [INFO] [cadence:tasks-query] state changed {filters: Object, enabled: false, status: pending, fetchStatus: idle, count: null} @ http://localhost:8788/app/hooks/tasks/use-tasks.ts:28
[ 2946256ms] [INFO] [cadence:inbox-query] state changed {enabled: false, status: pending, fetchStatus: idle, count: null, error: null} @ http://localhost:8788/app/hooks/inbox/use-inbox.ts:21
[ 2946257ms] [INFO] [cadence:tasks-query] state changed {filters: Object, enabled: false, status: pending, fetchStatus: idle, count: null} @ http://localhost:8788/app/hooks/tasks/use-tasks.ts:28
[ 2946346ms] [INFO] [cadence:tasks-query] state changed {filters: Object, enabled: false, status: pending, fetchStatus: idle, count: null} @ http://localhost:8788/app/hooks/tasks/use-tasks.ts:28
[ 2946348ms] [INFO] [cadence:tasks-query] state changed {filters: Object, enabled: false, status: pending, fetchStatus: idle, count: null} @ http://localhost:8788/app/hooks/tasks/use-tasks.ts:28
[ 2946442ms] [INFO] [cadence:tasks-query] state changed {filters: Object, enabled: false, status: pending, fetchStatus: idle, count: null} @ http://localhost:8788/app/hooks/tasks/use-tasks.ts:28
[ 2946443ms] [INFO] [cadence:tasks-query] state changed {filters: Object, enabled: false, status: pending, fetchStatus: idle, count: null} @ http://localhost:8788/app/hooks/tasks/use-tasks.ts:28
[ 2946500ms] [INFO] [cadence:tasks-query] state changed {filters: Object, enabled: false, status: pending, fetchStatus: idle, count: null} @ http://localhost:8788/app/hooks/tasks/use-tasks.ts:28
[ 2947206ms] [INFO] [cadence:tasks-query] state changed {filters: Object, enabled: false, status: pending, fetchStatus: idle, count: null} @ http://localhost:8788/app/hooks/tasks/use-tasks.ts:28
[ 2947208ms] [INFO] [cadence:inbox-query] state changed {enabled: false, status: pending, fetchStatus: idle, count: null, error: null} @ http://localhost:8788/app/hooks/inbox/use-inbox.ts:21
[ 2947209ms] [INFO] [cadence:tasks-query] state changed {filters: Object, enabled: false, status: pending, fetchStatus: idle, count: null} @ http://localhost:8788/app/hooks/tasks/use-tasks.ts:28
[ 2947479ms] [INFO] [cadence:tasks-query] state changed {filters: Object, enabled: true, status: pending, fetchStatus: fetching, count: null} @ http://localhost:8788/app/hooks/tasks/use-tasks.ts:28
[ 2947483ms] [INFO] [cadence:inbox-query] state changed {enabled: true, status: pending, fetchStatus: fetching, count: null, error: null} @ http://localhost:8788/app/hooks/inbox/use-inbox.ts:21
[ 2947485ms] [INFO] [cadence:tasks-query] state changed {filters: Object, enabled: true, status: pending, fetchStatus: fetching, count: null} @ http://localhost:8788/app/hooks/tasks/use-tasks.ts:28
[ 2947488ms] [INFO] [cadence:tasks-query] state changed {filters: Object, enabled: true, status: pending, fetchStatus: fetching, count: null} @ http://localhost:8788/app/hooks/tasks/use-tasks.ts:28
[ 2947489ms] [INFO] [cadence:inbox-query] state changed {enabled: true, status: pending, fetchStatus: fetching, count: null, error: null} @ http://localhost:8788/app/hooks/inbox/use-inbox.ts:21
[ 2947490ms] [INFO] [cadence:tasks-query] state changed {filters: Object, enabled: true, status: pending, fetchStatus: fetching, count: null} @ http://localhost:8788/app/hooks/tasks/use-tasks.ts:28
[ 2947497ms] [INFO] [cadence:tasks-query] state changed {filters: Object, enabled: true, status: pending, fetchStatus: fetching, count: null} @ http://localhost:8788/app/hooks/tasks/use-tasks.ts:28
[ 2947498ms] [INFO] [cadence:inbox-query] state changed {enabled: true, status: pending, fetchStatus: fetching, count: null, error: null} @ http://localhost:8788/app/hooks/inbox/use-inbox.ts:21
[ 2947499ms] [INFO] [cadence:tasks-query] state changed {filters: Object, enabled: true, status: pending, fetchStatus: fetching, count: null} @ http://localhost:8788/app/hooks/tasks/use-tasks.ts:28
[ 2947609ms] [INFO] [cadence:tasks-query] state changed {filters: Object, enabled: true, status: pending, fetchStatus: fetching, count: null} @ http://localhost:8788/app/hooks/tasks/use-tasks.ts:28
[ 2947611ms] [INFO] [cadence:tasks-query] state changed {filters: Object, enabled: true, status: pending, fetchStatus: fetching, count: null} @ http://localhost:8788/app/hooks/tasks/use-tasks.ts:28
[ 2947612ms] [INFO] [cadence:tasks-query] state changed {filters: Object, enabled: true, status: pending, fetchStatus: fetching, count: null} @ http://localhost:8788/app/hooks/tasks/use-tasks.ts:28
[ 2947613ms] [INFO] [cadence:tasks-query] state changed {filters: Object, enabled: true, status: pending, fetchStatus: fetching, count: null} @ http://localhost:8788/app/hooks/tasks/use-tasks.ts:28
[ 2947653ms] [WARNING] Geolocation permission has been blocked as the user has ignored the permission prompt several times. This can be reset in Page Info which can be accessed by clicking the tune icon next to the URL. See https://www.chromestatus.com/feature/6443143280984064 for more information. @ http://localhost:8788/:0
[ 2947760ms] [INFO] [cadence:tasks-query] state changed {filters: Object, enabled: true, status: pending, fetchStatus: fetching, count: null} @ http://localhost:8788/app/hooks/tasks/use-tasks.ts:28
[ 2948754ms] [INFO] [cadence:tasks-query] state changed {filters: Object, enabled: true, status: success, fetchStatus: idle, count: 1} @ http://localhost:8788/app/hooks/tasks/use-tasks.ts:28
[ 2949197ms] [INFO] [cadence:tasks-query] state changed {filters: Object, enabled: true, status: success, fetchStatus: idle, count: 1} @ http://localhost:8788/app/hooks/tasks/use-tasks.ts:28
[ 2949369ms] [INFO] [cadence:tasks-query] state changed {filters: Object, enabled: true, status: success, fetchStatus: idle, count: 1} @ http://localhost:8788/app/hooks/tasks/use-tasks.ts:28
[ 2949474ms] [INFO] [cadence:tasks-query] state changed {filters: Object, enabled: true, status: success, fetchStatus: idle, count: 1} @ http://localhost:8788/app/hooks/tasks/use-tasks.ts:28
[ 2949767ms] [INFO] [cadence:tasks-query] state changed {filters: Object, enabled: true, status: success, fetchStatus: idle, count: 1} @ http://localhost:8788/app/hooks/tasks/use-tasks.ts:28
[ 2949768ms] [INFO] [cadence:tasks-query] state changed {filters: Object, enabled: true, status: success, fetchStatus: idle, count: 0} @ http://localhost:8788/app/hooks/tasks/use-tasks.ts:28
[ 2949882ms] [INFO] [cadence:tasks-query] state changed {filters: Object, enabled: true, status: success, fetchStatus: idle, count: 1} @ http://localhost:8788/app/hooks/tasks/use-tasks.ts:28
[ 2949883ms] [INFO] [cadence:inbox-query] state changed {enabled: true, status: success, fetchStatus: idle, count: 0, error: null} @ http://localhost:8788/app/hooks/inbox/use-inbox.ts:21
[ 2949884ms] [INFO] [cadence:tasks-query] state changed {filters: Object, enabled: true, status: success, fetchStatus: idle, count: 0} @ http://localhost:8788/app/hooks/tasks/use-tasks.ts:28
[ 2967887ms] [LOG] [vite] server connection lost. Polling for restart... @ http://localhost:8788/@vite/client:1030
[ 2980830ms] [INFO] %cDownload the React DevTools for a better development experience: https://react.dev/link/react-devtools font-weight:bold @ http://localhost:8788/node_modules/.vite/deps/react-dom_client.js?v=aa890e06:15804
[ 2982487ms] [ERROR] Encountered a script tag while rendering React component. Scripts inside React components are never executed when rendering on the client. Consider using template tag instead (https://developer.mozilla.org/en-US/docs/Web/HTML/Element/template). @ http://localhost:8788/node_modules/.vite/deps/react-dom_client.js?v=aa890e06:6614
[ 2982668ms] [INFO] [cadence:tasks-query] state changed {filters: Object, enabled: false, status: pending, fetchStatus: idle, count: null} @ http://localhost:8788/app/hooks/tasks/use-tasks.ts:28
[ 2982673ms] [INFO] [cadence:inbox-query] state changed {enabled: false, status: pending, fetchStatus: idle, count: null, error: null} @ http://localhost:8788/app/hooks/inbox/use-inbox.ts:21
[ 2982674ms] [INFO] [cadence:tasks-query] state changed {filters: Object, enabled: false, status: pending, fetchStatus: idle, count: null} @ http://localhost:8788/app/hooks/tasks/use-tasks.ts:28
[ 2982683ms] [INFO] [cadence:tasks-query] state changed {filters: Object, enabled: false, status: pending, fetchStatus: idle, count: null} @ http://localhost:8788/app/hooks/tasks/use-tasks.ts:28
[ 2982684ms] [INFO] [cadence:inbox-query] state changed {enabled: false, status: pending, fetchStatus: idle, count: null, error: null} @ http://localhost:8788/app/hooks/inbox/use-inbox.ts:21
[ 2982684ms] [INFO] [cadence:tasks-query] state changed {filters: Object, enabled: false, status: pending, fetchStatus: idle, count: null} @ http://localhost:8788/app/hooks/tasks/use-tasks.ts:28
[ 2982735ms] [INFO] [cadence:tasks-query] state changed {filters: Object, enabled: false, status: pending, fetchStatus: idle, count: null} @ http://localhost:8788/app/hooks/tasks/use-tasks.ts:28
[ 2982736ms] [INFO] [cadence:tasks-query] state changed {filters: Object, enabled: false, status: pending, fetchStatus: idle, count: null} @ http://localhost:8788/app/hooks/tasks/use-tasks.ts:28
[ 2982871ms] [INFO] [cadence:tasks-query] state changed {filters: Object, enabled: false, status: pending, fetchStatus: idle, count: null} @ http://localhost:8788/app/hooks/tasks/use-tasks.ts:28
[ 2982872ms] [INFO] [cadence:inbox-query] state changed {enabled: false, status: pending, fetchStatus: idle, count: null, error: null} @ http://localhost:8788/app/hooks/inbox/use-inbox.ts:21
[ 2982873ms] [INFO] [cadence:tasks-query] state changed {filters: Object, enabled: false, status: pending, fetchStatus: idle, count: null} @ http://localhost:8788/app/hooks/tasks/use-tasks.ts:28
[ 2983026ms] [INFO] [cadence:tasks-query] state changed {filters: Object, enabled: true, status: pending, fetchStatus: idle, count: null} @ http://localhost:8788/app/hooks/tasks/use-tasks.ts:28
[ 2983027ms] [INFO] [cadence:inbox-query] state changed {enabled: true, status: pending, fetchStatus: idle, count: null, error: null} @ http://localhost:8788/app/hooks/inbox/use-inbox.ts:21
[ 2983028ms] [INFO] [cadence:tasks-query] state changed {filters: Object, enabled: true, status: pending, fetchStatus: idle, count: null} @ http://localhost:8788/app/hooks/tasks/use-tasks.ts:28
[ 2983032ms] [INFO] [cadence:tasks-query] state changed {filters: Object, enabled: true, status: pending, fetchStatus: idle, count: null} @ http://localhost:8788/app/hooks/tasks/use-tasks.ts:28
[ 2983034ms] [INFO] [cadence:inbox-query] state changed {enabled: true, status: pending, fetchStatus: idle, count: null, error: null} @ http://localhost:8788/app/hooks/inbox/use-inbox.ts:21
[ 2983035ms] [INFO] [cadence:tasks-query] state changed {filters: Object, enabled: true, status: pending, fetchStatus: idle, count: null} @ http://localhost:8788/app/hooks/tasks/use-tasks.ts:28
[ 2983039ms] [INFO] [cadence:tasks-query] state changed {filters: Object, enabled: true, status: pending, fetchStatus: idle, count: null} @ http://localhost:8788/app/hooks/tasks/use-tasks.ts:28
[ 2983040ms] [INFO] [cadence:inbox-query] state changed {enabled: true, status: pending, fetchStatus: idle, count: null, error: null} @ http://localhost:8788/app/hooks/inbox/use-inbox.ts:21
[ 2983041ms] [INFO] [cadence:tasks-query] state changed {filters: Object, enabled: true, status: pending, fetchStatus: idle, count: null} @ http://localhost:8788/app/hooks/tasks/use-tasks.ts:28
[ 2983100ms] [WARNING] Geolocation permission has been blocked as the user has ignored the permission prompt several times. This can be reset in Page Info which can be accessed by clicking the tune icon next to the URL. See https://www.chromestatus.com/feature/6443143280984064 for more information. @ http://localhost:8788/:0
[ 2983165ms] [INFO] [cadence:tasks-query] state changed {filters: Object, enabled: true, status: success, fetchStatus: fetching, count: 1} @ http://localhost:8788/app/hooks/tasks/use-tasks.ts:28
[ 2983171ms] [INFO] [cadence:inbox-query] state changed {enabled: true, status: success, fetchStatus: fetching, count: 0, error: null} @ http://localhost:8788/app/hooks/inbox/use-inbox.ts:21
[ 2983173ms] [INFO] [cadence:tasks-query] state changed {filters: Object, enabled: true, status: success, fetchStatus: fetching, count: 0} @ http://localhost:8788/app/hooks/tasks/use-tasks.ts:28
[ 2983175ms] [INFO] [cadence:tasks-query] state changed {filters: Object, enabled: true, status: success, fetchStatus: fetching, count: 1} @ http://localhost:8788/app/hooks/tasks/use-tasks.ts:28
[ 2983177ms] [INFO] [cadence:inbox-query] state changed {enabled: true, status: success, fetchStatus: fetching, count: 0, error: null} @ http://localhost:8788/app/hooks/inbox/use-inbox.ts:21
[ 2983178ms] [INFO] [cadence:tasks-query] state changed {filters: Object, enabled: true, status: success, fetchStatus: fetching, count: 0} @ http://localhost:8788/app/hooks/tasks/use-tasks.ts:28
[ 2983227ms] [INFO] [cadence:tasks-query] state changed {filters: Object, enabled: true, status: success, fetchStatus: fetching, count: 1} @ http://localhost:8788/app/hooks/tasks/use-tasks.ts:28
[ 2983228ms] [INFO] [cadence:tasks-query] state changed {filters: Object, enabled: true, status: success, fetchStatus: fetching, count: 0} @ http://localhost:8788/app/hooks/tasks/use-tasks.ts:28
[ 2983229ms] [INFO] [cadence:tasks-query] state changed {filters: Object, enabled: true, status: success, fetchStatus: fetching, count: 1} @ http://localhost:8788/app/hooks/tasks/use-tasks.ts:28
[ 2983230ms] [INFO] [cadence:tasks-query] state changed {filters: Object, enabled: true, status: success, fetchStatus: fetching, count: 0} @ http://localhost:8788/app/hooks/tasks/use-tasks.ts:28
[ 2983303ms] [INFO] [cadence:tasks-query] state changed {filters: Object, enabled: false, status: success, fetchStatus: fetching, count: 1} @ http://localhost:8788/app/hooks/tasks/use-tasks.ts:28
[ 2983305ms] [INFO] [cadence:inbox-query] state changed {enabled: true, status: success, fetchStatus: fetching, count: 0, error: null} @ http://localhost:8788/app/hooks/inbox/use-inbox.ts:21
[ 2983306ms] [INFO] [cadence:tasks-query] state changed {filters: Object, enabled: false, status: success, fetchStatus: fetching, count: 1} @ http://localhost:8788/app/hooks/tasks/use-tasks.ts:28
[ 2983307ms] [INFO] [cadence:inbox-query] state changed {enabled: true, status: success, fetchStatus: fetching, count: 0, error: null} @ http://localhost:8788/app/hooks/inbox/use-inbox.ts:21
[ 2983309ms] [INFO] [cadence:tasks-query] state changed {filters: Object, enabled: false, status: success, fetchStatus: fetching, count: 1} @ http://localhost:8788/app/hooks/tasks/use-tasks.ts:28
[ 2983310ms] [INFO] [cadence:inbox-query] state changed {enabled: true, status: success, fetchStatus: fetching, count: 0, error: null} @ http://localhost:8788/app/hooks/inbox/use-inbox.ts:21
[ 2983311ms] [INFO] [cadence:tasks-query] state changed {filters: Object, enabled: false, status: success, fetchStatus: fetching, count: 1} @ http://localhost:8788/app/hooks/tasks/use-tasks.ts:28
[ 2983311ms] [INFO] [cadence:inbox-query] state changed {enabled: true, status: success, fetchStatus: fetching, count: 0, error: null} @ http://localhost:8788/app/hooks/inbox/use-inbox.ts:21
[ 2983575ms] [INFO] [cadence:tasks-query] state changed {filters: Object, enabled: true, status: success, fetchStatus: fetching, count: 1} @ http://localhost:8788/app/hooks/tasks/use-tasks.ts:28
[ 2985240ms] [INFO] %cDownload the React DevTools for a better development experience: https://react.dev/link/react-devtools font-weight:bold @ http://localhost:8788/node_modules/.vite/deps/react-dom_client.js?v=32f5a6e4:15804
[ 2987527ms] [ERROR] Encountered a script tag while rendering React component. Scripts inside React components are never executed when rendering on the client. Consider using template tag instead (https://developer.mozilla.org/en-US/docs/Web/HTML/Element/template). @ http://localhost:8788/node_modules/.vite/deps/react-dom_client.js?v=32f5a6e4:6614
[ 2987671ms] [INFO] [cadence:tasks-query] state changed {filters: Object, enabled: false, status: pending, fetchStatus: idle, count: null} @ http://localhost:8788/app/hooks/tasks/use-tasks.ts:28
[ 2987676ms] [INFO] [cadence:inbox-query] state changed {enabled: false, status: pending, fetchStatus: idle, count: null, error: null} @ http://localhost:8788/app/hooks/inbox/use-inbox.ts:21
[ 2987677ms] [INFO] [cadence:tasks-query] state changed {filters: Object, enabled: false, status: pending, fetchStatus: idle, count: null} @ http://localhost:8788/app/hooks/tasks/use-tasks.ts:28
[ 2987683ms] [INFO] [cadence:tasks-query] state changed {filters: Object, enabled: false, status: pending, fetchStatus: idle, count: null} @ http://localhost:8788/app/hooks/tasks/use-tasks.ts:28
[ 2987686ms] [INFO] [cadence:inbox-query] state changed {enabled: false, status: pending, fetchStatus: idle, count: null, error: null} @ http://localhost:8788/app/hooks/inbox/use-inbox.ts:21
[ 2987687ms] [INFO] [cadence:tasks-query] state changed {filters: Object, enabled: false, status: pending, fetchStatus: idle, count: null} @ http://localhost:8788/app/hooks/tasks/use-tasks.ts:28
[ 2987752ms] [INFO] [cadence:tasks-query] state changed {filters: Object, enabled: false, status: pending, fetchStatus: idle, count: null} @ http://localhost:8788/app/hooks/tasks/use-tasks.ts:28
[ 2987753ms] [INFO] [cadence:tasks-query] state changed {filters: Object, enabled: false, status: pending, fetchStatus: idle, count: null} @ http://localhost:8788/app/hooks/tasks/use-tasks.ts:28
[ 2987895ms] [INFO] [cadence:tasks-query] state changed {filters: Object, enabled: false, status: pending, fetchStatus: idle, count: null} @ http://localhost:8788/app/hooks/tasks/use-tasks.ts:28
[ 2987899ms] [INFO] [cadence:inbox-query] state changed {enabled: false, status: pending, fetchStatus: idle, count: null, error: null} @ http://localhost:8788/app/hooks/inbox/use-inbox.ts:21
[ 2987900ms] [INFO] [cadence:tasks-query] state changed {filters: Object, enabled: false, status: pending, fetchStatus: idle, count: null} @ http://localhost:8788/app/hooks/tasks/use-tasks.ts:28
[ 2988028ms] [INFO] [cadence:tasks-query] state changed {filters: Object, enabled: true, status: pending, fetchStatus: idle, count: null} @ http://localhost:8788/app/hooks/tasks/use-tasks.ts:28
[ 2988031ms] [INFO] [cadence:inbox-query] state changed {enabled: true, status: pending, fetchStatus: idle, count: null, error: null} @ http://localhost:8788/app/hooks/inbox/use-inbox.ts:21
[ 2988032ms] [INFO] [cadence:tasks-query] state changed {filters: Object, enabled: true, status: pending, fetchStatus: idle, count: null} @ http://localhost:8788/app/hooks/tasks/use-tasks.ts:28
[ 2988035ms] [INFO] [cadence:tasks-query] state changed {filters: Object, enabled: true, status: pending, fetchStatus: idle, count: null} @ http://localhost:8788/app/hooks/tasks/use-tasks.ts:28
[ 2988036ms] [INFO] [cadence:inbox-query] state changed {enabled: true, status: pending, fetchStatus: idle, count: null, error: null} @ http://localhost:8788/app/hooks/inbox/use-inbox.ts:21
[ 2988037ms] [INFO] [cadence:tasks-query] state changed {filters: Object, enabled: true, status: pending, fetchStatus: idle, count: null} @ http://localhost:8788/app/hooks/tasks/use-tasks.ts:28
[ 2988042ms] [INFO] [cadence:tasks-query] state changed {filters: Object, enabled: true, status: pending, fetchStatus: idle, count: null} @ http://localhost:8788/app/hooks/tasks/use-tasks.ts:28
[ 2988044ms] [INFO] [cadence:inbox-query] state changed {enabled: true, status: pending, fetchStatus: idle, count: null, error: null} @ http://localhost:8788/app/hooks/inbox/use-inbox.ts:21
[ 2988045ms] [INFO] [cadence:tasks-query] state changed {filters: Object, enabled: true, status: pending, fetchStatus: idle, count: null} @ http://localhost:8788/app/hooks/tasks/use-tasks.ts:28
[ 2988119ms] [WARNING] Geolocation permission has been blocked as the user has ignored the permission prompt several times. This can be reset in Page Info which can be accessed by clicking the tune icon next to the URL. See https://www.chromestatus.com/feature/6443143280984064 for more information. @ http://localhost:8788/:0
[ 2988217ms] [INFO] [cadence:tasks-query] state changed {filters: Object, enabled: true, status: pending, fetchStatus: fetching, count: null} @ http://localhost:8788/app/hooks/tasks/use-tasks.ts:28
[ 2988220ms] [INFO] [cadence:inbox-query] state changed {enabled: true, status: pending, fetchStatus: fetching, count: null, error: null} @ http://localhost:8788/app/hooks/inbox/use-inbox.ts:21
[ 2988221ms] [INFO] [cadence:tasks-query] state changed {filters: Object, enabled: true, status: pending, fetchStatus: fetching, count: null} @ http://localhost:8788/app/hooks/tasks/use-tasks.ts:28
[ 2988223ms] [INFO] [cadence:tasks-query] state changed {filters: Object, enabled: true, status: pending, fetchStatus: fetching, count: null} @ http://localhost:8788/app/hooks/tasks/use-tasks.ts:28
[ 2988224ms] [INFO] [cadence:inbox-query] state changed {enabled: true, status: pending, fetchStatus: fetching, count: null, error: null} @ http://localhost:8788/app/hooks/inbox/use-inbox.ts:21
[ 2988226ms] [INFO] [cadence:tasks-query] state changed {filters: Object, enabled: true, status: pending, fetchStatus: fetching, count: null} @ http://localhost:8788/app/hooks/tasks/use-tasks.ts:28
[ 2988282ms] [INFO] [cadence:tasks-query] state changed {filters: Object, enabled: true, status: pending, fetchStatus: fetching, count: null} @ http://localhost:8788/app/hooks/tasks/use-tasks.ts:28
[ 2988283ms] [INFO] [cadence:tasks-query] state changed {filters: Object, enabled: true, status: pending, fetchStatus: fetching, count: null} @ http://localhost:8788/app/hooks/tasks/use-tasks.ts:28
[ 2988284ms] [INFO] [cadence:tasks-query] state changed {filters: Object, enabled: true, status: pending, fetchStatus: fetching, count: null} @ http://localhost:8788/app/hooks/tasks/use-tasks.ts:28
[ 2988285ms] [INFO] [cadence:tasks-query] state changed {filters: Object, enabled: true, status: pending, fetchStatus: fetching, count: null} @ http://localhost:8788/app/hooks/tasks/use-tasks.ts:28
[ 2988623ms] [INFO] [cadence:tasks-query] state changed {filters: Object, enabled: false, status: pending, fetchStatus: fetching, count: null} @ http://localhost:8788/app/hooks/tasks/use-tasks.ts:28
[ 2988624ms] [INFO] [cadence:inbox-query] state changed {enabled: true, status: pending, fetchStatus: fetching, count: null, error: null} @ http://localhost:8788/app/hooks/inbox/use-inbox.ts:21
[ 2988626ms] [INFO] [cadence:tasks-query] state changed {filters: Object, enabled: false, status: pending, fetchStatus: fetching, count: null} @ http://localhost:8788/app/hooks/tasks/use-tasks.ts:28
[ 2988627ms] [INFO] [cadence:inbox-query] state changed {enabled: true, status: pending, fetchStatus: fetching, count: null, error: null} @ http://localhost:8788/app/hooks/inbox/use-inbox.ts:21
[ 2988628ms] [INFO] [cadence:tasks-query] state changed {filters: Object, enabled: false, status: pending, fetchStatus: fetching, count: null} @ http://localhost:8788/app/hooks/tasks/use-tasks.ts:28
[ 2988629ms] [INFO] [cadence:inbox-query] state changed {enabled: true, status: pending, fetchStatus: fetching, count: null, error: null} @ http://localhost:8788/app/hooks/inbox/use-inbox.ts:21
[ 2988630ms] [INFO] [cadence:tasks-query] state changed {filters: Object, enabled: false, status: pending, fetchStatus: fetching, count: null} @ http://localhost:8788/app/hooks/tasks/use-tasks.ts:28
[ 2988631ms] [INFO] [cadence:inbox-query] state changed {enabled: true, status: pending, fetchStatus: fetching, count: null, error: null} @ http://localhost:8788/app/hooks/inbox/use-inbox.ts:21
[ 2988829ms] [INFO] [cadence:tasks-query] state changed {filters: Object, enabled: true, status: pending, fetchStatus: fetching, count: null} @ http://localhost:8788/app/hooks/tasks/use-tasks.ts:28
[ 2989289ms] [INFO] %cDownload the React DevTools for a better development experience: https://react.dev/link/react-devtools font-weight:bold @ http://localhost:8788/node_modules/.vite/deps/react-dom_client.js?v=32f5a6e4:15804
[ 2990134ms] [ERROR] Encountered a script tag while rendering React component. Scripts inside React components are never executed when rendering on the client. Consider using template tag instead (https://developer.mozilla.org/en-US/docs/Web/HTML/Element/template). @ http://localhost:8788/node_modules/.vite/deps/react-dom_client.js?v=32f5a6e4:6614
[ 2990251ms] [INFO] [cadence:tasks-query] state changed {filters: Object, enabled: false, status: pending, fetchStatus: idle, count: null} @ http://localhost:8788/app/hooks/tasks/use-tasks.ts:28
[ 2990255ms] [INFO] [cadence:inbox-query] state changed {enabled: false, status: pending, fetchStatus: idle, count: null, error: null} @ http://localhost:8788/app/hooks/inbox/use-inbox.ts:21
[ 2990256ms] [INFO] [cadence:tasks-query] state changed {filters: Object, enabled: false, status: pending, fetchStatus: idle, count: null} @ http://localhost:8788/app/hooks/tasks/use-tasks.ts:28
[ 2990260ms] [INFO] [cadence:tasks-query] state changed {filters: Object, enabled: false, status: pending, fetchStatus: idle, count: null} @ http://localhost:8788/app/hooks/tasks/use-tasks.ts:28
[ 2990263ms] [INFO] [cadence:inbox-query] state changed {enabled: false, status: pending, fetchStatus: idle, count: null, error: null} @ http://localhost:8788/app/hooks/inbox/use-inbox.ts:21
[ 2990264ms] [INFO] [cadence:tasks-query] state changed {filters: Object, enabled: false, status: pending, fetchStatus: idle, count: null} @ http://localhost:8788/app/hooks/tasks/use-tasks.ts:28
[ 2990315ms] [INFO] [cadence:tasks-query] state changed {filters: Object, enabled: false, status: pending, fetchStatus: idle, count: null} @ http://localhost:8788/app/hooks/tasks/use-tasks.ts:28
[ 2990316ms] [INFO] [cadence:tasks-query] state changed {filters: Object, enabled: false, status: pending, fetchStatus: idle, count: null} @ http://localhost:8788/app/hooks/tasks/use-tasks.ts:28
[ 2990413ms] [INFO] [cadence:tasks-query] state changed {filters: Object, enabled: false, status: pending, fetchStatus: idle, count: null} @ http://localhost:8788/app/hooks/tasks/use-tasks.ts:28
[ 2990415ms] [INFO] [cadence:inbox-query] state changed {enabled: false, status: pending, fetchStatus: idle, count: null, error: null} @ http://localhost:8788/app/hooks/inbox/use-inbox.ts:21
[ 2990415ms] [INFO] [cadence:tasks-query] state changed {filters: Object, enabled: false, status: pending, fetchStatus: idle, count: null} @ http://localhost:8788/app/hooks/tasks/use-tasks.ts:28
[ 2990499ms] [INFO] [cadence:tasks-query] state changed {filters: Object, enabled: true, status: pending, fetchStatus: idle, count: null} @ http://localhost:8788/app/hooks/tasks/use-tasks.ts:28
[ 2990503ms] [INFO] [cadence:inbox-query] state changed {enabled: true, status: pending, fetchStatus: idle, count: null, error: null} @ http://localhost:8788/app/hooks/inbox/use-inbox.ts:21
[ 2990504ms] [INFO] [cadence:tasks-query] state changed {filters: Object, enabled: true, status: pending, fetchStatus: idle, count: null} @ http://localhost:8788/app/hooks/tasks/use-tasks.ts:28
[ 2990506ms] [INFO] [cadence:tasks-query] state changed {filters: Object, enabled: true, status: pending, fetchStatus: idle, count: null} @ http://localhost:8788/app/hooks/tasks/use-tasks.ts:28
[ 2990506ms] [INFO] [cadence:inbox-query] state changed {enabled: true, status: pending, fetchStatus: idle, count: null, error: null} @ http://localhost:8788/app/hooks/inbox/use-inbox.ts:21
[ 2990507ms] [INFO] [cadence:tasks-query] state changed {filters: Object, enabled: true, status: pending, fetchStatus: idle, count: null} @ http://localhost:8788/app/hooks/tasks/use-tasks.ts:28
[ 2990509ms] [INFO] [cadence:tasks-query] state changed {filters: Object, enabled: true, status: pending, fetchStatus: idle, count: null} @ http://localhost:8788/app/hooks/tasks/use-tasks.ts:28
[ 2990510ms] [INFO] [cadence:inbox-query] state changed {enabled: true, status: pending, fetchStatus: idle, count: null, error: null} @ http://localhost:8788/app/hooks/inbox/use-inbox.ts:21
[ 2990510ms] [INFO] [cadence:tasks-query] state changed {filters: Object, enabled: true, status: pending, fetchStatus: idle, count: null} @ http://localhost:8788/app/hooks/tasks/use-tasks.ts:28
[ 2990543ms] [WARNING] Geolocation permission has been blocked as the user has ignored the permission prompt several times. This can be reset in Page Info which can be accessed by clicking the tune icon next to the URL. See https://www.chromestatus.com/feature/6443143280984064 for more information. @ http://localhost:8788/:0
[ 2990622ms] [INFO] [cadence:tasks-query] state changed {filters: Object, enabled: true, status: pending, fetchStatus: fetching, count: null} @ http://localhost:8788/app/hooks/tasks/use-tasks.ts:28
[ 2990625ms] [INFO] [cadence:inbox-query] state changed {enabled: true, status: pending, fetchStatus: fetching, count: null, error: null} @ http://localhost:8788/app/hooks/inbox/use-inbox.ts:21
[ 2990626ms] [INFO] [cadence:tasks-query] state changed {filters: Object, enabled: true, status: pending, fetchStatus: fetching, count: null} @ http://localhost:8788/app/hooks/tasks/use-tasks.ts:28
[ 2990628ms] [INFO] [cadence:tasks-query] state changed {filters: Object, enabled: true, status: pending, fetchStatus: fetching, count: null} @ http://localhost:8788/app/hooks/tasks/use-tasks.ts:28
[ 2990629ms] [INFO] [cadence:inbox-query] state changed {enabled: true, status: pending, fetchStatus: fetching, count: null, error: null} @ http://localhost:8788/app/hooks/inbox/use-inbox.ts:21
[ 2990630ms] [INFO] [cadence:tasks-query] state changed {filters: Object, enabled: true, status: pending, fetchStatus: fetching, count: null} @ http://localhost:8788/app/hooks/tasks/use-tasks.ts:28
[ 2990672ms] [INFO] [cadence:tasks-query] state changed {filters: Object, enabled: true, status: pending, fetchStatus: fetching, count: null} @ http://localhost:8788/app/hooks/tasks/use-tasks.ts:28
[ 2990673ms] [INFO] [cadence:tasks-query] state changed {filters: Object, enabled: true, status: pending, fetchStatus: fetching, count: null} @ http://localhost:8788/app/hooks/tasks/use-tasks.ts:28
[ 2990674ms] [INFO] [cadence:tasks-query] state changed {filters: Object, enabled: true, status: pending, fetchStatus: fetching, count: null} @ http://localhost:8788/app/hooks/tasks/use-tasks.ts:28
[ 2990674ms] [INFO] [cadence:tasks-query] state changed {filters: Object, enabled: true, status: pending, fetchStatus: fetching, count: null} @ http://localhost:8788/app/hooks/tasks/use-tasks.ts:28
[ 2990786ms] [INFO] [cadence:tasks-query] state changed {filters: Object, enabled: false, status: pending, fetchStatus: fetching, count: null} @ http://localhost:8788/app/hooks/tasks/use-tasks.ts:28
[ 2990788ms] [INFO] [cadence:inbox-query] state changed {enabled: true, status: pending, fetchStatus: fetching, count: null, error: null} @ http://localhost:8788/app/hooks/inbox/use-inbox.ts:21
[ 2990789ms] [INFO] [cadence:tasks-query] state changed {filters: Object, enabled: false, status: pending, fetchStatus: fetching, count: null} @ http://localhost:8788/app/hooks/tasks/use-tasks.ts:28
[ 2990790ms] [INFO] [cadence:inbox-query] state changed {enabled: true, status: pending, fetchStatus: fetching, count: null, error: null} @ http://localhost:8788/app/hooks/inbox/use-inbox.ts:21
[ 2990791ms] [INFO] [cadence:tasks-query] state changed {filters: Object, enabled: false, status: pending, fetchStatus: fetching, count: null} @ http://localhost:8788/app/hooks/tasks/use-tasks.ts:28
[ 2990792ms] [INFO] [cadence:inbox-query] state changed {enabled: true, status: pending, fetchStatus: fetching, count: null, error: null} @ http://localhost:8788/app/hooks/inbox/use-inbox.ts:21
[ 2990793ms] [INFO] [cadence:tasks-query] state changed {filters: Object, enabled: false, status: pending, fetchStatus: fetching, count: null} @ http://localhost:8788/app/hooks/tasks/use-tasks.ts:28
[ 2990793ms] [INFO] [cadence:inbox-query] state changed {enabled: true, status: pending, fetchStatus: fetching, count: null, error: null} @ http://localhost:8788/app/hooks/inbox/use-inbox.ts:21
[ 2990982ms] [INFO] [cadence:tasks-query] state changed {filters: Object, enabled: true, status: pending, fetchStatus: fetching, count: null} @ http://localhost:8788/app/hooks/tasks/use-tasks.ts:28
[ 2991495ms] [INFO] [cadence:tasks-query] state changed {filters: Object, enabled: true, status: pending, fetchStatus: fetching, count: null} @ http://localhost:8788/app/hooks/tasks/use-tasks.ts:28
[ 2991589ms] [INFO] [cadence:tasks-query] state changed {filters: Object, enabled: true, status: success, fetchStatus: idle, count: 1} @ http://localhost:8788/app/hooks/tasks/use-tasks.ts:28
[ 2991692ms] [INFO] [cadence:tasks-query] state changed {filters: Object, enabled: true, status: success, fetchStatus: idle, count: 1} @ http://localhost:8788/app/hooks/tasks/use-tasks.ts:28
[ 2991745ms] [INFO] [cadence:tasks-query] state changed {filters: Object, enabled: true, status: success, fetchStatus: idle, count: 1} @ http://localhost:8788/app/hooks/tasks/use-tasks.ts:28
[ 2992016ms] [INFO] [cadence:tasks-query] state changed {filters: Object, enabled: true, status: success, fetchStatus: idle, count: 1} @ http://localhost:8788/app/hooks/tasks/use-tasks.ts:28
[ 2992017ms] [INFO] [cadence:inbox-query] state changed {enabled: true, status: success, fetchStatus: idle, count: 0, error: null} @ http://localhost:8788/app/hooks/inbox/use-inbox.ts:21
[ 2992018ms] [INFO] [cadence:tasks-query] state changed {filters: Object, enabled: true, status: pending, fetchStatus: fetching, count: null} @ http://localhost:8788/app/hooks/tasks/use-tasks.ts:28
[ 2992064ms] [INFO] [cadence:tasks-query] state changed {filters: Object, enabled: true, status: success, fetchStatus: idle, count: 1} @ http://localhost:8788/app/hooks/tasks/use-tasks.ts:28
[ 2992065ms] [INFO] [cadence:tasks-query] state changed {filters: Object, enabled: true, status: success, fetchStatus: idle, count: 0} @ http://localhost:8788/app/hooks/tasks/use-tasks.ts:28
[ 2992217ms] [INFO] [cadence:tasks-query] state changed {filters: Object, enabled: true, status: success, fetchStatus: idle, count: 1} @ http://localhost:8788/app/hooks/tasks/use-tasks.ts:28
[ 2993852ms] [INFO] %cDownload the React DevTools for a better development experience: https://react.dev/link/react-devtools font-weight:bold @ http://localhost:8788/node_modules/.vite/deps/react-dom_client.js?v=32f5a6e4:15804
[ 2994497ms] [ERROR] Encountered a script tag while rendering React component. Scripts inside React components are never executed when rendering on the client. Consider using template tag instead (https://developer.mozilla.org/en-US/docs/Web/HTML/Element/template). @ http://localhost:8788/node_modules/.vite/deps/react-dom_client.js?v=32f5a6e4:6614
[ 2994635ms] [INFO] [cadence:tasks-query] state changed {filters: Object, enabled: false, status: pending, fetchStatus: idle, count: null} @ http://localhost:8788/app/hooks/tasks/use-tasks.ts:28
[ 2994638ms] [INFO] [cadence:inbox-query] state changed {enabled: false, status: pending, fetchStatus: idle, count: null, error: null} @ http://localhost:8788/app/hooks/inbox/use-inbox.ts:21
[ 2994639ms] [INFO] [cadence:tasks-query] state changed {filters: Object, enabled: false, status: pending, fetchStatus: idle, count: null} @ http://localhost:8788/app/hooks/tasks/use-tasks.ts:28
[ 2994642ms] [INFO] [cadence:tasks-query] state changed {filters: Object, enabled: false, status: pending, fetchStatus: idle, count: null} @ http://localhost:8788/app/hooks/tasks/use-tasks.ts:28
[ 2994643ms] [INFO] [cadence:inbox-query] state changed {enabled: false, status: pending, fetchStatus: idle, count: null, error: null} @ http://localhost:8788/app/hooks/inbox/use-inbox.ts:21
[ 2994644ms] [INFO] [cadence:tasks-query] state changed {filters: Object, enabled: false, status: pending, fetchStatus: idle, count: null} @ http://localhost:8788/app/hooks/tasks/use-tasks.ts:28
[ 2994703ms] [INFO] [cadence:tasks-query] state changed {filters: Object, enabled: false, status: pending, fetchStatus: idle, count: null} @ http://localhost:8788/app/hooks/tasks/use-tasks.ts:28
[ 2994704ms] [INFO] [cadence:tasks-query] state changed {filters: Object, enabled: false, status: pending, fetchStatus: idle, count: null} @ http://localhost:8788/app/hooks/tasks/use-tasks.ts:28
[ 2994802ms] [INFO] [cadence:tasks-query] state changed {filters: Object, enabled: false, status: pending, fetchStatus: idle, count: null} @ http://localhost:8788/app/hooks/tasks/use-tasks.ts:28
[ 2994804ms] [INFO] [cadence:inbox-query] state changed {enabled: false, status: pending, fetchStatus: idle, count: null, error: null} @ http://localhost:8788/app/hooks/inbox/use-inbox.ts:21
[ 2994805ms] [INFO] [cadence:tasks-query] state changed {filters: Object, enabled: false, status: pending, fetchStatus: idle, count: null} @ http://localhost:8788/app/hooks/tasks/use-tasks.ts:28
[ 2994900ms] [INFO] [cadence:tasks-query] state changed {filters: Object, enabled: true, status: pending, fetchStatus: idle, count: null} @ http://localhost:8788/app/hooks/tasks/use-tasks.ts:28
[ 2994903ms] [INFO] [cadence:inbox-query] state changed {enabled: true, status: pending, fetchStatus: idle, count: null, error: null} @ http://localhost:8788/app/hooks/inbox/use-inbox.ts:21
[ 2994903ms] [INFO] [cadence:tasks-query] state changed {filters: Object, enabled: true, status: pending, fetchStatus: idle, count: null} @ http://localhost:8788/app/hooks/tasks/use-tasks.ts:28
[ 2994905ms] [INFO] [cadence:tasks-query] state changed {filters: Object, enabled: true, status: pending, fetchStatus: idle, count: null} @ http://localhost:8788/app/hooks/tasks/use-tasks.ts:28
[ 2994906ms] [INFO] [cadence:inbox-query] state changed {enabled: true, status: pending, fetchStatus: idle, count: null, error: null} @ http://localhost:8788/app/hooks/inbox/use-inbox.ts:21
[ 2994906ms] [INFO] [cadence:tasks-query] state changed {filters: Object, enabled: true, status: pending, fetchStatus: idle, count: null} @ http://localhost:8788/app/hooks/tasks/use-tasks.ts:28
[ 2994909ms] [INFO] [cadence:tasks-query] state changed {filters: Object, enabled: true, status: pending, fetchStatus: idle, count: null} @ http://localhost:8788/app/hooks/tasks/use-tasks.ts:28
[ 2994909ms] [INFO] [cadence:inbox-query] state changed {enabled: true, status: pending, fetchStatus: idle, count: null, error: null} @ http://localhost:8788/app/hooks/inbox/use-inbox.ts:21
[ 2994910ms] [INFO] [cadence:tasks-query] state changed {filters: Object, enabled: true, status: pending, fetchStatus: idle, count: null} @ http://localhost:8788/app/hooks/tasks/use-tasks.ts:28
[ 2995001ms] [INFO] [cadence:tasks-query] state changed {filters: Object, enabled: true, status: pending, fetchStatus: fetching, count: null} @ http://localhost:8788/app/hooks/tasks/use-tasks.ts:28
[ 2995005ms] [INFO] [cadence:inbox-query] state changed {enabled: true, status: pending, fetchStatus: fetching, count: null, error: null} @ http://localhost:8788/app/hooks/inbox/use-inbox.ts:21
[ 2995007ms] [INFO] [cadence:tasks-query] state changed {filters: Object, enabled: true, status: pending, fetchStatus: fetching, count: null} @ http://localhost:8788/app/hooks/tasks/use-tasks.ts:28
[ 2995008ms] [INFO] [cadence:tasks-query] state changed {filters: Object, enabled: true, status: pending, fetchStatus: fetching, count: null} @ http://localhost:8788/app/hooks/tasks/use-tasks.ts:28
[ 2995009ms] [INFO] [cadence:inbox-query] state changed {enabled: true, status: pending, fetchStatus: fetching, count: null, error: null} @ http://localhost:8788/app/hooks/inbox/use-inbox.ts:21
[ 2995010ms] [INFO] [cadence:tasks-query] state changed {filters: Object, enabled: true, status: pending, fetchStatus: fetching, count: null} @ http://localhost:8788/app/hooks/tasks/use-tasks.ts:28
[ 2995045ms] [INFO] [cadence:tasks-query] state changed {filters: Object, enabled: true, status: pending, fetchStatus: fetching, count: null} @ http://localhost:8788/app/hooks/tasks/use-tasks.ts:28
[ 2995046ms] [INFO] [cadence:tasks-query] state changed {filters: Object, enabled: true, status: pending, fetchStatus: fetching, count: null} @ http://localhost:8788/app/hooks/tasks/use-tasks.ts:28
[ 2995046ms] [INFO] [cadence:tasks-query] state changed {filters: Object, enabled: true, status: pending, fetchStatus: fetching, count: null} @ http://localhost:8788/app/hooks/tasks/use-tasks.ts:28
[ 2995047ms] [INFO] [cadence:tasks-query] state changed {filters: Object, enabled: true, status: pending, fetchStatus: fetching, count: null} @ http://localhost:8788/app/hooks/tasks/use-tasks.ts:28
[ 2995060ms] [WARNING] Geolocation permission has been blocked as the user has ignored the permission prompt several times. This can be reset in Page Info which can be accessed by clicking the tune icon next to the URL. See https://www.chromestatus.com/feature/6443143280984064 for more information. @ http://localhost:8788/:0
[ 2995184ms] [INFO] [cadence:tasks-query] state changed {filters: Object, enabled: false, status: pending, fetchStatus: fetching, count: null} @ http://localhost:8788/app/hooks/tasks/use-tasks.ts:28
[ 2995185ms] [INFO] [cadence:inbox-query] state changed {enabled: true, status: pending, fetchStatus: fetching, count: null, error: null} @ http://localhost:8788/app/hooks/inbox/use-inbox.ts:21
[ 2995186ms] [INFO] [cadence:tasks-query] state changed {filters: Object, enabled: false, status: pending, fetchStatus: fetching, count: null} @ http://localhost:8788/app/hooks/tasks/use-tasks.ts:28
[ 2995187ms] [INFO] [cadence:inbox-query] state changed {enabled: true, status: pending, fetchStatus: fetching, count: null, error: null} @ http://localhost:8788/app/hooks/inbox/use-inbox.ts:21
[ 2995189ms] [INFO] [cadence:tasks-query] state changed {filters: Object, enabled: false, status: pending, fetchStatus: fetching, count: null} @ http://localhost:8788/app/hooks/tasks/use-tasks.ts:28
[ 2995189ms] [INFO] [cadence:inbox-query] state changed {enabled: true, status: pending, fetchStatus: fetching, count: null, error: null} @ http://localhost:8788/app/hooks/inbox/use-inbox.ts:21
[ 2995190ms] [INFO] [cadence:tasks-query] state changed {filters: Object, enabled: false, status: pending, fetchStatus: fetching, count: null} @ http://localhost:8788/app/hooks/tasks/use-tasks.ts:28
[ 2995191ms] [INFO] [cadence:inbox-query] state changed {enabled: true, status: pending, fetchStatus: fetching, count: null, error: null} @ http://localhost:8788/app/hooks/inbox/use-inbox.ts:21
[ 2995455ms] [INFO] [cadence:tasks-query] state changed {filters: Object, enabled: true, status: pending, fetchStatus: fetching, count: null} @ http://localhost:8788/app/hooks/tasks/use-tasks.ts:28
[ 2995942ms] [INFO] [cadence:tasks-query] state changed {filters: Object, enabled: true, status: pending, fetchStatus: fetching, count: null} @ http://localhost:8788/app/hooks/tasks/use-tasks.ts:28
[ 2995944ms] [INFO] [cadence:tasks-query] state changed {filters: Object, enabled: true, status: pending, fetchStatus: fetching, count: null} @ http://localhost:8788/app/hooks/tasks/use-tasks.ts:28
[ 2995945ms] [INFO] [cadence:tasks-query] state changed {filters: Object, enabled: false, status: pending, fetchStatus: fetching, count: null} @ http://localhost:8788/app/hooks/tasks/use-tasks.ts:28
[ 2995945ms] [INFO] [cadence:tasks-query] state changed {filters: Object, enabled: false, status: pending, fetchStatus: fetching, count: null} @ http://localhost:8788/app/hooks/tasks/use-tasks.ts:28
[ 2995946ms] [INFO] [cadence:tasks-query] state changed {filters: Object, enabled: true, status: pending, fetchStatus: fetching, count: null} @ http://localhost:8788/app/hooks/tasks/use-tasks.ts:28
[ 2996021ms] [INFO] [cadence:tasks-query] state changed {filters: Object, enabled: true, status: success, fetchStatus: idle, count: 1} @ http://localhost:8788/app/hooks/tasks/use-tasks.ts:28
[ 2996022ms] [INFO] [cadence:tasks-query] state changed {filters: Object, enabled: true, status: pending, fetchStatus: fetching, count: null} @ http://localhost:8788/app/hooks/tasks/use-tasks.ts:28
[ 2996023ms] [INFO] [cadence:tasks-query] state changed {filters: Object, enabled: false, status: success, fetchStatus: idle, count: 1} @ http://localhost:8788/app/hooks/tasks/use-tasks.ts:28
[ 2996024ms] [INFO] [cadence:tasks-query] state changed {filters: Object, enabled: false, status: success, fetchStatus: idle, count: 1} @ http://localhost:8788/app/hooks/tasks/use-tasks.ts:28
[ 2996026ms] [INFO] [cadence:tasks-query] state changed {filters: Object, enabled: true, status: success, fetchStatus: idle, count: 1} @ http://localhost:8788/app/hooks/tasks/use-tasks.ts:28
[ 2996093ms] [INFO] [cadence:tasks-query] state changed {filters: Object, enabled: true, status: success, fetchStatus: idle, count: 1} @ http://localhost:8788/app/hooks/tasks/use-tasks.ts:28
[ 2996094ms] [INFO] [cadence:tasks-query] state changed {filters: Object, enabled: true, status: pending, fetchStatus: fetching, count: null} @ http://localhost:8788/app/hooks/tasks/use-tasks.ts:28
[ 2996094ms] [INFO] [cadence:tasks-query] state changed {filters: Object, enabled: false, status: success, fetchStatus: idle, count: 1} @ http://localhost:8788/app/hooks/tasks/use-tasks.ts:28
[ 2996095ms] [INFO] [cadence:tasks-query] state changed {filters: Object, enabled: false, status: success, fetchStatus: idle, count: 1} @ http://localhost:8788/app/hooks/tasks/use-tasks.ts:28
[ 2996095ms] [INFO] [cadence:tasks-query] state changed {filters: Object, enabled: true, status: success, fetchStatus: idle, count: 1} @ http://localhost:8788/app/hooks/tasks/use-tasks.ts:28
[ 2996149ms] [INFO] [cadence:tasks-query] state changed {filters: Object, enabled: true, status: success, fetchStatus: idle, count: 1} @ http://localhost:8788/app/hooks/tasks/use-tasks.ts:28
[ 2996309ms] [INFO] [cadence:tasks-query] state changed {filters: Object, enabled: true, status: success, fetchStatus: idle, count: 1} @ http://localhost:8788/app/hooks/tasks/use-tasks.ts:28
[ 2996309ms] [INFO] [cadence:inbox-query] state changed {enabled: true, status: success, fetchStatus: idle, count: 0, error: null} @ http://localhost:8788/app/hooks/inbox/use-inbox.ts:21
[ 2996310ms] [INFO] [cadence:tasks-query] state changed {filters: Object, enabled: true, status: pending, fetchStatus: fetching, count: null} @ http://localhost:8788/app/hooks/tasks/use-tasks.ts:28
[ 2996372ms] [INFO] [cadence:tasks-query] state changed {filters: Object, enabled: true, status: success, fetchStatus: idle, count: 1} @ http://localhost:8788/app/hooks/tasks/use-tasks.ts:28
[ 2996373ms] [INFO] [cadence:tasks-query] state changed {filters: Object, enabled: true, status: success, fetchStatus: idle, count: 0} @ http://localhost:8788/app/hooks/tasks/use-tasks.ts:28
[ 2996487ms] [INFO] [cadence:tasks-query] state changed {filters: Object, enabled: true, status: success, fetchStatus: idle, count: 1} @ http://localhost:8788/app/hooks/tasks/use-tasks.ts:28
[ 2998303ms] [INFO] %cDownload the React DevTools for a better development experience: https://react.dev/link/react-devtools font-weight:bold @ http://localhost:8788/node_modules/.vite/deps/react-dom_client.js?v=32f5a6e4:15804
[ 2998927ms] [ERROR] Encountered a script tag while rendering React component. Scripts inside React components are never executed when rendering on the client. Consider using template tag instead (https://developer.mozilla.org/en-US/docs/Web/HTML/Element/template). @ http://localhost:8788/node_modules/.vite/deps/react-dom_client.js?v=32f5a6e4:6614
[ 2999041ms] [INFO] [cadence:tasks-query] state changed {filters: Object, enabled: false, status: pending, fetchStatus: idle, count: null} @ http://localhost:8788/app/hooks/tasks/use-tasks.ts:28
[ 2999043ms] [INFO] [cadence:inbox-query] state changed {enabled: false, status: pending, fetchStatus: idle, count: null, error: null} @ http://localhost:8788/app/hooks/inbox/use-inbox.ts:21
[ 2999044ms] [INFO] [cadence:tasks-query] state changed {filters: Object, enabled: false, status: pending, fetchStatus: idle, count: null} @ http://localhost:8788/app/hooks/tasks/use-tasks.ts:28
[ 2999046ms] [INFO] [cadence:tasks-query] state changed {filters: Object, enabled: false, status: pending, fetchStatus: idle, count: null} @ http://localhost:8788/app/hooks/tasks/use-tasks.ts:28
[ 2999047ms] [INFO] [cadence:inbox-query] state changed {enabled: false, status: pending, fetchStatus: idle, count: null, error: null} @ http://localhost:8788/app/hooks/inbox/use-inbox.ts:21
[ 2999048ms] [INFO] [cadence:tasks-query] state changed {filters: Object, enabled: false, status: pending, fetchStatus: idle, count: null} @ http://localhost:8788/app/hooks/tasks/use-tasks.ts:28
[ 2999094ms] [INFO] [cadence:tasks-query] state changed {filters: Object, enabled: false, status: pending, fetchStatus: idle, count: null} @ http://localhost:8788/app/hooks/tasks/use-tasks.ts:28
[ 2999095ms] [INFO] [cadence:tasks-query] state changed {filters: Object, enabled: false, status: pending, fetchStatus: idle, count: null} @ http://localhost:8788/app/hooks/tasks/use-tasks.ts:28
[ 2999209ms] [INFO] [cadence:tasks-query] state changed {filters: Object, enabled: false, status: pending, fetchStatus: idle, count: null} @ http://localhost:8788/app/hooks/tasks/use-tasks.ts:28
[ 2999210ms] [INFO] [cadence:tasks-query] state changed {filters: Object, enabled: false, status: pending, fetchStatus: idle, count: null} @ http://localhost:8788/app/hooks/tasks/use-tasks.ts:28
[ 2999255ms] [INFO] [cadence:tasks-query] state changed {filters: Object, enabled: false, status: pending, fetchStatus: idle, count: null} @ http://localhost:8788/app/hooks/tasks/use-tasks.ts:28
[ 2999302ms] [INFO] [cadence:tasks-query] state changed {filters: Object, enabled: false, status: pending, fetchStatus: idle, count: null} @ http://localhost:8788/app/hooks/tasks/use-tasks.ts:28
[ 2999303ms] [INFO] [cadence:inbox-query] state changed {enabled: false, status: pending, fetchStatus: idle, count: null, error: null} @ http://localhost:8788/app/hooks/inbox/use-inbox.ts:21
[ 2999303ms] [INFO] [cadence:tasks-query] state changed {filters: Object, enabled: false, status: pending, fetchStatus: idle, count: null} @ http://localhost:8788/app/hooks/tasks/use-tasks.ts:28
[ 2999357ms] [INFO] [cadence:tasks-query] state changed {filters: Object, enabled: true, status: pending, fetchStatus: fetching, count: null} @ http://localhost:8788/app/hooks/tasks/use-tasks.ts:28
[ 2999359ms] [INFO] [cadence:inbox-query] state changed {enabled: true, status: pending, fetchStatus: fetching, count: null, error: null} @ http://localhost:8788/app/hooks/inbox/use-inbox.ts:21
[ 2999360ms] [INFO] [cadence:tasks-query] state changed {filters: Object, enabled: true, status: pending, fetchStatus: fetching, count: null} @ http://localhost:8788/app/hooks/tasks/use-tasks.ts:28
[ 2999377ms] [INFO] [cadence:tasks-query] state changed {filters: Object, enabled: true, status: pending, fetchStatus: fetching, count: null} @ http://localhost:8788/app/hooks/tasks/use-tasks.ts:28
[ 2999393ms] [WARNING] Geolocation permission has been blocked as the user has ignored the permission prompt several times. This can be reset in Page Info which can be accessed by clicking the tune icon next to the URL. See https://www.chromestatus.com/feature/6443143280984064 for more information. @ http://localhost:8788/:0
[ 2999639ms] [INFO] [cadence:tasks-query] state changed {filters: Object, enabled: false, status: pending, fetchStatus: fetching, count: null} @ http://localhost:8788/app/hooks/tasks/use-tasks.ts:28
[ 2999639ms] [INFO] [cadence:inbox-query] state changed {enabled: true, status: pending, fetchStatus: fetching, count: null, error: null} @ http://localhost:8788/app/hooks/inbox/use-inbox.ts:21
[ 2999640ms] [INFO] [cadence:tasks-query] state changed {filters: Object, enabled: false, status: pending, fetchStatus: fetching, count: null} @ http://localhost:8788/app/hooks/tasks/use-tasks.ts:28
[ 2999640ms] [INFO] [cadence:inbox-query] state changed {enabled: true, status: pending, fetchStatus: fetching, count: null, error: null} @ http://localhost:8788/app/hooks/inbox/use-inbox.ts:21
[ 2999641ms] [INFO] [cadence:tasks-query] state changed {filters: Object, enabled: false, status: pending, fetchStatus: fetching, count: null} @ http://localhost:8788/app/hooks/tasks/use-tasks.ts:28
[ 2999641ms] [INFO] [cadence:inbox-query] state changed {enabled: true, status: pending, fetchStatus: fetching, count: null, error: null} @ http://localhost:8788/app/hooks/inbox/use-inbox.ts:21
[ 2999641ms] [INFO] [cadence:tasks-query] state changed {filters: Object, enabled: false, status: pending, fetchStatus: fetching, count: null} @ http://localhost:8788/app/hooks/tasks/use-tasks.ts:28
[ 2999642ms] [INFO] [cadence:inbox-query] state changed {enabled: true, status: pending, fetchStatus: fetching, count: null, error: null} @ http://localhost:8788/app/hooks/inbox/use-inbox.ts:21
[ 3000146ms] [INFO] [cadence:tasks-query] state changed {filters: Object, enabled: false, status: pending, fetchStatus: fetching, count: null} @ http://localhost:8788/app/hooks/tasks/use-tasks.ts:28
[ 3000147ms] [INFO] [cadence:inbox-query] state changed {enabled: true, status: success, fetchStatus: idle, count: 0, error: null} @ http://localhost:8788/app/hooks/inbox/use-inbox.ts:21
[ 3000147ms] [INFO] [cadence:tasks-query] state changed {filters: Object, enabled: false, status: pending, fetchStatus: fetching, count: null} @ http://localhost:8788/app/hooks/tasks/use-tasks.ts:28
[ 3000148ms] [INFO] [cadence:inbox-query] state changed {enabled: true, status: success, fetchStatus: idle, count: 0, error: null} @ http://localhost:8788/app/hooks/inbox/use-inbox.ts:21
[ 3000149ms] [INFO] [cadence:tasks-query] state changed {filters: Object, enabled: true, status: pending, fetchStatus: fetching, count: null} @ http://localhost:8788/app/hooks/tasks/use-tasks.ts:28
[ 3000150ms] [INFO] [cadence:inbox-query] state changed {enabled: true, status: success, fetchStatus: idle, count: 0, error: null} @ http://localhost:8788/app/hooks/inbox/use-inbox.ts:21
[ 3000150ms] [INFO] [cadence:tasks-query] state changed {filters: Object, enabled: true, status: pending, fetchStatus: fetching, count: null} @ http://localhost:8788/app/hooks/tasks/use-tasks.ts:28
[ 3000210ms] [INFO] [cadence:tasks-query] state changed {filters: Object, enabled: false, status: pending, fetchStatus: fetching, count: null} @ http://localhost:8788/app/hooks/tasks/use-tasks.ts:28
[ 3000211ms] [INFO] [cadence:tasks-query] state changed {filters: Object, enabled: false, status: pending, fetchStatus: fetching, count: null} @ http://localhost:8788/app/hooks/tasks/use-tasks.ts:28
[ 3000211ms] [INFO] [cadence:tasks-query] state changed {filters: Object, enabled: true, status: pending, fetchStatus: fetching, count: null} @ http://localhost:8788/app/hooks/tasks/use-tasks.ts:28
[ 3000236ms] [INFO] [cadence:tasks-query] state changed {filters: Object, enabled: false, status: pending, fetchStatus: fetching, count: null} @ http://localhost:8788/app/hooks/tasks/use-tasks.ts:28
[ 3000236ms] [INFO] [cadence:tasks-query] state changed {filters: Object, enabled: false, status: pending, fetchStatus: fetching, count: null} @ http://localhost:8788/app/hooks/tasks/use-tasks.ts:28
[ 3000237ms] [INFO] [cadence:tasks-query] state changed {filters: Object, enabled: true, status: pending, fetchStatus: fetching, count: null} @ http://localhost:8788/app/hooks/tasks/use-tasks.ts:28
[ 3000238ms] [INFO] [cadence:tasks-query] state changed {filters: Object, enabled: true, status: success, fetchStatus: idle, count: 0} @ http://localhost:8788/app/hooks/tasks/use-tasks.ts:28
[ 3000259ms] [INFO] [cadence:tasks-query] state changed {filters: Object, enabled: false, status: success, fetchStatus: idle, count: 1} @ http://localhost:8788/app/hooks/tasks/use-tasks.ts:28
[ 3000261ms] [INFO] [cadence:tasks-query] state changed {filters: Object, enabled: false, status: success, fetchStatus: idle, count: 1} @ http://localhost:8788/app/hooks/tasks/use-tasks.ts:28
[ 3000261ms] [INFO] [cadence:tasks-query] state changed {filters: Object, enabled: true, status: success, fetchStatus: idle, count: 1} @ http://localhost:8788/app/hooks/tasks/use-tasks.ts:28
[ 3000338ms] [INFO] [cadence:tasks-query] state changed {filters: Object, enabled: false, status: success, fetchStatus: idle, count: 1} @ http://localhost:8788/app/hooks/tasks/use-tasks.ts:28
[ 3000338ms] [INFO] [cadence:tasks-query] state changed {filters: Object, enabled: false, status: success, fetchStatus: idle, count: 1} @ http://localhost:8788/app/hooks/tasks/use-tasks.ts:28
[ 3000339ms] [INFO] [cadence:tasks-query] state changed {filters: Object, enabled: true, status: success, fetchStatus: idle, count: 1} @ http://localhost:8788/app/hooks/tasks/use-tasks.ts:28
[ 3000342ms] [INFO] [cadence:tasks-query] state changed {filters: Object, enabled: false, status: success, fetchStatus: idle, count: 1} @ http://localhost:8788/app/hooks/tasks/use-tasks.ts:28
[ 3000343ms] [INFO] [cadence:tasks-query] state changed {filters: Object, enabled: false, status: success, fetchStatus: idle, count: 1} @ http://localhost:8788/app/hooks/tasks/use-tasks.ts:28
[ 3000532ms] [INFO] [cadence:tasks-query] state changed {filters: Object, enabled: true, status: success, fetchStatus: idle, count: 1} @ http://localhost:8788/app/hooks/tasks/use-tasks.ts:28
[ 3001007ms] [INFO] [cadence:tasks-query] state changed {filters: Object, enabled: true, status: success, fetchStatus: idle, count: 1} @ http://localhost:8788/app/hooks/tasks/use-tasks.ts:28
[ 3002429ms] [INFO] [cadence:tasks-query] state changed {filters: Object, enabled: true, status: success, fetchStatus: idle, count: 1} @ http://localhost:8788/app/hooks/tasks/use-tasks.ts:28
[ 3002433ms] [INFO] [cadence:inbox-query] state changed {enabled: true, status: success, fetchStatus: idle, count: 0, error: null} @ http://localhost:8788/app/hooks/inbox/use-inbox.ts:21
[ 3002435ms] [INFO] [cadence:tasks-query] state changed {filters: Object, enabled: true, status: success, fetchStatus: idle, count: 0} @ http://localhost:8788/app/hooks/tasks/use-tasks.ts:28
[ 3002437ms] [INFO] [cadence:tasks-query] state changed {filters: Object, enabled: false, status: success, fetchStatus: idle, count: 1} @ http://localhost:8788/app/hooks/tasks/use-tasks.ts:28
[ 3002437ms] [INFO] [cadence:inbox-query] state changed {enabled: true, status: success, fetchStatus: idle, count: 0, error: null} @ http://localhost:8788/app/hooks/inbox/use-inbox.ts:21
[ 3002438ms] [INFO] [cadence:tasks-query] state changed {filters: Object, enabled: false, status: success, fetchStatus: idle, count: 1} @ http://localhost:8788/app/hooks/tasks/use-tasks.ts:28
[ 3002438ms] [INFO] [cadence:inbox-query] state changed {enabled: true, status: success, fetchStatus: idle, count: 0, error: null} @ http://localhost:8788/app/hooks/inbox/use-inbox.ts:21
[ 3002439ms] [INFO] [cadence:tasks-query] state changed {filters: Object, enabled: true, status: success, fetchStatus: idle, count: 1} @ http://localhost:8788/app/hooks/tasks/use-tasks.ts:28
[ 3002440ms] [INFO] [cadence:tasks-query] state changed {filters: Object, enabled: true, status: success, fetchStatus: idle, count: 0} @ http://localhost:8788/app/hooks/tasks/use-tasks.ts:28
[ 3002443ms] [INFO] [cadence:tasks-query] state changed {filters: Object, enabled: true, status: success, fetchStatus: idle, count: 1} @ http://localhost:8788/app/hooks/tasks/use-tasks.ts:28
[ 3002443ms] [INFO] [cadence:inbox-query] state changed {enabled: true, status: success, fetchStatus: idle, count: 0, error: null} @ http://localhost:8788/app/hooks/inbox/use-inbox.ts:21
[ 3002444ms] [INFO] [cadence:tasks-query] state changed {filters: Object, enabled: true, status: success, fetchStatus: idle, count: 0} @ http://localhost:8788/app/hooks/tasks/use-tasks.ts:28
[ 3002445ms] [INFO] [cadence:tasks-query] state changed {filters: Object, enabled: false, status: success, fetchStatus: idle, count: 1} @ http://localhost:8788/app/hooks/tasks/use-tasks.ts:28
[ 3002445ms] [INFO] [cadence:inbox-query] state changed {enabled: true, status: success, fetchStatus: idle, count: 0, error: null} @ http://localhost:8788/app/hooks/inbox/use-inbox.ts:21
[ 3002445ms] [INFO] [cadence:tasks-query] state changed {filters: Object, enabled: false, status: success, fetchStatus: idle, count: 1} @ http://localhost:8788/app/hooks/tasks/use-tasks.ts:28
[ 3002446ms] [INFO] [cadence:inbox-query] state changed {enabled: true, status: success, fetchStatus: idle, count: 0, error: null} @ http://localhost:8788/app/hooks/inbox/use-inbox.ts:21
[ 3002570ms] [INFO] [cadence:tasks-query] state changed {filters: Object, enabled: true, status: success, fetchStatus: idle, count: 1} @ http://localhost:8788/app/hooks/tasks/use-tasks.ts:28
[ 3003064ms] [INFO] [cadence:tasks-query] state changed {filters: Object, enabled: true, status: success, fetchStatus: idle, count: 1} @ http://localhost:8788/app/hooks/tasks/use-tasks.ts:28
[ 3003066ms] [INFO] [cadence:tasks-query] state changed {filters: Object, enabled: true, status: success, fetchStatus: idle, count: 0} @ http://localhost:8788/app/hooks/tasks/use-tasks.ts:28
[ 3017219ms] [INFO] [cadence:tasks-query] state changed {filters: Object, enabled: true, status: success, fetchStatus: idle, count: 1} @ http://localhost:8788/app/hooks/tasks/use-tasks.ts:28
[ 3017220ms] [INFO] [cadence:tasks-query] state changed {filters: Object, enabled: true, status: success, fetchStatus: idle, count: 0} @ http://localhost:8788/app/hooks/tasks/use-tasks.ts:28
[ 3017221ms] [INFO] [cadence:tasks-query] state changed {filters: Object, enabled: false, status: success, fetchStatus: idle, count: 1} @ http://localhost:8788/app/hooks/tasks/use-tasks.ts:28
[ 3017222ms] [INFO] [cadence:tasks-query] state changed {filters: Object, enabled: false, status: success, fetchStatus: idle, count: 1} @ http://localhost:8788/app/hooks/tasks/use-tasks.ts:28
[ 3017222ms] [INFO] [cadence:tasks-query] state changed {filters: Object, enabled: true, status: success, fetchStatus: idle, count: 1} @ http://localhost:8788/app/hooks/tasks/use-tasks.ts:28
[ 3017223ms] [INFO] [cadence:tasks-query] state changed {filters: Object, enabled: true, status: success, fetchStatus: idle, count: 0} @ http://localhost:8788/app/hooks/tasks/use-tasks.ts:28
[ 3028661ms] [INFO] %cDownload the React DevTools for a better development experience: https://react.dev/link/react-devtools font-weight:bold @ http://localhost:8788/node_modules/.vite/deps/react-dom_client.js?v=32f5a6e4:15804
[ 3029461ms] [ERROR] Encountered a script tag while rendering React component. Scripts inside React components are never executed when rendering on the client. Consider using template tag instead (https://developer.mozilla.org/en-US/docs/Web/HTML/Element/template). @ http://localhost:8788/node_modules/.vite/deps/react-dom_client.js?v=32f5a6e4:6614
[ 3029606ms] [INFO] [cadence:tasks-query] state changed {filters: Object, enabled: false, status: pending, fetchStatus: idle, count: null} @ http://localhost:8788/app/hooks/tasks/use-tasks.ts:28
[ 3029609ms] [INFO] [cadence:inbox-query] state changed {enabled: false, status: pending, fetchStatus: idle, count: null, error: null} @ http://localhost:8788/app/hooks/inbox/use-inbox.ts:21
[ 3029610ms] [INFO] [cadence:tasks-query] state changed {filters: Object, enabled: false, status: pending, fetchStatus: idle, count: null} @ http://localhost:8788/app/hooks/tasks/use-tasks.ts:28
[ 3029612ms] [INFO] [cadence:tasks-query] state changed {filters: Object, enabled: false, status: pending, fetchStatus: idle, count: null} @ http://localhost:8788/app/hooks/tasks/use-tasks.ts:28
[ 3029614ms] [INFO] [cadence:inbox-query] state changed {enabled: false, status: pending, fetchStatus: idle, count: null, error: null} @ http://localhost:8788/app/hooks/inbox/use-inbox.ts:21
[ 3029615ms] [INFO] [cadence:tasks-query] state changed {filters: Object, enabled: false, status: pending, fetchStatus: idle, count: null} @ http://localhost:8788/app/hooks/tasks/use-tasks.ts:28
[ 3029669ms] [INFO] [cadence:tasks-query] state changed {filters: Object, enabled: false, status: pending, fetchStatus: idle, count: null} @ http://localhost:8788/app/hooks/tasks/use-tasks.ts:28
[ 3029670ms] [INFO] [cadence:tasks-query] state changed {filters: Object, enabled: false, status: pending, fetchStatus: idle, count: null} @ http://localhost:8788/app/hooks/tasks/use-tasks.ts:28
[ 3029743ms] [INFO] [cadence:tasks-query] state changed {filters: Object, enabled: false, status: success, fetchStatus: idle, count: 1} @ http://localhost:8788/app/hooks/tasks/use-tasks.ts:28
[ 3029744ms] [INFO] [cadence:inbox-query] state changed {enabled: false, status: success, fetchStatus: idle, count: 0, error: null} @ http://localhost:8788/app/hooks/inbox/use-inbox.ts:21
[ 3029744ms] [INFO] [cadence:tasks-query] state changed {filters: Object, enabled: false, status: success, fetchStatus: idle, count: 0} @ http://localhost:8788/app/hooks/tasks/use-tasks.ts:28
[ 3029798ms] [INFO] [cadence:tasks-query] state changed {filters: Object, enabled: false, status: success, fetchStatus: idle, count: 1} @ http://localhost:8788/app/hooks/tasks/use-tasks.ts:28
[ 3029798ms] [INFO] [cadence:inbox-query] state changed {enabled: false, status: success, fetchStatus: idle, count: 0, error: null} @ http://localhost:8788/app/hooks/inbox/use-inbox.ts:21
[ 3029799ms] [INFO] [cadence:tasks-query] state changed {filters: Object, enabled: false, status: success, fetchStatus: idle, count: 0} @ http://localhost:8788/app/hooks/tasks/use-tasks.ts:28
[ 3029878ms] [INFO] [cadence:tasks-query] state changed {filters: Object, enabled: true, status: success, fetchStatus: idle, count: 1} @ http://localhost:8788/app/hooks/tasks/use-tasks.ts:28
[ 3029881ms] [INFO] [cadence:inbox-query] state changed {enabled: true, status: success, fetchStatus: idle, count: 0, error: null} @ http://localhost:8788/app/hooks/inbox/use-inbox.ts:21
[ 3029882ms] [INFO] [cadence:tasks-query] state changed {filters: Object, enabled: true, status: success, fetchStatus: idle, count: 0} @ http://localhost:8788/app/hooks/tasks/use-tasks.ts:28
[ 3029884ms] [INFO] [cadence:tasks-query] state changed {filters: Object, enabled: true, status: success, fetchStatus: idle, count: 1} @ http://localhost:8788/app/hooks/tasks/use-tasks.ts:28
[ 3029884ms] [INFO] [cadence:inbox-query] state changed {enabled: true, status: success, fetchStatus: idle, count: 0, error: null} @ http://localhost:8788/app/hooks/inbox/use-inbox.ts:21
[ 3029885ms] [INFO] [cadence:tasks-query] state changed {filters: Object, enabled: true, status: success, fetchStatus: idle, count: 0} @ http://localhost:8788/app/hooks/tasks/use-tasks.ts:28
[ 3029888ms] [INFO] [cadence:tasks-query] state changed {filters: Object, enabled: true, status: success, fetchStatus: idle, count: 1} @ http://localhost:8788/app/hooks/tasks/use-tasks.ts:28
[ 3029889ms] [INFO] [cadence:inbox-query] state changed {enabled: true, status: success, fetchStatus: idle, count: 0, error: null} @ http://localhost:8788/app/hooks/inbox/use-inbox.ts:21
[ 3029889ms] [INFO] [cadence:tasks-query] state changed {filters: Object, enabled: true, status: success, fetchStatus: idle, count: 0} @ http://localhost:8788/app/hooks/tasks/use-tasks.ts:28
[ 3029930ms] [WARNING] Geolocation permission has been blocked as the user has ignored the permission prompt several times. This can be reset in Page Info which can be accessed by clicking the tune icon next to the URL. See https://www.chromestatus.com/feature/6443143280984064 for more information. @ http://localhost:8788/:0
[ 3030137ms] [INFO] [cadence:tasks-query] state changed {filters: Object, enabled: true, status: success, fetchStatus: idle, count: 1} @ http://localhost:8788/app/hooks/tasks/use-tasks.ts:28
[ 3030161ms] [INFO] [cadence:tasks-query] state changed {filters: Object, enabled: false, status: success, fetchStatus: idle, count: 1} @ http://localhost:8788/app/hooks/tasks/use-tasks.ts:28
[ 3030161ms] [INFO] [cadence:inbox-query] state changed {enabled: true, status: success, fetchStatus: fetching, count: 0, error: null} @ http://localhost:8788/app/hooks/inbox/use-inbox.ts:21
[ 3030162ms] [INFO] [cadence:tasks-query] state changed {filters: Object, enabled: false, status: success, fetchStatus: idle, count: 1} @ http://localhost:8788/app/hooks/tasks/use-tasks.ts:28
[ 3030162ms] [INFO] [cadence:inbox-query] state changed {enabled: true, status: success, fetchStatus: fetching, count: 0, error: null} @ http://localhost:8788/app/hooks/inbox/use-inbox.ts:21
[ 3030165ms] [INFO] [cadence:tasks-query] state changed {filters: Object, enabled: false, status: success, fetchStatus: idle, count: 1} @ http://localhost:8788/app/hooks/tasks/use-tasks.ts:28
[ 3030165ms] [INFO] [cadence:inbox-query] state changed {enabled: true, status: success, fetchStatus: fetching, count: 0, error: null} @ http://localhost:8788/app/hooks/inbox/use-inbox.ts:21
[ 3030166ms] [INFO] [cadence:tasks-query] state changed {filters: Object, enabled: false, status: success, fetchStatus: idle, count: 1} @ http://localhost:8788/app/hooks/tasks/use-tasks.ts:28
[ 3030166ms] [INFO] [cadence:inbox-query] state changed {enabled: true, status: success, fetchStatus: fetching, count: 0, error: null} @ http://localhost:8788/app/hooks/inbox/use-inbox.ts:21
[ 3030186ms] [INFO] [cadence:tasks-query] state changed {filters: Object, enabled: true, status: success, fetchStatus: idle, count: 1} @ http://localhost:8788/app/hooks/tasks/use-tasks.ts:28
[ 3030187ms] [INFO] [cadence:inbox-query] state changed {enabled: true, status: success, fetchStatus: fetching, count: 0, error: null} @ http://localhost:8788/app/hooks/inbox/use-inbox.ts:21
[ 3030187ms] [INFO] [cadence:tasks-query] state changed {filters: Object, enabled: true, status: success, fetchStatus: idle, count: 0} @ http://localhost:8788/app/hooks/tasks/use-tasks.ts:28
[ 3030188ms] [INFO] [cadence:tasks-query] state changed {filters: Object, enabled: false, status: success, fetchStatus: idle, count: 1} @ http://localhost:8788/app/hooks/tasks/use-tasks.ts:28
[ 3030189ms] [INFO] [cadence:tasks-query] state changed {filters: Object, enabled: false, status: success, fetchStatus: idle, count: 1} @ http://localhost:8788/app/hooks/tasks/use-tasks.ts:28
[ 3030189ms] [INFO] [cadence:tasks-query] state changed {filters: Object, enabled: true, status: success, fetchStatus: idle, count: 1} @ http://localhost:8788/app/hooks/tasks/use-tasks.ts:28
[ 3030190ms] [INFO] [cadence:inbox-query] state changed {enabled: true, status: success, fetchStatus: fetching, count: 0, error: null} @ http://localhost:8788/app/hooks/inbox/use-inbox.ts:21
[ 3030190ms] [INFO] [cadence:tasks-query] state changed {filters: Object, enabled: true, status: success, fetchStatus: idle, count: 0} @ http://localhost:8788/app/hooks/tasks/use-tasks.ts:28
[ 3030912ms] [INFO] [cadence:tasks-query] state changed {filters: Object, enabled: true, status: success, fetchStatus: idle, count: 1} @ http://localhost:8788/app/hooks/tasks/use-tasks.ts:28
[ 3030913ms] [INFO] [cadence:inbox-query] state changed {enabled: true, status: success, fetchStatus: idle, count: 0, error: null} @ http://localhost:8788/app/hooks/inbox/use-inbox.ts:21
[ 3030914ms] [INFO] [cadence:tasks-query] state changed {filters: Object, enabled: true, status: success, fetchStatus: idle, count: 0} @ http://localhost:8788/app/hooks/tasks/use-tasks.ts:28
[ 3030915ms] [INFO] [cadence:tasks-query] state changed {filters: Object, enabled: false, status: success, fetchStatus: idle, count: 1} @ http://localhost:8788/app/hooks/tasks/use-tasks.ts:28
[ 3030915ms] [INFO] [cadence:inbox-query] state changed {enabled: true, status: success, fetchStatus: idle, count: 0, error: null} @ http://localhost:8788/app/hooks/inbox/use-inbox.ts:21
[ 3030916ms] [INFO] [cadence:tasks-query] state changed {filters: Object, enabled: false, status: success, fetchStatus: idle, count: 1} @ http://localhost:8788/app/hooks/tasks/use-tasks.ts:28
[ 3030916ms] [INFO] [cadence:inbox-query] state changed {enabled: true, status: success, fetchStatus: idle, count: 0, error: null} @ http://localhost:8788/app/hooks/inbox/use-inbox.ts:21
[ 3030917ms] [INFO] [cadence:tasks-query] state changed {filters: Object, enabled: true, status: success, fetchStatus: idle, count: 1} @ http://localhost:8788/app/hooks/tasks/use-tasks.ts:28
[ 3030917ms] [INFO] [cadence:inbox-query] state changed {enabled: true, status: success, fetchStatus: idle, count: 0, error: null} @ http://localhost:8788/app/hooks/inbox/use-inbox.ts:21
[ 3030918ms] [INFO] [cadence:tasks-query] state changed {filters: Object, enabled: true, status: success, fetchStatus: idle, count: 0} @ http://localhost:8788/app/hooks/tasks/use-tasks.ts:28
[ 3030964ms] [INFO] [cadence:tasks-query] state changed {filters: Object, enabled: true, status: success, fetchStatus: idle, count: 1} @ http://localhost:8788/app/hooks/tasks/use-tasks.ts:28
[ 3033294ms] [INFO] %cDownload the React DevTools for a better development experience: https://react.dev/link/react-devtools font-weight:bold @ http://localhost:8788/node_modules/.vite/deps/react-dom_client.js?v=32f5a6e4:15804
[ 3034041ms] [ERROR] Encountered a script tag while rendering React component. Scripts inside React components are never executed when rendering on the client. Consider using template tag instead (https://developer.mozilla.org/en-US/docs/Web/HTML/Element/template). @ http://localhost:8788/node_modules/.vite/deps/react-dom_client.js?v=32f5a6e4:6614
[ 3034211ms] [INFO] [cadence:tasks-query] state changed {filters: Object, enabled: false, status: pending, fetchStatus: idle, count: null} @ http://localhost:8788/app/hooks/tasks/use-tasks.ts:28
[ 3034214ms] [INFO] [cadence:inbox-query] state changed {enabled: false, status: pending, fetchStatus: idle, count: null, error: null} @ http://localhost:8788/app/hooks/inbox/use-inbox.ts:21
[ 3034215ms] [INFO] [cadence:tasks-query] state changed {filters: Object, enabled: false, status: pending, fetchStatus: idle, count: null} @ http://localhost:8788/app/hooks/tasks/use-tasks.ts:28
[ 3034218ms] [INFO] [cadence:tasks-query] state changed {filters: Object, enabled: false, status: pending, fetchStatus: idle, count: null} @ http://localhost:8788/app/hooks/tasks/use-tasks.ts:28
[ 3034220ms] [INFO] [cadence:inbox-query] state changed {enabled: false, status: pending, fetchStatus: idle, count: null, error: null} @ http://localhost:8788/app/hooks/inbox/use-inbox.ts:21
[ 3034220ms] [INFO] [cadence:tasks-query] state changed {filters: Object, enabled: false, status: pending, fetchStatus: idle, count: null} @ http://localhost:8788/app/hooks/tasks/use-tasks.ts:28
[ 3034288ms] [INFO] [cadence:tasks-query] state changed {filters: Object, enabled: false, status: pending, fetchStatus: idle, count: null} @ http://localhost:8788/app/hooks/tasks/use-tasks.ts:28
[ 3034289ms] [INFO] [cadence:tasks-query] state changed {filters: Object, enabled: false, status: pending, fetchStatus: idle, count: null} @ http://localhost:8788/app/hooks/tasks/use-tasks.ts:28
[ 3034369ms] [INFO] [cadence:tasks-query] state changed {filters: Object, enabled: false, status: pending, fetchStatus: idle, count: null} @ http://localhost:8788/app/hooks/tasks/use-tasks.ts:28
[ 3034370ms] [INFO] [cadence:inbox-query] state changed {enabled: false, status: pending, fetchStatus: idle, count: null, error: null} @ http://localhost:8788/app/hooks/inbox/use-inbox.ts:21
[ 3034371ms] [INFO] [cadence:tasks-query] state changed {filters: Object, enabled: false, status: pending, fetchStatus: idle, count: null} @ http://localhost:8788/app/hooks/tasks/use-tasks.ts:28
[ 3034465ms] [INFO] [cadence:tasks-query] state changed {filters: Object, enabled: true, status: pending, fetchStatus: idle, count: null} @ http://localhost:8788/app/hooks/tasks/use-tasks.ts:28
[ 3034466ms] [INFO] [cadence:inbox-query] state changed {enabled: true, status: pending, fetchStatus: idle, count: null, error: null} @ http://localhost:8788/app/hooks/inbox/use-inbox.ts:21
[ 3034467ms] [INFO] [cadence:tasks-query] state changed {filters: Object, enabled: true, status: pending, fetchStatus: idle, count: null} @ http://localhost:8788/app/hooks/tasks/use-tasks.ts:28
[ 3034468ms] [INFO] [cadence:tasks-query] state changed {filters: Object, enabled: true, status: pending, fetchStatus: idle, count: null} @ http://localhost:8788/app/hooks/tasks/use-tasks.ts:28
[ 3034469ms] [INFO] [cadence:inbox-query] state changed {enabled: true, status: pending, fetchStatus: idle, count: null, error: null} @ http://localhost:8788/app/hooks/inbox/use-inbox.ts:21
[ 3034469ms] [INFO] [cadence:tasks-query] state changed {filters: Object, enabled: true, status: pending, fetchStatus: idle, count: null} @ http://localhost:8788/app/hooks/tasks/use-tasks.ts:28
[ 3034472ms] [INFO] [cadence:tasks-query] state changed {filters: Object, enabled: true, status: pending, fetchStatus: idle, count: null} @ http://localhost:8788/app/hooks/tasks/use-tasks.ts:28
[ 3034472ms] [INFO] [cadence:inbox-query] state changed {enabled: true, status: pending, fetchStatus: idle, count: null, error: null} @ http://localhost:8788/app/hooks/inbox/use-inbox.ts:21
[ 3034473ms] [INFO] [cadence:tasks-query] state changed {filters: Object, enabled: true, status: pending, fetchStatus: idle, count: null} @ http://localhost:8788/app/hooks/tasks/use-tasks.ts:28
[ 3034513ms] [WARNING] Geolocation permission has been blocked as the user has ignored the permission prompt several times. This can be reset in Page Info which can be accessed by clicking the tune icon next to the URL. See https://www.chromestatus.com/feature/6443143280984064 for more information. @ http://localhost:8788/:0
[ 3034566ms] [INFO] [cadence:tasks-query] state changed {filters: Object, enabled: true, status: success, fetchStatus: fetching, count: 1} @ http://localhost:8788/app/hooks/tasks/use-tasks.ts:28
[ 3034568ms] [INFO] [cadence:inbox-query] state changed {enabled: true, status: success, fetchStatus: idle, count: 0, error: null} @ http://localhost:8788/app/hooks/inbox/use-inbox.ts:21
[ 3034569ms] [INFO] [cadence:tasks-query] state changed {filters: Object, enabled: true, status: success, fetchStatus: fetching, count: 0} @ http://localhost:8788/app/hooks/tasks/use-tasks.ts:28
[ 3034570ms] [INFO] [cadence:tasks-query] state changed {filters: Object, enabled: true, status: success, fetchStatus: fetching, count: 1} @ http://localhost:8788/app/hooks/tasks/use-tasks.ts:28
[ 3034571ms] [INFO] [cadence:inbox-query] state changed {enabled: true, status: success, fetchStatus: idle, count: 0, error: null} @ http://localhost:8788/app/hooks/inbox/use-inbox.ts:21
[ 3034571ms] [INFO] [cadence:tasks-query] state changed {filters: Object, enabled: true, status: success, fetchStatus: fetching, count: 0} @ http://localhost:8788/app/hooks/tasks/use-tasks.ts:28
[ 3034610ms] [INFO] [cadence:tasks-query] state changed {filters: Object, enabled: true, status: success, fetchStatus: fetching, count: 1} @ http://localhost:8788/app/hooks/tasks/use-tasks.ts:28
[ 3034611ms] [INFO] [cadence:tasks-query] state changed {filters: Object, enabled: true, status: success, fetchStatus: fetching, count: 0} @ http://localhost:8788/app/hooks/tasks/use-tasks.ts:28
[ 3034612ms] [INFO] [cadence:tasks-query] state changed {filters: Object, enabled: true, status: success, fetchStatus: fetching, count: 1} @ http://localhost:8788/app/hooks/tasks/use-tasks.ts:28
[ 3034612ms] [INFO] [cadence:tasks-query] state changed {filters: Object, enabled: true, status: success, fetchStatus: fetching, count: 0} @ http://localhost:8788/app/hooks/tasks/use-tasks.ts:28
[ 3034749ms] [INFO] [cadence:tasks-query] state changed {filters: Object, enabled: false, status: success, fetchStatus: fetching, count: 1} @ http://localhost:8788/app/hooks/tasks/use-tasks.ts:28
[ 3034750ms] [INFO] [cadence:inbox-query] state changed {enabled: true, status: success, fetchStatus: idle, count: 0, error: null} @ http://localhost:8788/app/hooks/inbox/use-inbox.ts:21
[ 3034751ms] [INFO] [cadence:tasks-query] state changed {filters: Object, enabled: false, status: success, fetchStatus: fetching, count: 1} @ http://localhost:8788/app/hooks/tasks/use-tasks.ts:28
[ 3034752ms] [INFO] [cadence:inbox-query] state changed {enabled: true, status: success, fetchStatus: idle, count: 0, error: null} @ http://localhost:8788/app/hooks/inbox/use-inbox.ts:21
[ 3034753ms] [INFO] [cadence:tasks-query] state changed {filters: Object, enabled: false, status: success, fetchStatus: fetching, count: 1} @ http://localhost:8788/app/hooks/tasks/use-tasks.ts:28
[ 3034754ms] [INFO] [cadence:inbox-query] state changed {enabled: true, status: success, fetchStatus: idle, count: 0, error: null} @ http://localhost:8788/app/hooks/inbox/use-inbox.ts:21
[ 3034754ms] [INFO] [cadence:tasks-query] state changed {filters: Object, enabled: false, status: success, fetchStatus: fetching, count: 1} @ http://localhost:8788/app/hooks/tasks/use-tasks.ts:28
[ 3034754ms] [INFO] [cadence:inbox-query] state changed {enabled: true, status: success, fetchStatus: idle, count: 0, error: null} @ http://localhost:8788/app/hooks/inbox/use-inbox.ts:21
[ 3034820ms] [INFO] [cadence:tasks-query] state changed {filters: Object, enabled: true, status: success, fetchStatus: fetching, count: 1} @ http://localhost:8788/app/hooks/tasks/use-tasks.ts:28
[ 3035299ms] [INFO] [cadence:tasks-query] state changed {filters: Object, enabled: true, status: success, fetchStatus: fetching, count: 1} @ http://localhost:8788/app/hooks/tasks/use-tasks.ts:28
[ 3035300ms] [INFO] [cadence:tasks-query] state changed {filters: Object, enabled: true, status: success, fetchStatus: idle, count: 0} @ http://localhost:8788/app/hooks/tasks/use-tasks.ts:28
[ 3035301ms] [INFO] [cadence:tasks-query] state changed {filters: Object, enabled: false, status: success, fetchStatus: fetching, count: 1} @ http://localhost:8788/app/hooks/tasks/use-tasks.ts:28
[ 3035302ms] [INFO] [cadence:tasks-query] state changed {filters: Object, enabled: false, status: success, fetchStatus: fetching, count: 1} @ http://localhost:8788/app/hooks/tasks/use-tasks.ts:28
[ 3035302ms] [INFO] [cadence:tasks-query] state changed {filters: Object, enabled: true, status: success, fetchStatus: fetching, count: 1} @ http://localhost:8788/app/hooks/tasks/use-tasks.ts:28
[ 3035303ms] [INFO] [cadence:tasks-query] state changed {filters: Object, enabled: true, status: success, fetchStatus: idle, count: 0} @ http://localhost:8788/app/hooks/tasks/use-tasks.ts:28
[ 3035355ms] [INFO] [cadence:tasks-query] state changed {filters: Object, enabled: true, status: success, fetchStatus: idle, count: 1} @ http://localhost:8788/app/hooks/tasks/use-tasks.ts:28
[ 3035356ms] [INFO] [cadence:tasks-query] state changed {filters: Object, enabled: true, status: success, fetchStatus: idle, count: 0} @ http://localhost:8788/app/hooks/tasks/use-tasks.ts:28
[ 3035357ms] [INFO] [cadence:tasks-query] state changed {filters: Object, enabled: false, status: success, fetchStatus: idle, count: 1} @ http://localhost:8788/app/hooks/tasks/use-tasks.ts:28
[ 3035358ms] [INFO] [cadence:tasks-query] state changed {filters: Object, enabled: false, status: success, fetchStatus: idle, count: 1} @ http://localhost:8788/app/hooks/tasks/use-tasks.ts:28
[ 3035358ms] [INFO] [cadence:tasks-query] state changed {filters: Object, enabled: true, status: success, fetchStatus: idle, count: 1} @ http://localhost:8788/app/hooks/tasks/use-tasks.ts:28
[ 3035507ms] [INFO] [cadence:tasks-query] state changed {filters: Object, enabled: true, status: success, fetchStatus: idle, count: 1} @ http://localhost:8788/app/hooks/tasks/use-tasks.ts:28
[ 3035322ms] [INFO] %cDownload the React DevTools for a better development experience: https://react.dev/link/react-devtools font-weight:bold @ http://localhost:8788/node_modules/.vite/deps/react-dom_client.js?v=32f5a6e4:15804
[ 3035901ms] [ERROR] Encountered a script tag while rendering React component. Scripts inside React components are never executed when rendering on the client. Consider using template tag instead (https://developer.mozilla.org/en-US/docs/Web/HTML/Element/template). @ http://localhost:8788/node_modules/.vite/deps/react-dom_client.js?v=32f5a6e4:6614
[ 3036054ms] [INFO] [cadence:tasks-query] state changed {filters: Object, enabled: false, status: pending, fetchStatus: idle, count: null} @ http://localhost:8788/app/hooks/tasks/use-tasks.ts:28
[ 3036057ms] [INFO] [cadence:inbox-query] state changed {enabled: false, status: pending, fetchStatus: idle, count: null, error: null} @ http://localhost:8788/app/hooks/inbox/use-inbox.ts:21
[ 3036058ms] [INFO] [cadence:tasks-query] state changed {filters: Object, enabled: false, status: pending, fetchStatus: idle, count: null} @ http://localhost:8788/app/hooks/tasks/use-tasks.ts:28
[ 3036061ms] [INFO] [cadence:tasks-query] state changed {filters: Object, enabled: false, status: pending, fetchStatus: idle, count: null} @ http://localhost:8788/app/hooks/tasks/use-tasks.ts:28
[ 3036062ms] [INFO] [cadence:inbox-query] state changed {enabled: false, status: pending, fetchStatus: idle, count: null, error: null} @ http://localhost:8788/app/hooks/inbox/use-inbox.ts:21
[ 3036063ms] [INFO] [cadence:tasks-query] state changed {filters: Object, enabled: false, status: pending, fetchStatus: idle, count: null} @ http://localhost:8788/app/hooks/tasks/use-tasks.ts:28
[ 3036118ms] [INFO] [cadence:tasks-query] state changed {filters: Object, enabled: false, status: pending, fetchStatus: idle, count: null} @ http://localhost:8788/app/hooks/tasks/use-tasks.ts:28
[ 3036119ms] [INFO] [cadence:tasks-query] state changed {filters: Object, enabled: false, status: pending, fetchStatus: idle, count: null} @ http://localhost:8788/app/hooks/tasks/use-tasks.ts:28
[ 3036197ms] [INFO] [cadence:tasks-query] state changed {filters: Object, enabled: false, status: pending, fetchStatus: idle, count: null} @ http://localhost:8788/app/hooks/tasks/use-tasks.ts:28
[ 3036198ms] [INFO] [cadence:inbox-query] state changed {enabled: false, status: pending, fetchStatus: idle, count: null, error: null} @ http://localhost:8788/app/hooks/inbox/use-inbox.ts:21
[ 3036198ms] [INFO] [cadence:tasks-query] state changed {filters: Object, enabled: false, status: pending, fetchStatus: idle, count: null} @ http://localhost:8788/app/hooks/tasks/use-tasks.ts:28
[ 3036240ms] [INFO] [cadence:tasks-query] state changed {filters: Object, enabled: true, status: pending, fetchStatus: idle, count: null} @ http://localhost:8788/app/hooks/tasks/use-tasks.ts:28
[ 3036241ms] [INFO] [cadence:inbox-query] state changed {enabled: true, status: pending, fetchStatus: idle, count: null, error: null} @ http://localhost:8788/app/hooks/inbox/use-inbox.ts:21
[ 3036241ms] [INFO] [cadence:tasks-query] state changed {filters: Object, enabled: true, status: pending, fetchStatus: idle, count: null} @ http://localhost:8788/app/hooks/tasks/use-tasks.ts:28
[ 3036260ms] [WARNING] Geolocation permission has been blocked as the user has ignored the permission prompt several times. This can be reset in Page Info which can be accessed by clicking the tune icon next to the URL. See https://www.chromestatus.com/feature/6443143280984064 for more information. @ http://localhost:8788/:0
[ 3036307ms] [INFO] [cadence:tasks-query] state changed {filters: Object, enabled: true, status: pending, fetchStatus: fetching, count: null} @ http://localhost:8788/app/hooks/tasks/use-tasks.ts:28
[ 3036309ms] [INFO] [cadence:inbox-query] state changed {enabled: true, status: pending, fetchStatus: fetching, count: null, error: null} @ http://localhost:8788/app/hooks/inbox/use-inbox.ts:21
[ 3036310ms] [INFO] [cadence:tasks-query] state changed {filters: Object, enabled: true, status: pending, fetchStatus: fetching, count: null} @ http://localhost:8788/app/hooks/tasks/use-tasks.ts:28
[ 3036330ms] [INFO] [cadence:tasks-query] state changed {filters: Object, enabled: true, status: pending, fetchStatus: fetching, count: null} @ http://localhost:8788/app/hooks/tasks/use-tasks.ts:28
[ 3036331ms] [INFO] [cadence:tasks-query] state changed {filters: Object, enabled: true, status: pending, fetchStatus: fetching, count: null} @ http://localhost:8788/app/hooks/tasks/use-tasks.ts:28
[ 3036630ms] [INFO] [cadence:tasks-query] state changed {filters: Object, enabled: false, status: pending, fetchStatus: fetching, count: null} @ http://localhost:8788/app/hooks/tasks/use-tasks.ts:28
[ 3036631ms] [INFO] [cadence:inbox-query] state changed {enabled: true, status: pending, fetchStatus: fetching, count: null, error: null} @ http://localhost:8788/app/hooks/inbox/use-inbox.ts:21
[ 3036631ms] [INFO] [cadence:tasks-query] state changed {filters: Object, enabled: false, status: pending, fetchStatus: fetching, count: null} @ http://localhost:8788/app/hooks/tasks/use-tasks.ts:28
[ 3036632ms] [INFO] [cadence:inbox-query] state changed {enabled: true, status: pending, fetchStatus: fetching, count: null, error: null} @ http://localhost:8788/app/hooks/inbox/use-inbox.ts:21
[ 3036633ms] [INFO] [cadence:tasks-query] state changed {filters: Object, enabled: false, status: pending, fetchStatus: fetching, count: null} @ http://localhost:8788/app/hooks/tasks/use-tasks.ts:28
[ 3036634ms] [INFO] [cadence:inbox-query] state changed {enabled: true, status: pending, fetchStatus: fetching, count: null, error: null} @ http://localhost:8788/app/hooks/inbox/use-inbox.ts:21
[ 3036634ms] [INFO] [cadence:tasks-query] state changed {filters: Object, enabled: false, status: pending, fetchStatus: fetching, count: null} @ http://localhost:8788/app/hooks/tasks/use-tasks.ts:28
[ 3036634ms] [INFO] [cadence:inbox-query] state changed {enabled: true, status: pending, fetchStatus: fetching, count: null, error: null} @ http://localhost:8788/app/hooks/inbox/use-inbox.ts:21
[ 3036990ms] [INFO] [cadence:tasks-query] state changed {filters: Object, enabled: false, status: success, fetchStatus: idle, count: 1} @ http://localhost:8788/app/hooks/tasks/use-tasks.ts:28
[ 3036993ms] [INFO] [cadence:tasks-query] state changed {filters: Object, enabled: false, status: success, fetchStatus: idle, count: 1} @ http://localhost:8788/app/hooks/tasks/use-tasks.ts:28
[ 3036995ms] [INFO] [cadence:tasks-query] state changed {filters: Object, enabled: true, status: success, fetchStatus: idle, count: 1} @ http://localhost:8788/app/hooks/tasks/use-tasks.ts:28
[ 3037035ms] [INFO] [cadence:tasks-query] state changed {filters: Object, enabled: false, status: success, fetchStatus: idle, count: 1} @ http://localhost:8788/app/hooks/tasks/use-tasks.ts:28
[ 3037036ms] [INFO] [cadence:inbox-query] state changed {enabled: true, status: success, fetchStatus: idle, count: 0, error: null} @ http://localhost:8788/app/hooks/inbox/use-inbox.ts:21
[ 3037036ms] [INFO] [cadence:tasks-query] state changed {filters: Object, enabled: false, status: success, fetchStatus: idle, count: 1} @ http://localhost:8788/app/hooks/tasks/use-tasks.ts:28
[ 3037037ms] [INFO] [cadence:inbox-query] state changed {enabled: true, status: success, fetchStatus: idle, count: 0, error: null} @ http://localhost:8788/app/hooks/inbox/use-inbox.ts:21
[ 3037038ms] [INFO] [cadence:tasks-query] state changed {filters: Object, enabled: true, status: success, fetchStatus: idle, count: 1} @ http://localhost:8788/app/hooks/tasks/use-tasks.ts:28
[ 3037039ms] [INFO] [cadence:inbox-query] state changed {enabled: true, status: success, fetchStatus: idle, count: 0, error: null} @ http://localhost:8788/app/hooks/inbox/use-inbox.ts:21
[ 3037040ms] [INFO] [cadence:tasks-query] state changed {filters: Object, enabled: true, status: pending, fetchStatus: fetching, count: null} @ http://localhost:8788/app/hooks/tasks/use-tasks.ts:28
[ 3037066ms] [INFO] [cadence:tasks-query] state changed {filters: Object, enabled: false, status: success, fetchStatus: idle, count: 1} @ http://localhost:8788/app/hooks/tasks/use-tasks.ts:28
[ 3037067ms] [INFO] [cadence:tasks-query] state changed {filters: Object, enabled: false, status: success, fetchStatus: idle, count: 1} @ http://localhost:8788/app/hooks/tasks/use-tasks.ts:28
[ 3037068ms] [INFO] [cadence:tasks-query] state changed {filters: Object, enabled: true, status: success, fetchStatus: idle, count: 1} @ http://localhost:8788/app/hooks/tasks/use-tasks.ts:28
[ 3037122ms] [INFO] [cadence:tasks-query] state changed {filters: Object, enabled: false, status: success, fetchStatus: idle, count: 1} @ http://localhost:8788/app/hooks/tasks/use-tasks.ts:28
[ 3037123ms] [INFO] [cadence:tasks-query] state changed {filters: Object, enabled: false, status: success, fetchStatus: idle, count: 1} @ http://localhost:8788/app/hooks/tasks/use-tasks.ts:28
[ 3037124ms] [INFO] [cadence:tasks-query] state changed {filters: Object, enabled: true, status: success, fetchStatus: idle, count: 1} @ http://localhost:8788/app/hooks/tasks/use-tasks.ts:28
[ 3037128ms] [INFO] [cadence:tasks-query] state changed {filters: Object, enabled: false, status: success, fetchStatus: idle, count: 1} @ http://localhost:8788/app/hooks/tasks/use-tasks.ts:28
[ 3037129ms] [INFO] [cadence:tasks-query] state changed {filters: Object, enabled: false, status: success, fetchStatus: idle, count: 1} @ http://localhost:8788/app/hooks/tasks/use-tasks.ts:28
[ 3037164ms] [INFO] [cadence:tasks-query] state changed {filters: Object, enabled: false, status: success, fetchStatus: idle, count: 1} @ http://localhost:8788/app/hooks/tasks/use-tasks.ts:28
[ 3037165ms] [INFO] [cadence:tasks-query] state changed {filters: Object, enabled: false, status: success, fetchStatus: idle, count: 1} @ http://localhost:8788/app/hooks/tasks/use-tasks.ts:28
[ 3037166ms] [INFO] [cadence:tasks-query] state changed {filters: Object, enabled: true, status: success, fetchStatus: idle, count: 1} @ http://localhost:8788/app/hooks/tasks/use-tasks.ts:28
[ 3037507ms] [INFO] [cadence:tasks-query] state changed {filters: Object, enabled: false, status: success, fetchStatus: idle, count: 1} @ http://localhost:8788/app/hooks/tasks/use-tasks.ts:28
[ 3037508ms] [INFO] [cadence:tasks-query] state changed {filters: Object, enabled: false, status: success, fetchStatus: idle, count: 1} @ http://localhost:8788/app/hooks/tasks/use-tasks.ts:28
[ 3037509ms] [INFO] [cadence:tasks-query] state changed {filters: Object, enabled: true, status: success, fetchStatus: idle, count: 1} @ http://localhost:8788/app/hooks/tasks/use-tasks.ts:28
[ 3037509ms] [INFO] [cadence:tasks-query] state changed {filters: Object, enabled: true, status: success, fetchStatus: idle, count: 0} @ http://localhost:8788/app/hooks/tasks/use-tasks.ts:28
[ 3037563ms] [INFO] [cadence:tasks-query] state changed {filters: Object, enabled: true, status: success, fetchStatus: idle, count: 1} @ http://localhost:8788/app/hooks/tasks/use-tasks.ts:28
[ 3039444ms] [INFO] [cadence:tasks-query] state changed {filters: Object, enabled: true, status: success, fetchStatus: idle, count: 1} @ http://localhost:8788/app/hooks/tasks/use-tasks.ts:28
[ 3039446ms] [INFO] [cadence:inbox-query] state changed {enabled: true, status: success, fetchStatus: idle, count: 0, error: null} @ http://localhost:8788/app/hooks/inbox/use-inbox.ts:21
[ 3039449ms] [INFO] [cadence:tasks-query] state changed {filters: Object, enabled: true, status: success, fetchStatus: idle, count: 0} @ http://localhost:8788/app/hooks/tasks/use-tasks.ts:28
[ 3039451ms] [INFO] [cadence:tasks-query] state changed {filters: Object, enabled: false, status: success, fetchStatus: idle, count: 1} @ http://localhost:8788/app/hooks/tasks/use-tasks.ts:28
[ 3039452ms] [INFO] [cadence:inbox-query] state changed {enabled: true, status: success, fetchStatus: idle, count: 0, error: null} @ http://localhost:8788/app/hooks/inbox/use-inbox.ts:21
[ 3039452ms] [INFO] [cadence:tasks-query] state changed {filters: Object, enabled: false, status: success, fetchStatus: idle, count: 1} @ http://localhost:8788/app/hooks/tasks/use-tasks.ts:28
[ 3039453ms] [INFO] [cadence:inbox-query] state changed {enabled: true, status: success, fetchStatus: idle, count: 0, error: null} @ http://localhost:8788/app/hooks/inbox/use-inbox.ts:21
[ 3039455ms] [INFO] [cadence:tasks-query] state changed {filters: Object, enabled: true, status: success, fetchStatus: idle, count: 1} @ http://localhost:8788/app/hooks/tasks/use-tasks.ts:28
[ 3039456ms] [INFO] [cadence:tasks-query] state changed {filters: Object, enabled: true, status: success, fetchStatus: idle, count: 0} @ http://localhost:8788/app/hooks/tasks/use-tasks.ts:28
[ 3039460ms] [INFO] [cadence:tasks-query] state changed {filters: Object, enabled: true, status: success, fetchStatus: idle, count: 1} @ http://localhost:8788/app/hooks/tasks/use-tasks.ts:28
[ 3039461ms] [INFO] [cadence:inbox-query] state changed {enabled: true, status: success, fetchStatus: idle, count: 0, error: null} @ http://localhost:8788/app/hooks/inbox/use-inbox.ts:21
[ 3039461ms] [INFO] [cadence:tasks-query] state changed {filters: Object, enabled: true, status: success, fetchStatus: idle, count: 0} @ http://localhost:8788/app/hooks/tasks/use-tasks.ts:28
[ 3039462ms] [INFO] [cadence:tasks-query] state changed {filters: Object, enabled: false, status: success, fetchStatus: idle, count: 1} @ http://localhost:8788/app/hooks/tasks/use-tasks.ts:28
[ 3039462ms] [INFO] [cadence:inbox-query] state changed {enabled: true, status: success, fetchStatus: idle, count: 0, error: null} @ http://localhost:8788/app/hooks/inbox/use-inbox.ts:21
[ 3039463ms] [INFO] [cadence:tasks-query] state changed {filters: Object, enabled: false, status: success, fetchStatus: idle, count: 1} @ http://localhost:8788/app/hooks/tasks/use-tasks.ts:28
[ 3039463ms] [INFO] [cadence:inbox-query] state changed {enabled: true, status: success, fetchStatus: idle, count: 0, error: null} @ http://localhost:8788/app/hooks/inbox/use-inbox.ts:21
[ 3039589ms] [INFO] [cadence:tasks-query] state changed {filters: Object, enabled: true, status: success, fetchStatus: idle, count: 1} @ http://localhost:8788/app/hooks/tasks/use-tasks.ts:28
[ 3040117ms] [INFO] [cadence:tasks-query] state changed {filters: Object, enabled: true, status: success, fetchStatus: idle, count: 1} @ http://localhost:8788/app/hooks/tasks/use-tasks.ts:28
[ 3040117ms] [INFO] [cadence:tasks-query] state changed {filters: Object, enabled: true, status: success, fetchStatus: idle, count: 0} @ http://localhost:8788/app/hooks/tasks/use-tasks.ts:28
[ 3044946ms] [INFO] [cadence:tasks-query] state changed {filters: Object, enabled: true, status: success, fetchStatus: idle, count: 1} @ http://localhost:8788/app/hooks/tasks/use-tasks.ts:28
[ 3044947ms] [INFO] [cadence:tasks-query] state changed {filters: Object, enabled: true, status: success, fetchStatus: idle, count: 0} @ http://localhost:8788/app/hooks/tasks/use-tasks.ts:28
[ 3044948ms] [INFO] [cadence:tasks-query] state changed {filters: Object, enabled: true, status: success, fetchStatus: idle, count: 1} @ http://localhost:8788/app/hooks/tasks/use-tasks.ts:28
[ 3044949ms] [INFO] [cadence:tasks-query] state changed {filters: Object, enabled: false, status: success, fetchStatus: idle, count: 1} @ http://localhost:8788/app/hooks/tasks/use-tasks.ts:28
[ 3044950ms] [INFO] [cadence:tasks-query] state changed {filters: Object, enabled: true, status: success, fetchStatus: idle, count: 1} @ http://localhost:8788/app/hooks/tasks/use-tasks.ts:28
[ 3046095ms] [INFO] [cadence:tasks-query] state changed {filters: Object, enabled: true, status: success, fetchStatus: idle, count: 1} @ http://localhost:8788/app/hooks/tasks/use-tasks.ts:28
[ 3046096ms] [INFO] [cadence:tasks-query] state changed {filters: Object, enabled: true, status: success, fetchStatus: idle, count: 0} @ http://localhost:8788/app/hooks/tasks/use-tasks.ts:28
[ 3046097ms] [INFO] [cadence:tasks-query] state changed {filters: Object, enabled: false, status: success, fetchStatus: idle, count: 1} @ http://localhost:8788/app/hooks/tasks/use-tasks.ts:28
[ 3046097ms] [INFO] [cadence:tasks-query] state changed {filters: Object, enabled: false, status: success, fetchStatus: idle, count: 1} @ http://localhost:8788/app/hooks/tasks/use-tasks.ts:28
[ 3046098ms] [INFO] [cadence:tasks-query] state changed {filters: Object, enabled: true, status: success, fetchStatus: idle, count: 1} @ http://localhost:8788/app/hooks/tasks/use-tasks.ts:28
[ 3093933ms] [INFO] [cadence:tasks-query] state changed {filters: Object, enabled: true, status: success, fetchStatus: idle, count: 1} @ http://localhost:8788/app/hooks/tasks/use-tasks.ts:28
[ 3093935ms] [INFO] [cadence:tasks-query] state changed {filters: Object, enabled: true, status: success, fetchStatus: idle, count: 0} @ http://localhost:8788/app/hooks/tasks/use-tasks.ts:28
[ 3093936ms] [INFO] [cadence:tasks-query] state changed {filters: Object, enabled: false, status: success, fetchStatus: idle, count: 1} @ http://localhost:8788/app/hooks/tasks/use-tasks.ts:28
[ 3093937ms] [INFO] [cadence:tasks-query] state changed {filters: Object, enabled: false, status: success, fetchStatus: idle, count: 1} @ http://localhost:8788/app/hooks/tasks/use-tasks.ts:28
[ 3093938ms] [INFO] [cadence:tasks-query] state changed {filters: Object, enabled: true, status: success, fetchStatus: idle, count: 1} @ http://localhost:8788/app/hooks/tasks/use-tasks.ts:28
[ 3095039ms] [INFO] [cadence:tasks-query] state changed {filters: Object, enabled: true, status: success, fetchStatus: idle, count: 1} @ http://localhost:8788/app/hooks/tasks/use-tasks.ts:28
[ 3095040ms] [INFO] [cadence:tasks-query] state changed {filters: Object, enabled: true, status: success, fetchStatus: idle, count: 0} @ http://localhost:8788/app/hooks/tasks/use-tasks.ts:28
[ 3095041ms] [INFO] [cadence:tasks-query] state changed {filters: Object, enabled: false, status: success, fetchStatus: idle, count: 1} @ http://localhost:8788/app/hooks/tasks/use-tasks.ts:28
[ 3095041ms] [INFO] [cadence:tasks-query] state changed {filters: Object, enabled: false, status: success, fetchStatus: idle, count: 1} @ http://localhost:8788/app/hooks/tasks/use-tasks.ts:28
[ 3095042ms] [INFO] [cadence:tasks-query] state changed {filters: Object, enabled: true, status: success, fetchStatus: idle, count: 1} @ http://localhost:8788/app/hooks/tasks/use-tasks.ts:28
[ 3130755ms] [ERROR] Failed to load resource: the server responded with a status of 500 (Internal Server Error) @ http://localhost:8788/app/components/layout/RailViewToggle.tsx?t=1789331168048:0
[ 3130756ms] [ERROR] [vite] Failed to reload /app/components/layout/RailViewToggle.tsx. This could be due to syntax errors or importing non-existent modules. (see errors above) @ http://localhost:8788/@vite/client:962
[ 3130766ms] [ERROR] Failed to load resource: the server responded with a status of 500 (Internal Server Error) @ http://localhost:8788/app/components/layout/RailViewToggle.tsx?t=1789331168047:0
[ 3130767ms] [ERROR] [vite] Failed to reload /app/components/layout/RailViewToggle.tsx. This could be due to syntax errors or importing non-existent modules. (see errors above) @ http://localhost:8788/@vite/client:962
[ 3149350ms] [INFO] [cadence:tasks-query] state changed {filters: Object, enabled: true, status: success, fetchStatus: idle, count: 1} @ http://localhost:8788/app/hooks/tasks/use-tasks.ts:28
[ 3149352ms] [INFO] [cadence:tasks-query] state changed {filters: Object, enabled: true, status: success, fetchStatus: idle, count: 0} @ http://localhost:8788/app/hooks/tasks/use-tasks.ts:28
[ 3149353ms] [INFO] [cadence:tasks-query] state changed {filters: Object, enabled: false, status: success, fetchStatus: idle, count: 1} @ http://localhost:8788/app/hooks/tasks/use-tasks.ts:28
[ 3149354ms] [INFO] [cadence:tasks-query] state changed {filters: Object, enabled: false, status: success, fetchStatus: idle, count: 1} @ http://localhost:8788/app/hooks/tasks/use-tasks.ts:28
[ 3149355ms] [INFO] [cadence:tasks-query] state changed {filters: Object, enabled: true, status: success, fetchStatus: idle, count: 1} @ http://localhost:8788/app/hooks/tasks/use-tasks.ts:28
[ 3149520ms] [INFO] [cadence:tasks-query] state changed {filters: Object, enabled: true, status: success, fetchStatus: idle, count: 1} @ http://localhost:8788/app/hooks/tasks/use-tasks.ts:28
[ 3149521ms] [INFO] [cadence:tasks-query] state changed {filters: Object, enabled: true, status: success, fetchStatus: idle, count: 0} @ http://localhost:8788/app/hooks/tasks/use-tasks.ts:28
[ 3149523ms] [INFO] [cadence:tasks-query] state changed {filters: Object, enabled: false, status: success, fetchStatus: idle, count: 1} @ http://localhost:8788/app/hooks/tasks/use-tasks.ts:28
[ 3149523ms] [INFO] [cadence:tasks-query] state changed {filters: Object, enabled: false, status: success, fetchStatus: idle, count: 1} @ http://localhost:8788/app/hooks/tasks/use-tasks.ts:28
[ 3149524ms] [INFO] [cadence:tasks-query] state changed {filters: Object, enabled: true, status: success, fetchStatus: idle, count: 1} @ http://localhost:8788/app/hooks/tasks/use-tasks.ts:28
[ 3149525ms] [INFO] [cadence:tasks-query] state changed {filters: Object, enabled: true, status: success, fetchStatus: idle, count: 0} @ http://localhost:8788/app/hooks/tasks/use-tasks.ts:28
[ 3149611ms] [INFO] [cadence:tasks-query] state changed {filters: Object, enabled: true, status: success, fetchStatus: idle, count: 1} @ http://localhost:8788/app/hooks/tasks/use-tasks.ts:28
[ 3149612ms] [INFO] [cadence:tasks-query] state changed {filters: Object, enabled: true, status: success, fetchStatus: idle, count: 0} @ http://localhost:8788/app/hooks/tasks/use-tasks.ts:28
[ 3149612ms] [INFO] [cadence:tasks-query] state changed {filters: Object, enabled: false, status: success, fetchStatus: idle, count: 1} @ http://localhost:8788/app/hooks/tasks/use-tasks.ts:28
[ 3149613ms] [INFO] [cadence:tasks-query] state changed {filters: Object, enabled: false, status: success, fetchStatus: idle, count: 1} @ http://localhost:8788/app/hooks/tasks/use-tasks.ts:28
[ 3149613ms] [INFO] [cadence:tasks-query] state changed {filters: Object, enabled: true, status: success, fetchStatus: idle, count: 1} @ http://localhost:8788/app/hooks/tasks/use-tasks.ts:28
[ 3149614ms] [INFO] [cadence:tasks-query] state changed {filters: Object, enabled: true, status: success, fetchStatus: idle, count: 0} @ http://localhost:8788/app/hooks/tasks/use-tasks.ts:28
[ 3152766ms] [INFO] [cadence:tasks-query] state changed {filters: Object, enabled: true, status: success, fetchStatus: idle, count: 1} @ http://localhost:8788/app/hooks/tasks/use-tasks.ts:28
[ 3152767ms] [INFO] [cadence:tasks-query] state changed {filters: Object, enabled: true, status: success, fetchStatus: idle, count: 0} @ http://localhost:8788/app/hooks/tasks/use-tasks.ts:28
[ 3152768ms] [INFO] [cadence:tasks-query] state changed {filters: Object, enabled: false, status: success, fetchStatus: idle, count: 1} @ http://localhost:8788/app/hooks/tasks/use-tasks.ts:28
[ 3152769ms] [INFO] [cadence:tasks-query] state changed {filters: Object, enabled: false, status: success, fetchStatus: idle, count: 1} @ http://localhost:8788/app/hooks/tasks/use-tasks.ts:28
[ 3152770ms] [INFO] [cadence:tasks-query] state changed {filters: Object, enabled: true, status: success, fetchStatus: idle, count: 1} @ http://localhost:8788/app/hooks/tasks/use-tasks.ts:28
[ 3204805ms] [INFO] [cadence:tasks-query] state changed {filters: Object, enabled: true, status: success, fetchStatus: idle, count: 1} @ http://localhost:8788/app/hooks/tasks/use-tasks.ts:28
[ 3204806ms] [INFO] [cadence:tasks-query] state changed {filters: Object, enabled: true, status: success, fetchStatus: idle, count: 0} @ http://localhost:8788/app/hooks/tasks/use-tasks.ts:28
[ 3204807ms] [INFO] [cadence:tasks-query] state changed {filters: Object, enabled: false, status: success, fetchStatus: idle, count: 1} @ http://localhost:8788/app/hooks/tasks/use-tasks.ts:28
[ 3204807ms] [INFO] [cadence:tasks-query] state changed {filters: Object, enabled: false, status: success, fetchStatus: idle, count: 1} @ http://localhost:8788/app/hooks/tasks/use-tasks.ts:28
[ 3204808ms] [INFO] [cadence:tasks-query] state changed {filters: Object, enabled: true, status: success, fetchStatus: idle, count: 1} @ http://localhost:8788/app/hooks/tasks/use-tasks.ts:28
[ 3208211ms] [INFO] [cadence:tasks-query] state changed {filters: Object, enabled: true, status: success, fetchStatus: idle, count: 1} @ http://localhost:8788/app/hooks/tasks/use-tasks.ts:28
[ 3208212ms] [INFO] [cadence:tasks-query] state changed {filters: Object, enabled: true, status: success, fetchStatus: idle, count: 0} @ http://localhost:8788/app/hooks/tasks/use-tasks.ts:28
[ 3208213ms] [INFO] [cadence:tasks-query] state changed {filters: Object, enabled: false, status: success, fetchStatus: idle, count: 1} @ http://localhost:8788/app/hooks/tasks/use-tasks.ts:28
[ 3208214ms] [INFO] [cadence:tasks-query] state changed {filters: Object, enabled: false, status: success, fetchStatus: idle, count: 1} @ http://localhost:8788/app/hooks/tasks/use-tasks.ts:28
[ 3208214ms] [INFO] [cadence:tasks-query] state changed {filters: Object, enabled: true, status: success, fetchStatus: idle, count: 1} @ http://localhost:8788/app/hooks/tasks/use-tasks.ts:28
[ 3260193ms] [INFO] [cadence:tasks-query] state changed {filters: Object, enabled: true, status: success, fetchStatus: idle, count: 1} @ http://localhost:8788/app/hooks/tasks/use-tasks.ts:28
[ 3260195ms] [INFO] [cadence:tasks-query] state changed {filters: Object, enabled: true, status: success, fetchStatus: idle, count: 0} @ http://localhost:8788/app/hooks/tasks/use-tasks.ts:28
[ 3260196ms] [INFO] [cadence:tasks-query] state changed {filters: Object, enabled: false, status: success, fetchStatus: idle, count: 1} @ http://localhost:8788/app/hooks/tasks/use-tasks.ts:28
[ 3260197ms] [INFO] [cadence:tasks-query] state changed {filters: Object, enabled: false, status: success, fetchStatus: idle, count: 1} @ http://localhost:8788/app/hooks/tasks/use-tasks.ts:28
[ 3260198ms] [INFO] [cadence:tasks-query] state changed {filters: Object, enabled: true, status: success, fetchStatus: idle, count: 1} @ http://localhost:8788/app/hooks/tasks/use-tasks.ts:28
[ 3261621ms] [INFO] [cadence:tasks-query] state changed {filters: Object, enabled: true, status: success, fetchStatus: idle, count: 1} @ http://localhost:8788/app/hooks/tasks/use-tasks.ts:28
[ 3261622ms] [INFO] [cadence:tasks-query] state changed {filters: Object, enabled: true, status: success, fetchStatus: idle, count: 0} @ http://localhost:8788/app/hooks/tasks/use-tasks.ts:28
[ 3261623ms] [INFO] [cadence:tasks-query] state changed {filters: Object, enabled: false, status: success, fetchStatus: idle, count: 1} @ http://localhost:8788/app/hooks/tasks/use-tasks.ts:28
[ 3261624ms] [INFO] [cadence:tasks-query] state changed {filters: Object, enabled: false, status: success, fetchStatus: idle, count: 1} @ http://localhost:8788/app/hooks/tasks/use-tasks.ts:28
[ 3261625ms] [INFO] [cadence:tasks-query] state changed {filters: Object, enabled: true, status: success, fetchStatus: idle, count: 1} @ http://localhost:8788/app/hooks/tasks/use-tasks.ts:28
[ 3261626ms] [INFO] [cadence:tasks-query] state changed {filters: Object, enabled: true, status: success, fetchStatus: idle, count: 0} @ http://localhost:8788/app/hooks/tasks/use-tasks.ts:28
[ 3263580ms] [INFO] [cadence:tasks-query] state changed {filters: Object, enabled: true, status: success, fetchStatus: idle, count: 1} @ http://localhost:8788/app/hooks/tasks/use-tasks.ts:28
[ 3263581ms] [INFO] [cadence:tasks-query] state changed {filters: Object, enabled: true, status: success, fetchStatus: idle, count: 0} @ http://localhost:8788/app/hooks/tasks/use-tasks.ts:28
[ 3263582ms] [INFO] [cadence:tasks-query] state changed {filters: Object, enabled: false, status: success, fetchStatus: idle, count: 1} @ http://localhost:8788/app/hooks/tasks/use-tasks.ts:28
[ 3263582ms] [INFO] [cadence:tasks-query] state changed {filters: Object, enabled: false, status: success, fetchStatus: idle, count: 1} @ http://localhost:8788/app/hooks/tasks/use-tasks.ts:28
[ 3263582ms] [INFO] [cadence:tasks-query] state changed {filters: Object, enabled: true, status: success, fetchStatus: idle, count: 1} @ http://localhost:8788/app/hooks/tasks/use-tasks.ts:28
[ 3264578ms] [WARNING] The resource http://localhost:8788/app/app.css was preloaded using link preload but not used within a few seconds from the window's load event. Please make sure it has an appropriate `as` value and it is preloaded intentionally. @ http://localhost:8788/:0
[ 3315515ms] [INFO] [cadence:tasks-query] state changed {filters: Object, enabled: true, status: success, fetchStatus: idle, count: 1} @ http://localhost:8788/app/hooks/tasks/use-tasks.ts:28
[ 3315516ms] [INFO] [cadence:tasks-query] state changed {filters: Object, enabled: true, status: success, fetchStatus: idle, count: 0} @ http://localhost:8788/app/hooks/tasks/use-tasks.ts:28
[ 3315517ms] [INFO] [cadence:tasks-query] state changed {filters: Object, enabled: false, status: success, fetchStatus: idle, count: 1} @ http://localhost:8788/app/hooks/tasks/use-tasks.ts:28
[ 3315518ms] [INFO] [cadence:tasks-query] state changed {filters: Object, enabled: false, status: success, fetchStatus: idle, count: 1} @ http://localhost:8788/app/hooks/tasks/use-tasks.ts:28
[ 3315518ms] [INFO] [cadence:tasks-query] state changed {filters: Object, enabled: true, status: success, fetchStatus: idle, count: 1} @ http://localhost:8788/app/hooks/tasks/use-tasks.ts:28
[ 3318898ms] [INFO] [cadence:tasks-query] state changed {filters: Object, enabled: true, status: success, fetchStatus: idle, count: 1} @ http://localhost:8788/app/hooks/tasks/use-tasks.ts:28
[ 3318899ms] [INFO] [cadence:tasks-query] state changed {filters: Object, enabled: true, status: success, fetchStatus: idle, count: 0} @ http://localhost:8788/app/hooks/tasks/use-tasks.ts:28
[ 3318900ms] [INFO] [cadence:tasks-query] state changed {filters: Object, enabled: false, status: success, fetchStatus: idle, count: 1} @ http://localhost:8788/app/hooks/tasks/use-tasks.ts:28
[ 3318900ms] [INFO] [cadence:tasks-query] state changed {filters: Object, enabled: false, status: success, fetchStatus: idle, count: 1} @ http://localhost:8788/app/hooks/tasks/use-tasks.ts:28
[ 3318902ms] [INFO] [cadence:tasks-query] state changed {filters: Object, enabled: true, status: success, fetchStatus: idle, count: 1} @ http://localhost:8788/app/hooks/tasks/use-tasks.ts:28
[ 3370922ms] [INFO] [cadence:tasks-query] state changed {filters: Object, enabled: true, status: success, fetchStatus: idle, count: 1} @ http://localhost:8788/app/hooks/tasks/use-tasks.ts:28
[ 3370923ms] [INFO] [cadence:tasks-query] state changed {filters: Object, enabled: true, status: success, fetchStatus: idle, count: 0} @ http://localhost:8788/app/hooks/tasks/use-tasks.ts:28
[ 3370924ms] [INFO] [cadence:tasks-query] state changed {filters: Object, enabled: false, status: success, fetchStatus: idle, count: 1} @ http://localhost:8788/app/hooks/tasks/use-tasks.ts:28
[ 3370925ms] [INFO] [cadence:tasks-query] state changed {filters: Object, enabled: false, status: success, fetchStatus: idle, count: 1} @ http://localhost:8788/app/hooks/tasks/use-tasks.ts:28
[ 3370926ms] [INFO] [cadence:tasks-query] state changed {filters: Object, enabled: true, status: success, fetchStatus: idle, count: 1} @ http://localhost:8788/app/hooks/tasks/use-tasks.ts:28
[ 3374324ms] [INFO] [cadence:tasks-query] state changed {filters: Object, enabled: true, status: success, fetchStatus: idle, count: 1} @ http://localhost:8788/app/hooks/tasks/use-tasks.ts:28
[ 3374324ms] [INFO] [cadence:tasks-query] state changed {filters: Object, enabled: true, status: success, fetchStatus: idle, count: 0} @ http://localhost:8788/app/hooks/tasks/use-tasks.ts:28
[ 3374325ms] [INFO] [cadence:tasks-query] state changed {filters: Object, enabled: false, status: success, fetchStatus: idle, count: 1} @ http://localhost:8788/app/hooks/tasks/use-tasks.ts:28
[ 3374325ms] [INFO] [cadence:tasks-query] state changed {filters: Object, enabled: false, status: success, fetchStatus: idle, count: 1} @ http://localhost:8788/app/hooks/tasks/use-tasks.ts:28
[ 3374326ms] [INFO] [cadence:tasks-query] state changed {filters: Object, enabled: true, status: success, fetchStatus: idle, count: 1} @ http://localhost:8788/app/hooks/tasks/use-tasks.ts:28
[ 3426292ms] [INFO] [cadence:tasks-query] state changed {filters: Object, enabled: true, status: success, fetchStatus: idle, count: 1} @ http://localhost:8788/app/hooks/tasks/use-tasks.ts:28
[ 3426294ms] [INFO] [cadence:tasks-query] state changed {filters: Object, enabled: true, status: success, fetchStatus: idle, count: 0} @ http://localhost:8788/app/hooks/tasks/use-tasks.ts:28
[ 3426295ms] [INFO] [cadence:tasks-query] state changed {filters: Object, enabled: false, status: success, fetchStatus: idle, count: 1} @ http://localhost:8788/app/hooks/tasks/use-tasks.ts:28
[ 3426295ms] [INFO] [cadence:tasks-query] state changed {filters: Object, enabled: false, status: success, fetchStatus: idle, count: 1} @ http://localhost:8788/app/hooks/tasks/use-tasks.ts:28
[ 3426296ms] [INFO] [cadence:tasks-query] state changed {filters: Object, enabled: true, status: success, fetchStatus: idle, count: 1} @ http://localhost:8788/app/hooks/tasks/use-tasks.ts:28
[ 3429685ms] [INFO] [cadence:tasks-query] state changed {filters: Object, enabled: true, status: success, fetchStatus: idle, count: 1} @ http://localhost:8788/app/hooks/tasks/use-tasks.ts:28
[ 3429686ms] [INFO] [cadence:tasks-query] state changed {filters: Object, enabled: true, status: success, fetchStatus: idle, count: 0} @ http://localhost:8788/app/hooks/tasks/use-tasks.ts:28
[ 3429687ms] [INFO] [cadence:tasks-query] state changed {filters: Object, enabled: false, status: success, fetchStatus: idle, count: 1} @ http://localhost:8788/app/hooks/tasks/use-tasks.ts:28
[ 3429687ms] [INFO] [cadence:tasks-query] state changed {filters: Object, enabled: false, status: success, fetchStatus: idle, count: 1} @ http://localhost:8788/app/hooks/tasks/use-tasks.ts:28
[ 3429687ms] [INFO] [cadence:tasks-query] state changed {filters: Object, enabled: true, status: success, fetchStatus: idle, count: 1} @ http://localhost:8788/app/hooks/tasks/use-tasks.ts:28
[ 3483996ms] [INFO] [cadence:tasks-query] state changed {filters: Object, enabled: true, status: success, fetchStatus: idle, count: 1} @ http://localhost:8788/app/hooks/tasks/use-tasks.ts:28
[ 3483997ms] [INFO] [cadence:tasks-query] state changed {filters: Object, enabled: true, status: success, fetchStatus: idle, count: 0} @ http://localhost:8788/app/hooks/tasks/use-tasks.ts:28
[ 3483998ms] [INFO] [cadence:tasks-query] state changed {filters: Object, enabled: false, status: success, fetchStatus: idle, count: 1} @ http://localhost:8788/app/hooks/tasks/use-tasks.ts:28
[ 3483998ms] [INFO] [cadence:tasks-query] state changed {filters: Object, enabled: false, status: success, fetchStatus: idle, count: 1} @ http://localhost:8788/app/hooks/tasks/use-tasks.ts:28
[ 3483999ms] [INFO] [cadence:tasks-query] state changed {filters: Object, enabled: true, status: success, fetchStatus: idle, count: 1} @ http://localhost:8788/app/hooks/tasks/use-tasks.ts:28
[ 3485096ms] [INFO] [cadence:tasks-query] state changed {filters: Object, enabled: true, status: success, fetchStatus: idle, count: 1} @ http://localhost:8788/app/hooks/tasks/use-tasks.ts:28
[ 3485097ms] [INFO] [cadence:tasks-query] state changed {filters: Object, enabled: true, status: success, fetchStatus: idle, count: 0} @ http://localhost:8788/app/hooks/tasks/use-tasks.ts:28
[ 3485098ms] [INFO] [cadence:tasks-query] state changed {filters: Object, enabled: false, status: success, fetchStatus: idle, count: 1} @ http://localhost:8788/app/hooks/tasks/use-tasks.ts:28
[ 3485099ms] [INFO] [cadence:tasks-query] state changed {filters: Object, enabled: false, status: success, fetchStatus: idle, count: 1} @ http://localhost:8788/app/hooks/tasks/use-tasks.ts:28
[ 3485099ms] [INFO] [cadence:tasks-query] state changed {filters: Object, enabled: true, status: success, fetchStatus: idle, count: 1} @ http://localhost:8788/app/hooks/tasks/use-tasks.ts:28
[ 3539332ms] [INFO] [cadence:tasks-query] state changed {filters: Object, enabled: true, status: success, fetchStatus: idle, count: 1} @ http://localhost:8788/app/hooks/tasks/use-tasks.ts:28
[ 3539334ms] [INFO] [cadence:tasks-query] state changed {filters: Object, enabled: true, status: success, fetchStatus: idle, count: 0} @ http://localhost:8788/app/hooks/tasks/use-tasks.ts:28
[ 3539335ms] [INFO] [cadence:tasks-query] state changed {filters: Object, enabled: false, status: success, fetchStatus: idle, count: 1} @ http://localhost:8788/app/hooks/tasks/use-tasks.ts:28
[ 3539335ms] [INFO] [cadence:tasks-query] state changed {filters: Object, enabled: false, status: success, fetchStatus: idle, count: 1} @ http://localhost:8788/app/hooks/tasks/use-tasks.ts:28
[ 3539336ms] [INFO] [cadence:tasks-query] state changed {filters: Object, enabled: true, status: success, fetchStatus: idle, count: 1} @ http://localhost:8788/app/hooks/tasks/use-tasks.ts:28
[ 3542718ms] [INFO] [cadence:tasks-query] state changed {filters: Object, enabled: true, status: success, fetchStatus: idle, count: 1} @ http://localhost:8788/app/hooks/tasks/use-tasks.ts:28
[ 3542719ms] [INFO] [cadence:tasks-query] state changed {filters: Object, enabled: true, status: success, fetchStatus: idle, count: 0} @ http://localhost:8788/app/hooks/tasks/use-tasks.ts:28
[ 3542720ms] [INFO] [cadence:tasks-query] state changed {filters: Object, enabled: false, status: success, fetchStatus: idle, count: 1} @ http://localhost:8788/app/hooks/tasks/use-tasks.ts:28
[ 3542720ms] [INFO] [cadence:tasks-query] state changed {filters: Object, enabled: false, status: success, fetchStatus: idle, count: 1} @ http://localhost:8788/app/hooks/tasks/use-tasks.ts:28
[ 3542720ms] [INFO] [cadence:tasks-query] state changed {filters: Object, enabled: true, status: success, fetchStatus: idle, count: 1} @ http://localhost:8788/app/hooks/tasks/use-tasks.ts:28
[ 3594742ms] [INFO] [cadence:tasks-query] state changed {filters: Object, enabled: true, status: success, fetchStatus: idle, count: 1} @ http://localhost:8788/app/hooks/tasks/use-tasks.ts:28
[ 3594743ms] [INFO] [cadence:tasks-query] state changed {filters: Object, enabled: true, status: success, fetchStatus: idle, count: 0} @ http://localhost:8788/app/hooks/tasks/use-tasks.ts:28
[ 3594744ms] [INFO] [cadence:tasks-query] state changed {filters: Object, enabled: false, status: success, fetchStatus: idle, count: 1} @ http://localhost:8788/app/hooks/tasks/use-tasks.ts:28
[ 3594744ms] [INFO] [cadence:tasks-query] state changed {filters: Object, enabled: false, status: success, fetchStatus: idle, count: 1} @ http://localhost:8788/app/hooks/tasks/use-tasks.ts:28
[ 3594745ms] [INFO] [cadence:tasks-query] state changed {filters: Object, enabled: true, status: success, fetchStatus: idle, count: 1} @ http://localhost:8788/app/hooks/tasks/use-tasks.ts:28
[ 3598150ms] [INFO] [cadence:tasks-query] state changed {filters: Object, enabled: true, status: success, fetchStatus: idle, count: 1} @ http://localhost:8788/app/hooks/tasks/use-tasks.ts:28
[ 3598151ms] [INFO] [cadence:tasks-query] state changed {filters: Object, enabled: true, status: success, fetchStatus: idle, count: 0} @ http://localhost:8788/app/hooks/tasks/use-tasks.ts:28
[ 3598151ms] [INFO] [cadence:tasks-query] state changed {filters: Object, enabled: false, status: success, fetchStatus: idle, count: 1} @ http://localhost:8788/app/hooks/tasks/use-tasks.ts:28
[ 3598152ms] [INFO] [cadence:tasks-query] state changed {filters: Object, enabled: false, status: success, fetchStatus: idle, count: 1} @ http://localhost:8788/app/hooks/tasks/use-tasks.ts:28
[ 3598152ms] [INFO] [cadence:tasks-query] state changed {filters: Object, enabled: true, status: success, fetchStatus: idle, count: 1} @ http://localhost:8788/app/hooks/tasks/use-tasks.ts:28
[ 3650120ms] [INFO] [cadence:tasks-query] state changed {filters: Object, enabled: true, status: success, fetchStatus: idle, count: 1} @ http://localhost:8788/app/hooks/tasks/use-tasks.ts:28
[ 3650121ms] [INFO] [cadence:tasks-query] state changed {filters: Object, enabled: true, status: success, fetchStatus: idle, count: 0} @ http://localhost:8788/app/hooks/tasks/use-tasks.ts:28
[ 3650122ms] [INFO] [cadence:tasks-query] state changed {filters: Object, enabled: false, status: success, fetchStatus: idle, count: 1} @ http://localhost:8788/app/hooks/tasks/use-tasks.ts:28
[ 3650122ms] [INFO] [cadence:tasks-query] state changed {filters: Object, enabled: false, status: success, fetchStatus: idle, count: 1} @ http://localhost:8788/app/hooks/tasks/use-tasks.ts:28
[ 3650123ms] [INFO] [cadence:tasks-query] state changed {filters: Object, enabled: true, status: success, fetchStatus: idle, count: 1} @ http://localhost:8788/app/hooks/tasks/use-tasks.ts:28
[ 3653518ms] [INFO] [cadence:tasks-query] state changed {filters: Object, enabled: true, status: success, fetchStatus: idle, count: 1} @ http://localhost:8788/app/hooks/tasks/use-tasks.ts:28
[ 3653518ms] [INFO] [cadence:tasks-query] state changed {filters: Object, enabled: true, status: success, fetchStatus: idle, count: 0} @ http://localhost:8788/app/hooks/tasks/use-tasks.ts:28
[ 3653519ms] [INFO] [cadence:tasks-query] state changed {filters: Object, enabled: false, status: success, fetchStatus: idle, count: 1} @ http://localhost:8788/app/hooks/tasks/use-tasks.ts:28
[ 3653520ms] [INFO] [cadence:tasks-query] state changed {filters: Object, enabled: false, status: success, fetchStatus: idle, count: 1} @ http://localhost:8788/app/hooks/tasks/use-tasks.ts:28
[ 3653520ms] [INFO] [cadence:tasks-query] state changed {filters: Object, enabled: true, status: success, fetchStatus: idle, count: 1} @ http://localhost:8788/app/hooks/tasks/use-tasks.ts:28
[ 3705532ms] [INFO] [cadence:tasks-query] state changed {filters: Object, enabled: true, status: success, fetchStatus: idle, count: 1} @ http://localhost:8788/app/hooks/tasks/use-tasks.ts:28
[ 3705533ms] [INFO] [cadence:tasks-query] state changed {filters: Object, enabled: true, status: success, fetchStatus: idle, count: 0} @ http://localhost:8788/app/hooks/tasks/use-tasks.ts:28
[ 3705533ms] [INFO] [cadence:tasks-query] state changed {filters: Object, enabled: false, status: success, fetchStatus: idle, count: 1} @ http://localhost:8788/app/hooks/tasks/use-tasks.ts:28
[ 3705534ms] [INFO] [cadence:tasks-query] state changed {filters: Object, enabled: false, status: success, fetchStatus: idle, count: 1} @ http://localhost:8788/app/hooks/tasks/use-tasks.ts:28
[ 3705534ms] [INFO] [cadence:tasks-query] state changed {filters: Object, enabled: true, status: success, fetchStatus: idle, count: 1} @ http://localhost:8788/app/hooks/tasks/use-tasks.ts:28
[ 3708934ms] [INFO] [cadence:tasks-query] state changed {filters: Object, enabled: true, status: success, fetchStatus: idle, count: 1} @ http://localhost:8788/app/hooks/tasks/use-tasks.ts:28
[ 3708935ms] [INFO] [cadence:tasks-query] state changed {filters: Object, enabled: true, status: success, fetchStatus: idle, count: 0} @ http://localhost:8788/app/hooks/tasks/use-tasks.ts:28
[ 3708936ms] [INFO] [cadence:tasks-query] state changed {filters: Object, enabled: false, status: success, fetchStatus: idle, count: 1} @ http://localhost:8788/app/hooks/tasks/use-tasks.ts:28
[ 3708937ms] [INFO] [cadence:tasks-query] state changed {filters: Object, enabled: false, status: success, fetchStatus: idle, count: 1} @ http://localhost:8788/app/hooks/tasks/use-tasks.ts:28
[ 3708937ms] [INFO] [cadence:tasks-query] state changed {filters: Object, enabled: true, status: success, fetchStatus: idle, count: 1} @ http://localhost:8788/app/hooks/tasks/use-tasks.ts:28
[ 3717848ms] [INFO] [cadence:tasks-query] state changed {filters: Object, enabled: true, status: success, fetchStatus: idle, count: 1} @ http://localhost:8788/app/hooks/tasks/use-tasks.ts:28
[ 3717849ms] [INFO] [cadence:tasks-query] state changed {filters: Object, enabled: true, status: success, fetchStatus: idle, count: 0} @ http://localhost:8788/app/hooks/tasks/use-tasks.ts:28
[ 3717850ms] [INFO] [cadence:tasks-query] state changed {filters: Object, enabled: false, status: success, fetchStatus: idle, count: 1} @ http://localhost:8788/app/hooks/tasks/use-tasks.ts:28
[ 3717851ms] [INFO] [cadence:tasks-query] state changed {filters: Object, enabled: false, status: success, fetchStatus: idle, count: 1} @ http://localhost:8788/app/hooks/tasks/use-tasks.ts:28
[ 3717851ms] [INFO] [cadence:tasks-query] state changed {filters: Object, enabled: true, status: success, fetchStatus: idle, count: 1} @ http://localhost:8788/app/hooks/tasks/use-tasks.ts:28
[ 3717852ms] [INFO] [cadence:tasks-query] state changed {filters: Object, enabled: true, status: success, fetchStatus: idle, count: 0} @ http://localhost:8788/app/hooks/tasks/use-tasks.ts:28
[ 3720791ms] [WARNING] The resource http://localhost:8788/app/app.css was preloaded using link preload but not used within a few seconds from the window's load event. Please make sure it has an appropriate `as` value and it is preloaded intentionally. @ http://localhost:8788/:0
[ 3760888ms] [INFO] [cadence:tasks-query] state changed {filters: Object, enabled: true, status: success, fetchStatus: idle, count: 1} @ http://localhost:8788/app/hooks/tasks/use-tasks.ts:28
[ 3760890ms] [INFO] [cadence:tasks-query] state changed {filters: Object, enabled: true, status: success, fetchStatus: idle, count: 0} @ http://localhost:8788/app/hooks/tasks/use-tasks.ts:28
[ 3760891ms] [INFO] [cadence:tasks-query] state changed {filters: Object, enabled: false, status: success, fetchStatus: idle, count: 1} @ http://localhost:8788/app/hooks/tasks/use-tasks.ts:28
[ 3760891ms] [INFO] [cadence:tasks-query] state changed {filters: Object, enabled: false, status: success, fetchStatus: idle, count: 1} @ http://localhost:8788/app/hooks/tasks/use-tasks.ts:28
[ 3760892ms] [INFO] [cadence:tasks-query] state changed {filters: Object, enabled: true, status: success, fetchStatus: idle, count: 1} @ http://localhost:8788/app/hooks/tasks/use-tasks.ts:28
[ 3764342ms] [INFO] [cadence:tasks-query] state changed {filters: Object, enabled: true, status: success, fetchStatus: idle, count: 1} @ http://localhost:8788/app/hooks/tasks/use-tasks.ts:28
[ 3764344ms] [INFO] [cadence:tasks-query] state changed {filters: Object, enabled: true, status: success, fetchStatus: idle, count: 0} @ http://localhost:8788/app/hooks/tasks/use-tasks.ts:28
[ 3764346ms] [INFO] [cadence:tasks-query] state changed {filters: Object, enabled: false, status: success, fetchStatus: idle, count: 1} @ http://localhost:8788/app/hooks/tasks/use-tasks.ts:28
[ 3764347ms] [INFO] [cadence:tasks-query] state changed {filters: Object, enabled: false, status: success, fetchStatus: idle, count: 1} @ http://localhost:8788/app/hooks/tasks/use-tasks.ts:28
[ 3764348ms] [INFO] [cadence:tasks-query] state changed {filters: Object, enabled: true, status: success, fetchStatus: idle, count: 1} @ http://localhost:8788/app/hooks/tasks/use-tasks.ts:28
[ 3766632ms] [WARNING] The resource http://localhost:8788/app/app.css was preloaded using link preload but not used within a few seconds from the window's load event. Please make sure it has an appropriate `as` value and it is preloaded intentionally. @ http://localhost:8788/:0
