[     669ms] [INFO] %cDownload the React DevTools for a better development experience: https://react.dev/link/react-devtools font-weight:bold @ http://localhost:8788/node_modules/.vite/deps/react-dom_client.js?v=32f5a6e4:15804
[    1615ms] [ERROR] Encountered a script tag while rendering React component. Scripts inside React components are never executed when rendering on the client. Consider using template tag instead (https://developer.mozilla.org/en-US/docs/Web/HTML/Element/template). @ http://localhost:8788/node_modules/.vite/deps/react-dom_client.js?v=32f5a6e4:6614
[    1857ms] [INFO] [cadence:tasks-query] state changed {filters: Object, enabled: false, status: pending, fetchStatus: idle, count: null} @ http://localhost:8788/app/hooks/tasks/use-tasks.ts:28
[    1861ms] [INFO] [cadence:tasks-query] state changed {filters: Object, enabled: false, status: pending, fetchStatus: idle, count: null} @ http://localhost:8788/app/hooks/tasks/use-tasks.ts:28
[    1862ms] [INFO] [cadence:tasks-query] state changed {filters: Object, enabled: false, status: pending, fetchStatus: idle, count: null} @ http://localhost:8788/app/hooks/tasks/use-tasks.ts:28
[    1863ms] [INFO] [cadence:tasks-query] state changed {filters: Object, enabled: false, status: pending, fetchStatus: idle, count: null} @ http://localhost:8788/app/hooks/tasks/use-tasks.ts:28
[    1864ms] [INFO] [cadence:tasks-query] state changed {filters: Object, enabled: false, status: pending, fetchStatus: idle, count: null} @ http://localhost:8788/app/hooks/tasks/use-tasks.ts:28
[    1871ms] [INFO] [cadence:tasks-query] state changed {filters: Object, enabled: false, status: pending, fetchStatus: idle, count: null} @ http://localhost:8788/app/hooks/tasks/use-tasks.ts:28
[    1872ms] [INFO] [cadence:tasks-query] state changed {filters: Object, enabled: false, status: pending, fetchStatus: idle, count: null} @ http://localhost:8788/app/hooks/tasks/use-tasks.ts:28
[    1873ms] [INFO] [cadence:tasks-query] state changed {filters: Object, enabled: false, status: pending, fetchStatus: idle, count: null} @ http://localhost:8788/app/hooks/tasks/use-tasks.ts:28
[    1873ms] [INFO] [cadence:tasks-query] state changed {filters: Object, enabled: false, status: pending, fetchStatus: idle, count: null} @ http://localhost:8788/app/hooks/tasks/use-tasks.ts:28
[    1874ms] [INFO] [cadence:tasks-query] state changed {filters: Object, enabled: false, status: pending, fetchStatus: idle, count: null} @ http://localhost:8788/app/hooks/tasks/use-tasks.ts:28
[    1942ms] [INFO] [cadence:tasks-query] state changed {filters: Object, enabled: false, status: pending, fetchStatus: idle, count: null} @ http://localhost:8788/app/hooks/tasks/use-tasks.ts:28
[    1943ms] [INFO] [cadence:tasks-query] state changed {filters: Object, enabled: false, status: pending, fetchStatus: idle, count: null} @ http://localhost:8788/app/hooks/tasks/use-tasks.ts:28
[    1943ms] [INFO] [cadence:tasks-query] state changed {filters: Object, enabled: false, status: pending, fetchStatus: idle, count: null} @ http://localhost:8788/app/hooks/tasks/use-tasks.ts:28
[    1944ms] [INFO] [cadence:tasks-query] state changed {filters: Object, enabled: false, status: pending, fetchStatus: idle, count: null} @ http://localhost:8788/app/hooks/tasks/use-tasks.ts:28
[    1944ms] [INFO] [cadence:tasks-query] state changed {filters: Object, enabled: false, status: pending, fetchStatus: idle, count: null} @ http://localhost:8788/app/hooks/tasks/use-tasks.ts:28
[    2051ms] [INFO] [cadence:tasks-query] state changed {filters: Object, enabled: false, status: pending, fetchStatus: idle, count: null} @ http://localhost:8788/app/hooks/tasks/use-tasks.ts:28
[    2052ms] [INFO] [cadence:tasks-query] state changed {filters: Object, enabled: false, status: pending, fetchStatus: idle, count: null} @ http://localhost:8788/app/hooks/tasks/use-tasks.ts:28
[    2052ms] [INFO] [cadence:tasks-query] state changed {filters: Object, enabled: false, status: pending, fetchStatus: idle, count: null} @ http://localhost:8788/app/hooks/tasks/use-tasks.ts:28
[    2053ms] [INFO] [cadence:tasks-query] state changed {filters: Object, enabled: false, status: pending, fetchStatus: idle, count: null} @ http://localhost:8788/app/hooks/tasks/use-tasks.ts:28
[    2053ms] [INFO] [cadence:tasks-query] state changed {filters: Object, enabled: false, status: pending, fetchStatus: idle, count: null} @ http://localhost:8788/app/hooks/tasks/use-tasks.ts:28
[    2127ms] [INFO] [cadence:tasks-query] state changed {filters: Object, enabled: false, status: pending, fetchStatus: idle, count: null} @ http://localhost:8788/app/hooks/tasks/use-tasks.ts:28
[    2129ms] [INFO] [cadence:tasks-query] state changed {filters: Object, enabled: false, status: pending, fetchStatus: idle, count: null} @ http://localhost:8788/app/hooks/tasks/use-tasks.ts:28
[    2130ms] [INFO] [cadence:tasks-query] state changed {filters: Object, enabled: false, status: pending, fetchStatus: idle, count: null} @ http://localhost:8788/app/hooks/tasks/use-tasks.ts:28
[    2131ms] [INFO] [cadence:tasks-query] state changed {filters: Object, enabled: false, status: pending, fetchStatus: idle, count: null} @ http://localhost:8788/app/hooks/tasks/use-tasks.ts:28
[    2132ms] [INFO] [cadence:tasks-query] state changed {filters: Object, enabled: false, status: pending, fetchStatus: idle, count: null} @ http://localhost:8788/app/hooks/tasks/use-tasks.ts:28
[    2213ms] [INFO] [cadence:tasks-query] state changed {filters: Object, enabled: false, status: pending, fetchStatus: idle, count: null} @ http://localhost:8788/app/hooks/tasks/use-tasks.ts:28
[    2213ms] [INFO] [cadence:tasks-query] state changed {filters: Object, enabled: false, status: pending, fetchStatus: idle, count: null} @ http://localhost:8788/app/hooks/tasks/use-tasks.ts:28
[    2214ms] [INFO] [cadence:tasks-query] state changed {filters: Object, enabled: false, status: pending, fetchStatus: idle, count: null} @ http://localhost:8788/app/hooks/tasks/use-tasks.ts:28
[    2215ms] [INFO] [cadence:tasks-query] state changed {filters: Object, enabled: false, status: pending, fetchStatus: idle, count: null} @ http://localhost:8788/app/hooks/tasks/use-tasks.ts:28
[    2215ms] [INFO] [cadence:tasks-query] state changed {filters: Object, enabled: false, status: pending, fetchStatus: idle, count: null} @ http://localhost:8788/app/hooks/tasks/use-tasks.ts:28
[    2325ms] [INFO] [cadence:tasks-query] state changed {filters: Object, enabled: true, status: pending, fetchStatus: idle, count: null} @ http://localhost:8788/app/hooks/tasks/use-tasks.ts:28
[    2351ms] [INFO] [cadence:tasks-query] state changed {filters: Object, enabled: true, status: pending, fetchStatus: idle, count: null} @ http://localhost:8788/app/hooks/tasks/use-tasks.ts:28
[    2351ms] [INFO] [cadence:tasks-query] state changed {filters: Object, enabled: false, status: pending, fetchStatus: idle, count: null} @ http://localhost:8788/app/hooks/tasks/use-tasks.ts:28
[    2352ms] [INFO] [cadence:tasks-query] state changed {filters: Object, enabled: false, status: pending, fetchStatus: idle, count: null} @ http://localhost:8788/app/hooks/tasks/use-tasks.ts:28
[    2352ms] [INFO] [cadence:tasks-query] state changed {filters: Object, enabled: true, status: pending, fetchStatus: idle, count: null} @ http://localhost:8788/app/hooks/tasks/use-tasks.ts:28
[    2353ms] [INFO] [cadence:tasks-query] state changed {filters: Object, enabled: false, status: pending, fetchStatus: idle, count: null} @ http://localhost:8788/app/hooks/tasks/use-tasks.ts:28
[    2357ms] [INFO] [cadence:tasks-query] state changed {filters: Object, enabled: true, status: pending, fetchStatus: idle, count: null} @ http://localhost:8788/app/hooks/tasks/use-tasks.ts:28
[    2497ms] [INFO] [cadence:tasks-query] state changed {filters: Object, enabled: true, status: pending, fetchStatus: fetching, count: null} @ http://localhost:8788/app/hooks/tasks/use-tasks.ts:28
[    2499ms] [INFO] [cadence:tasks-query] state changed {filters: Object, enabled: true, status: pending, fetchStatus: fetching, count: null} @ http://localhost:8788/app/hooks/tasks/use-tasks.ts:28
[    2499ms] [INFO] [cadence:tasks-query] state changed {filters: Object, enabled: false, status: pending, fetchStatus: idle, count: null} @ http://localhost:8788/app/hooks/tasks/use-tasks.ts:28
[    2500ms] [INFO] [cadence:tasks-query] state changed {filters: Object, enabled: false, status: pending, fetchStatus: idle, count: null} @ http://localhost:8788/app/hooks/tasks/use-tasks.ts:28
[    2500ms] [INFO] [cadence:tasks-query] state changed {filters: Object, enabled: true, status: pending, fetchStatus: fetching, count: null} @ http://localhost:8788/app/hooks/tasks/use-tasks.ts:28
[    2501ms] [INFO] [cadence:tasks-query] state changed {filters: Object, enabled: false, status: pending, fetchStatus: idle, count: null} @ http://localhost:8788/app/hooks/tasks/use-tasks.ts:28
[    2542ms] [INFO] [cadence:tasks-query] state changed {filters: Object, enabled: true, status: pending, fetchStatus: fetching, count: null} @ http://localhost:8788/app/hooks/tasks/use-tasks.ts:28
[    2544ms] [INFO] [cadence:tasks-query] state changed {filters: Object, enabled: true, status: pending, fetchStatus: fetching, count: null} @ http://localhost:8788/app/hooks/tasks/use-tasks.ts:28
[    2545ms] [INFO] [cadence:tasks-query] state changed {filters: Object, enabled: false, status: pending, fetchStatus: idle, count: null} @ http://localhost:8788/app/hooks/tasks/use-tasks.ts:28
[    2545ms] [INFO] [cadence:tasks-query] state changed {filters: Object, enabled: false, status: pending, fetchStatus: idle, count: null} @ http://localhost:8788/app/hooks/tasks/use-tasks.ts:28
[    2546ms] [INFO] [cadence:tasks-query] state changed {filters: Object, enabled: true, status: pending, fetchStatus: fetching, count: null} @ http://localhost:8788/app/hooks/tasks/use-tasks.ts:28
[    2546ms] [INFO] [cadence:tasks-query] state changed {filters: Object, enabled: false, status: pending, fetchStatus: idle, count: null} @ http://localhost:8788/app/hooks/tasks/use-tasks.ts:28
[    2795ms] [INFO] [cadence:tasks-query] state changed {filters: Object, enabled: false, status: pending, fetchStatus: fetching, count: null} @ http://localhost:8788/app/hooks/tasks/use-tasks.ts:28
[    2796ms] [INFO] [cadence:inbox-query] state changed {enabled: true, status: pending, fetchStatus: fetching, count: null, error: null} @ http://localhost:8788/app/hooks/inbox/use-inbox.ts:21
[    2797ms] [INFO] [cadence:tasks-query] state changed {filters: Object, enabled: false, status: pending, fetchStatus: fetching, count: null} @ http://localhost:8788/app/hooks/tasks/use-tasks.ts:28
[    2798ms] [INFO] [cadence:inbox-query] state changed {enabled: true, status: pending, fetchStatus: fetching, count: null, error: null} @ http://localhost:8788/app/hooks/inbox/use-inbox.ts:21
[    2799ms] [INFO] [cadence:tasks-query] state changed {filters: Object, enabled: false, status: pending, fetchStatus: fetching, count: null} @ http://localhost:8788/app/hooks/tasks/use-tasks.ts:28
[    2800ms] [INFO] [cadence:inbox-query] state changed {enabled: true, status: pending, fetchStatus: fetching, count: null, error: null} @ http://localhost:8788/app/hooks/inbox/use-inbox.ts:21
[    2801ms] [INFO] [cadence:tasks-query] state changed {filters: Object, enabled: false, status: pending, fetchStatus: fetching, count: null} @ http://localhost:8788/app/hooks/tasks/use-tasks.ts:28
[    2801ms] [INFO] [cadence:inbox-query] state changed {enabled: true, status: pending, fetchStatus: fetching, count: null, error: null} @ http://localhost:8788/app/hooks/inbox/use-inbox.ts:21
[    3036ms] [INFO] [cadence:tasks-query] state changed {filters: Object, enabled: true, status: pending, fetchStatus: fetching, count: null} @ http://localhost:8788/app/hooks/tasks/use-tasks.ts:28
[    3663ms] [INFO] [cadence:tasks-query] state changed {filters: Object, enabled: true, status: pending, fetchStatus: fetching, count: null} @ http://localhost:8788/app/hooks/tasks/use-tasks.ts:28
[    3664ms] [INFO] [cadence:tasks-query] state changed {filters: Object, enabled: false, status: pending, fetchStatus: fetching, count: null} @ http://localhost:8788/app/hooks/tasks/use-tasks.ts:28
[    3665ms] [INFO] [cadence:tasks-query] state changed {filters: Object, enabled: false, status: pending, fetchStatus: fetching, count: null} @ http://localhost:8788/app/hooks/tasks/use-tasks.ts:28
[    3666ms] [INFO] [cadence:tasks-query] state changed {filters: Object, enabled: true, status: pending, fetchStatus: fetching, count: null} @ http://localhost:8788/app/hooks/tasks/use-tasks.ts:28
[    3719ms] [INFO] [cadence:tasks-query] state changed {filters: Object, enabled: true, status: success, fetchStatus: idle, count: 5} @ http://localhost:8788/app/hooks/tasks/use-tasks.ts:28
[    3720ms] [INFO] [cadence:tasks-query] state changed {filters: Object, enabled: false, status: success, fetchStatus: idle, count: 5} @ http://localhost:8788/app/hooks/tasks/use-tasks.ts:28
[    3721ms] [INFO] [cadence:tasks-query] state changed {filters: Object, enabled: false, status: success, fetchStatus: idle, count: 5} @ http://localhost:8788/app/hooks/tasks/use-tasks.ts:28
[    3722ms] [INFO] [cadence:tasks-query] state changed {filters: Object, enabled: true, status: success, fetchStatus: idle, count: 5} @ http://localhost:8788/app/hooks/tasks/use-tasks.ts:28
[    3728ms] [INFO] [cadence:tasks-query] state changed {filters: Object, enabled: false, status: success, fetchStatus: idle, count: 5} @ http://localhost:8788/app/hooks/tasks/use-tasks.ts:28
[    3729ms] [INFO] [cadence:tasks-query] state changed {filters: Object, enabled: false, status: success, fetchStatus: idle, count: 5} @ http://localhost:8788/app/hooks/tasks/use-tasks.ts:28
[    3762ms] [INFO] [cadence:tasks-query] state changed {filters: Object, enabled: true, status: success, fetchStatus: idle, count: 5} @ http://localhost:8788/app/hooks/tasks/use-tasks.ts:28
[    4027ms] [INFO] [cadence:tasks-query] state changed {filters: Object, enabled: true, status: success, fetchStatus: idle, count: 5} @ http://localhost:8788/app/hooks/tasks/use-tasks.ts:28
[    4029ms] [INFO] [cadence:tasks-query] state changed {filters: Object, enabled: false, status: success, fetchStatus: idle, count: 5} @ http://localhost:8788/app/hooks/tasks/use-tasks.ts:28
[    4029ms] [INFO] [cadence:tasks-query] state changed {filters: Object, enabled: false, status: success, fetchStatus: idle, count: 5} @ http://localhost:8788/app/hooks/tasks/use-tasks.ts:28
[    4030ms] [INFO] [cadence:tasks-query] state changed {filters: Object, enabled: true, status: success, fetchStatus: idle, count: 5} @ http://localhost:8788/app/hooks/tasks/use-tasks.ts:28
[    4033ms] [INFO] [cadence:tasks-query] state changed {filters: Object, enabled: false, status: pending, fetchStatus: idle, count: null} @ http://localhost:8788/app/hooks/tasks/use-tasks.ts:28
[    4034ms] [INFO] [cadence:tasks-query] state changed {filters: Object, enabled: false, status: pending, fetchStatus: idle, count: null} @ http://localhost:8788/app/hooks/tasks/use-tasks.ts:28
[    4034ms] [INFO] [cadence:tasks-query] state changed {filters: Object, enabled: true, status: success, fetchStatus: idle, count: 0} @ http://localhost:8788/app/hooks/tasks/use-tasks.ts:28
[    4035ms] [INFO] [cadence:tasks-query] state changed {filters: Object, enabled: false, status: pending, fetchStatus: idle, count: null} @ http://localhost:8788/app/hooks/tasks/use-tasks.ts:28
[    4299ms] [INFO] [cadence:tasks-query] state changed {filters: Object, enabled: true, status: success, fetchStatus: idle, count: 5} @ http://localhost:8788/app/hooks/tasks/use-tasks.ts:28
[    4301ms] [INFO] [cadence:tasks-query] state changed {filters: Object, enabled: false, status: success, fetchStatus: idle, count: 5} @ http://localhost:8788/app/hooks/tasks/use-tasks.ts:28
[    4303ms] [INFO] [cadence:tasks-query] state changed {filters: Object, enabled: false, status: success, fetchStatus: idle, count: 5} @ http://localhost:8788/app/hooks/tasks/use-tasks.ts:28
[    4304ms] [INFO] [cadence:tasks-query] state changed {filters: Object, enabled: true, status: success, fetchStatus: idle, count: 5} @ http://localhost:8788/app/hooks/tasks/use-tasks.ts:28
[    4305ms] [INFO] [cadence:tasks-query] state changed {filters: Object, enabled: false, status: pending, fetchStatus: idle, count: null} @ http://localhost:8788/app/hooks/tasks/use-tasks.ts:28
[    4305ms] [INFO] [cadence:tasks-query] state changed {filters: Object, enabled: false, status: pending, fetchStatus: idle, count: null} @ http://localhost:8788/app/hooks/tasks/use-tasks.ts:28
[    4306ms] [INFO] [cadence:tasks-query] state changed {filters: Object, enabled: true, status: success, fetchStatus: idle, count: 0} @ http://localhost:8788/app/hooks/tasks/use-tasks.ts:28
[    4306ms] [INFO] [cadence:tasks-query] state changed {filters: Object, enabled: false, status: pending, fetchStatus: idle, count: null} @ http://localhost:8788/app/hooks/tasks/use-tasks.ts:28
[    4329ms] [INFO] [cadence:tasks-query] state changed {filters: Object, enabled: true, status: success, fetchStatus: idle, count: 5} @ http://localhost:8788/app/hooks/tasks/use-tasks.ts:28
[    4331ms] [INFO] [cadence:tasks-query] state changed {filters: Object, enabled: false, status: success, fetchStatus: idle, count: 5} @ http://localhost:8788/app/hooks/tasks/use-tasks.ts:28
[    4331ms] [INFO] [cadence:tasks-query] state changed {filters: Object, enabled: false, status: success, fetchStatus: idle, count: 5} @ http://localhost:8788/app/hooks/tasks/use-tasks.ts:28
[    4332ms] [INFO] [cadence:tasks-query] state changed {filters: Object, enabled: true, status: success, fetchStatus: idle, count: 5} @ http://localhost:8788/app/hooks/tasks/use-tasks.ts:28
[    4333ms] [INFO] [cadence:tasks-query] state changed {filters: Object, enabled: false, status: pending, fetchStatus: idle, count: null} @ http://localhost:8788/app/hooks/tasks/use-tasks.ts:28
[    4333ms] [INFO] [cadence:tasks-query] state changed {filters: Object, enabled: false, status: pending, fetchStatus: idle, count: null} @ http://localhost:8788/app/hooks/tasks/use-tasks.ts:28
[    4334ms] [INFO] [cadence:tasks-query] state changed {filters: Object, enabled: true, status: success, fetchStatus: idle, count: 0} @ http://localhost:8788/app/hooks/tasks/use-tasks.ts:28
[    4335ms] [INFO] [cadence:tasks-query] state changed {filters: Object, enabled: false, status: pending, fetchStatus: idle, count: null} @ http://localhost:8788/app/hooks/tasks/use-tasks.ts:28
[    4364ms] [INFO] [cadence:tasks-query] state changed {filters: Object, enabled: true, status: success, fetchStatus: idle, count: 5} @ http://localhost:8788/app/hooks/tasks/use-tasks.ts:28
[    4365ms] [INFO] [cadence:tasks-query] state changed {filters: Object, enabled: false, status: success, fetchStatus: idle, count: 5} @ http://localhost:8788/app/hooks/tasks/use-tasks.ts:28
[    4365ms] [INFO] [cadence:tasks-query] state changed {filters: Object, enabled: false, status: success, fetchStatus: idle, count: 5} @ http://localhost:8788/app/hooks/tasks/use-tasks.ts:28
[    4366ms] [INFO] [cadence:tasks-query] state changed {filters: Object, enabled: true, status: success, fetchStatus: idle, count: 5} @ http://localhost:8788/app/hooks/tasks/use-tasks.ts:28
[    4366ms] [INFO] [cadence:tasks-query] state changed {filters: Object, enabled: false, status: pending, fetchStatus: idle, count: null} @ http://localhost:8788/app/hooks/tasks/use-tasks.ts:28
[    4367ms] [INFO] [cadence:tasks-query] state changed {filters: Object, enabled: false, status: pending, fetchStatus: idle, count: null} @ http://localhost:8788/app/hooks/tasks/use-tasks.ts:28
[    4367ms] [INFO] [cadence:tasks-query] state changed {filters: Object, enabled: true, status: success, fetchStatus: idle, count: 0} @ http://localhost:8788/app/hooks/tasks/use-tasks.ts:28
[    4368ms] [INFO] [cadence:tasks-query] state changed {filters: Object, enabled: false, status: pending, fetchStatus: idle, count: null} @ http://localhost:8788/app/hooks/tasks/use-tasks.ts:28
[    4441ms] [INFO] [cadence:tasks-query] state changed {filters: Object, enabled: true, status: success, fetchStatus: idle, count: 5} @ http://localhost:8788/app/hooks/tasks/use-tasks.ts:28
[    4443ms] [INFO] [cadence:tasks-query] state changed {filters: Object, enabled: false, status: success, fetchStatus: idle, count: 5} @ http://localhost:8788/app/hooks/tasks/use-tasks.ts:28
[    4445ms] [INFO] [cadence:tasks-query] state changed {filters: Object, enabled: false, status: success, fetchStatus: idle, count: 5} @ http://localhost:8788/app/hooks/tasks/use-tasks.ts:28
[    4446ms] [INFO] [cadence:tasks-query] state changed {filters: Object, enabled: true, status: success, fetchStatus: idle, count: 5} @ http://localhost:8788/app/hooks/tasks/use-tasks.ts:28
[    4447ms] [INFO] [cadence:tasks-query] state changed {filters: Object, enabled: false, status: pending, fetchStatus: idle, count: null} @ http://localhost:8788/app/hooks/tasks/use-tasks.ts:28
[    4447ms] [INFO] [cadence:tasks-query] state changed {filters: Object, enabled: false, status: pending, fetchStatus: idle, count: null} @ http://localhost:8788/app/hooks/tasks/use-tasks.ts:28
[    4448ms] [INFO] [cadence:tasks-query] state changed {filters: Object, enabled: true, status: success, fetchStatus: idle, count: 0} @ http://localhost:8788/app/hooks/tasks/use-tasks.ts:28
[    4449ms] [INFO] [cadence:tasks-query] state changed {filters: Object, enabled: false, status: pending, fetchStatus: idle, count: null} @ http://localhost:8788/app/hooks/tasks/use-tasks.ts:28
[    4771ms] [INFO] [cadence:tasks-query] state changed {filters: Object, enabled: false, status: success, fetchStatus: idle, count: 5} @ http://localhost:8788/app/hooks/tasks/use-tasks.ts:28
[    4772ms] [INFO] [cadence:inbox-query] state changed {enabled: true, status: success, fetchStatus: idle, count: 3, error: null} @ http://localhost:8788/app/hooks/inbox/use-inbox.ts:21
[    4773ms] [INFO] [cadence:tasks-query] state changed {filters: Object, enabled: false, status: success, fetchStatus: idle, count: 5} @ http://localhost:8788/app/hooks/tasks/use-tasks.ts:28
[    4774ms] [INFO] [cadence:inbox-query] state changed {enabled: true, status: success, fetchStatus: idle, count: 3, error: null} @ http://localhost:8788/app/hooks/inbox/use-inbox.ts:21
[    4781ms] [INFO] [cadence:tasks-query] state changed {filters: Object, enabled: false, status: success, fetchStatus: idle, count: 5} @ http://localhost:8788/app/hooks/tasks/use-tasks.ts:28
[    4782ms] [INFO] [cadence:tasks-query] state changed {filters: Object, enabled: false, status: success, fetchStatus: idle, count: 5} @ http://localhost:8788/app/hooks/tasks/use-tasks.ts:28
[    5189ms] [INFO] [cadence:tasks-query] state changed {filters: Object, enabled: false, status: success, fetchStatus: idle, count: 5} @ http://localhost:8788/app/hooks/tasks/use-tasks.ts:28
[    5190ms] [INFO] [cadence:tasks-query] state changed {filters: Object, enabled: false, status: success, fetchStatus: idle, count: 5} @ http://localhost:8788/app/hooks/tasks/use-tasks.ts:28
[   10194ms] [INFO] [cadence:tasks-query] state changed {filters: Object, enabled: true, status: success, fetchStatus: idle, count: 5} @ http://localhost:8788/app/hooks/tasks/use-tasks.ts:28
[   10196ms] [INFO] [cadence:tasks-query] state changed {filters: Object, enabled: false, status: success, fetchStatus: idle, count: 5} @ http://localhost:8788/app/hooks/tasks/use-tasks.ts:28
[   10196ms] [INFO] [cadence:tasks-query] state changed {filters: Object, enabled: false, status: success, fetchStatus: idle, count: 5} @ http://localhost:8788/app/hooks/tasks/use-tasks.ts:28
[   10197ms] [INFO] [cadence:tasks-query] state changed {filters: Object, enabled: true, status: success, fetchStatus: idle, count: 5} @ http://localhost:8788/app/hooks/tasks/use-tasks.ts:28
[   10197ms] [INFO] [cadence:tasks-query] state changed {filters: Object, enabled: false, status: pending, fetchStatus: idle, count: null} @ http://localhost:8788/app/hooks/tasks/use-tasks.ts:28
[   10198ms] [INFO] [cadence:tasks-query] state changed {filters: Object, enabled: false, status: pending, fetchStatus: idle, count: null} @ http://localhost:8788/app/hooks/tasks/use-tasks.ts:28
[   10198ms] [INFO] [cadence:tasks-query] state changed {filters: Object, enabled: true, status: success, fetchStatus: idle, count: 0} @ http://localhost:8788/app/hooks/tasks/use-tasks.ts:28
[   10198ms] [INFO] [cadence:tasks-query] state changed {filters: Object, enabled: false, status: pending, fetchStatus: idle, count: null} @ http://localhost:8788/app/hooks/tasks/use-tasks.ts:28
[   57125ms] [INFO] [cadence:tasks-query] state changed {filters: Object, enabled: true, status: success, fetchStatus: idle, count: 5} @ http://localhost:8788/app/hooks/tasks/use-tasks.ts:28
[   57125ms] [INFO] [cadence:tasks-query] state changed {filters: Object, enabled: false, status: success, fetchStatus: idle, count: 5} @ http://localhost:8788/app/hooks/tasks/use-tasks.ts:28
[   57126ms] [INFO] [cadence:tasks-query] state changed {filters: Object, enabled: false, status: success, fetchStatus: idle, count: 5} @ http://localhost:8788/app/hooks/tasks/use-tasks.ts:28
[   57126ms] [INFO] [cadence:tasks-query] state changed {filters: Object, enabled: true, status: success, fetchStatus: idle, count: 5} @ http://localhost:8788/app/hooks/tasks/use-tasks.ts:28
[   57603ms] [INFO] [cadence:tasks-query] state changed {filters: Object, enabled: true, status: success, fetchStatus: idle, count: 5} @ http://localhost:8788/app/hooks/tasks/use-tasks.ts:28
[   57603ms] [INFO] [cadence:tasks-query] state changed {filters: Object, enabled: false, status: success, fetchStatus: idle, count: 5} @ http://localhost:8788/app/hooks/tasks/use-tasks.ts:28
[   57604ms] [INFO] [cadence:tasks-query] state changed {filters: Object, enabled: false, status: success, fetchStatus: idle, count: 5} @ http://localhost:8788/app/hooks/tasks/use-tasks.ts:28
[   57604ms] [INFO] [cadence:tasks-query] state changed {filters: Object, enabled: true, status: success, fetchStatus: idle, count: 5} @ http://localhost:8788/app/hooks/tasks/use-tasks.ts:28
[  112160ms] [INFO] [cadence:tasks-query] state changed {filters: Object, enabled: true, status: success, fetchStatus: idle, count: 5} @ http://localhost:8788/app/hooks/tasks/use-tasks.ts:28
[  112161ms] [INFO] [cadence:tasks-query] state changed {filters: Object, enabled: false, status: success, fetchStatus: idle, count: 5} @ http://localhost:8788/app/hooks/tasks/use-tasks.ts:28
[  112161ms] [INFO] [cadence:tasks-query] state changed {filters: Object, enabled: false, status: success, fetchStatus: idle, count: 5} @ http://localhost:8788/app/hooks/tasks/use-tasks.ts:28
[  112162ms] [INFO] [cadence:tasks-query] state changed {filters: Object, enabled: true, status: success, fetchStatus: idle, count: 5} @ http://localhost:8788/app/hooks/tasks/use-tasks.ts:28
[  112646ms] [INFO] [cadence:tasks-query] state changed {filters: Object, enabled: true, status: success, fetchStatus: idle, count: 5} @ http://localhost:8788/app/hooks/tasks/use-tasks.ts:28
[  112646ms] [INFO] [cadence:tasks-query] state changed {filters: Object, enabled: false, status: success, fetchStatus: idle, count: 5} @ http://localhost:8788/app/hooks/tasks/use-tasks.ts:28
[  112647ms] [INFO] [cadence:tasks-query] state changed {filters: Object, enabled: false, status: success, fetchStatus: idle, count: 5} @ http://localhost:8788/app/hooks/tasks/use-tasks.ts:28
[  112647ms] [INFO] [cadence:tasks-query] state changed {filters: Object, enabled: true, status: success, fetchStatus: idle, count: 5} @ http://localhost:8788/app/hooks/tasks/use-tasks.ts:28
[  114765ms] [INFO] [cadence:tasks-query] state changed {filters: Object, enabled: false, status: success, fetchStatus: idle, count: 5} @ http://localhost:8788/app/hooks/tasks/use-tasks.ts:28
[  114766ms] [INFO] [cadence:tasks-query] state changed {filters: Object, enabled: false, status: success, fetchStatus: idle, count: 5} @ http://localhost:8788/app/hooks/tasks/use-tasks.ts:28
[  114768ms] [INFO] [cadence:tasks-query] state changed {filters: Object, enabled: true, status: success, fetchStatus: idle, count: 5} @ http://localhost:8788/app/hooks/tasks/use-tasks.ts:28
[  114768ms] [INFO] [cadence:tasks-query] state changed {filters: Object, enabled: false, status: pending, fetchStatus: idle, count: null} @ http://localhost:8788/app/hooks/tasks/use-tasks.ts:28
[  114769ms] [INFO] [cadence:tasks-query] state changed {filters: Object, enabled: false, status: pending, fetchStatus: idle, count: null} @ http://localhost:8788/app/hooks/tasks/use-tasks.ts:28
[  114769ms] [INFO] [cadence:tasks-query] state changed {filters: Object, enabled: true, status: success, fetchStatus: idle, count: 0} @ http://localhost:8788/app/hooks/tasks/use-tasks.ts:28
[  114769ms] [INFO] [cadence:tasks-query] state changed {filters: Object, enabled: false, status: pending, fetchStatus: idle, count: null} @ http://localhost:8788/app/hooks/tasks/use-tasks.ts:28
[  114836ms] [INFO] [cadence:tasks-query] state changed {filters: Object, enabled: false, status: success, fetchStatus: idle, count: 5} @ http://localhost:8788/app/hooks/tasks/use-tasks.ts:28
[  114837ms] [INFO] [cadence:tasks-query] state changed {filters: Object, enabled: false, status: success, fetchStatus: idle, count: 5} @ http://localhost:8788/app/hooks/tasks/use-tasks.ts:28
[  114838ms] [INFO] [cadence:tasks-query] state changed {filters: Object, enabled: true, status: success, fetchStatus: idle, count: 5} @ http://localhost:8788/app/hooks/tasks/use-tasks.ts:28
[  114838ms] [INFO] [cadence:tasks-query] state changed {filters: Object, enabled: false, status: pending, fetchStatus: idle, count: null} @ http://localhost:8788/app/hooks/tasks/use-tasks.ts:28
[  114838ms] [INFO] [cadence:tasks-query] state changed {filters: Object, enabled: false, status: pending, fetchStatus: idle, count: null} @ http://localhost:8788/app/hooks/tasks/use-tasks.ts:28
[  114839ms] [INFO] [cadence:tasks-query] state changed {filters: Object, enabled: true, status: success, fetchStatus: idle, count: 0} @ http://localhost:8788/app/hooks/tasks/use-tasks.ts:28
[  114839ms] [INFO] [cadence:tasks-query] state changed {filters: Object, enabled: false, status: pending, fetchStatus: idle, count: null} @ http://localhost:8788/app/hooks/tasks/use-tasks.ts:28
[  115626ms] [INFO] [cadence:tasks-query] state changed {filters: Object, enabled: false, status: success, fetchStatus: idle, count: 5} @ http://localhost:8788/app/hooks/tasks/use-tasks.ts:28
[  115627ms] [INFO] [cadence:tasks-query] state changed {filters: Object, enabled: false, status: success, fetchStatus: idle, count: 5} @ http://localhost:8788/app/hooks/tasks/use-tasks.ts:28
[  115627ms] [INFO] [cadence:tasks-query] state changed {filters: Object, enabled: true, status: success, fetchStatus: idle, count: 5} @ http://localhost:8788/app/hooks/tasks/use-tasks.ts:28
[  115628ms] [INFO] [cadence:tasks-query] state changed {filters: Object, enabled: false, status: pending, fetchStatus: idle, count: null} @ http://localhost:8788/app/hooks/tasks/use-tasks.ts:28
[  115628ms] [INFO] [cadence:tasks-query] state changed {filters: Object, enabled: false, status: pending, fetchStatus: idle, count: null} @ http://localhost:8788/app/hooks/tasks/use-tasks.ts:28
[  115628ms] [INFO] [cadence:tasks-query] state changed {filters: Object, enabled: true, status: success, fetchStatus: idle, count: 0} @ http://localhost:8788/app/hooks/tasks/use-tasks.ts:28
[  115629ms] [INFO] [cadence:tasks-query] state changed {filters: Object, enabled: false, status: pending, fetchStatus: idle, count: null} @ http://localhost:8788/app/hooks/tasks/use-tasks.ts:28
[  154980ms] [INFO] [cadence:tasks-query] state changed {filters: Object, enabled: true, status: success, fetchStatus: fetching, count: 5} @ http://localhost:8788/app/hooks/tasks/use-tasks.ts:28
[  155000ms] [INFO] [cadence:tasks-query] state changed {filters: Object, enabled: false, status: success, fetchStatus: idle, count: 5} @ http://localhost:8788/app/hooks/tasks/use-tasks.ts:28
[  155000ms] [INFO] [cadence:tasks-query] state changed {filters: Object, enabled: false, status: success, fetchStatus: idle, count: 5} @ http://localhost:8788/app/hooks/tasks/use-tasks.ts:28
[  155001ms] [INFO] [cadence:tasks-query] state changed {filters: Object, enabled: true, status: success, fetchStatus: idle, count: 5} @ http://localhost:8788/app/hooks/tasks/use-tasks.ts:28
[  155001ms] [INFO] [cadence:tasks-query] state changed {filters: Object, enabled: false, status: pending, fetchStatus: idle, count: null} @ http://localhost:8788/app/hooks/tasks/use-tasks.ts:28
[  155002ms] [INFO] [cadence:tasks-query] state changed {filters: Object, enabled: false, status: pending, fetchStatus: idle, count: null} @ http://localhost:8788/app/hooks/tasks/use-tasks.ts:28
[  155002ms] [INFO] [cadence:tasks-query] state changed {filters: Object, enabled: true, status: success, fetchStatus: idle, count: 0} @ http://localhost:8788/app/hooks/tasks/use-tasks.ts:28
[  155003ms] [INFO] [cadence:tasks-query] state changed {filters: Object, enabled: false, status: pending, fetchStatus: idle, count: null} @ http://localhost:8788/app/hooks/tasks/use-tasks.ts:28
[  155004ms] [INFO] [cadence:tasks-query] state changed {filters: Object, enabled: true, status: success, fetchStatus: fetching, count: 5} @ http://localhost:8788/app/hooks/tasks/use-tasks.ts:28
[  155067ms] [INFO] [cadence:tasks-query] state changed {filters: Object, enabled: true, status: success, fetchStatus: fetching, count: 5} @ http://localhost:8788/app/hooks/tasks/use-tasks.ts:28
[  155068ms] [INFO] [cadence:tasks-query] state changed {filters: Object, enabled: false, status: success, fetchStatus: fetching, count: 5} @ http://localhost:8788/app/hooks/tasks/use-tasks.ts:28
[  155068ms] [INFO] [cadence:tasks-query] state changed {filters: Object, enabled: false, status: success, fetchStatus: fetching, count: 5} @ http://localhost:8788/app/hooks/tasks/use-tasks.ts:28
[  155069ms] [INFO] [cadence:tasks-query] state changed {filters: Object, enabled: true, status: success, fetchStatus: fetching, count: 5} @ http://localhost:8788/app/hooks/tasks/use-tasks.ts:28
[  155749ms] [INFO] [cadence:tasks-query] state changed {filters: Object, enabled: true, status: success, fetchStatus: idle, count: 5} @ http://localhost:8788/app/hooks/tasks/use-tasks.ts:28
[  155750ms] [INFO] [cadence:tasks-query] state changed {filters: Object, enabled: false, status: success, fetchStatus: idle, count: 5} @ http://localhost:8788/app/hooks/tasks/use-tasks.ts:28
[  155750ms] [INFO] [cadence:tasks-query] state changed {filters: Object, enabled: false, status: success, fetchStatus: idle, count: 5} @ http://localhost:8788/app/hooks/tasks/use-tasks.ts:28
[  155751ms] [INFO] [cadence:tasks-query] state changed {filters: Object, enabled: true, status: success, fetchStatus: idle, count: 5} @ http://localhost:8788/app/hooks/tasks/use-tasks.ts:28
[  160788ms] [INFO] [cadence:tasks-query] state changed {filters: Object, enabled: true, status: success, fetchStatus: idle, count: 6} @ http://localhost:8788/app/hooks/tasks/use-tasks.ts:28
[  160795ms] [INFO] [cadence:tasks-query] state changed {filters: Object, enabled: false, status: success, fetchStatus: idle, count: 6} @ http://localhost:8788/app/hooks/tasks/use-tasks.ts:28
[  160797ms] [INFO] [cadence:tasks-query] state changed {filters: Object, enabled: false, status: success, fetchStatus: idle, count: 6} @ http://localhost:8788/app/hooks/tasks/use-tasks.ts:28
[  160798ms] [INFO] [cadence:tasks-query] state changed {filters: Object, enabled: true, status: success, fetchStatus: idle, count: 6} @ http://localhost:8788/app/hooks/tasks/use-tasks.ts:28
[  160799ms] [INFO] [cadence:tasks-query] state changed {filters: Object, enabled: false, status: success, fetchStatus: idle, count: 1} @ http://localhost:8788/app/hooks/tasks/use-tasks.ts:28
[  160799ms] [INFO] [cadence:tasks-query] state changed {filters: Object, enabled: false, status: success, fetchStatus: idle, count: 1} @ http://localhost:8788/app/hooks/tasks/use-tasks.ts:28
[  160800ms] [INFO] [cadence:tasks-query] state changed {filters: Object, enabled: true, status: success, fetchStatus: idle, count: 1} @ http://localhost:8788/app/hooks/tasks/use-tasks.ts:28
[  160800ms] [INFO] [cadence:tasks-query] state changed {filters: Object, enabled: false, status: success, fetchStatus: idle, count: 1} @ http://localhost:8788/app/hooks/tasks/use-tasks.ts:28
[  162001ms] [INFO] [cadence:tasks-query] state changed {filters: Object, enabled: false, status: success, fetchStatus: idle, count: 6} @ http://localhost:8788/app/hooks/tasks/use-tasks.ts:28
[  162001ms] [INFO] [cadence:tasks-query] state changed {filters: Object, enabled: false, status: success, fetchStatus: idle, count: 6} @ http://localhost:8788/app/hooks/tasks/use-tasks.ts:28
[  162128ms] [INFO] [cadence:tasks-query] state changed {filters: Object, enabled: true, status: success, fetchStatus: idle, count: 6} @ http://localhost:8788/app/hooks/tasks/use-tasks.ts:28
[  162131ms] [INFO] [cadence:tasks-query] state changed {filters: Object, enabled: false, status: success, fetchStatus: idle, count: 6} @ http://localhost:8788/app/hooks/tasks/use-tasks.ts:28
[  162132ms] [INFO] [cadence:tasks-query] state changed {filters: Object, enabled: false, status: success, fetchStatus: idle, count: 6} @ http://localhost:8788/app/hooks/tasks/use-tasks.ts:28
[  162133ms] [INFO] [cadence:tasks-query] state changed {filters: Object, enabled: true, status: success, fetchStatus: idle, count: 6} @ http://localhost:8788/app/hooks/tasks/use-tasks.ts:28
[  162133ms] [INFO] [cadence:tasks-query] state changed {filters: Object, enabled: false, status: success, fetchStatus: idle, count: 1} @ http://localhost:8788/app/hooks/tasks/use-tasks.ts:28
[  162134ms] [INFO] [cadence:tasks-query] state changed {filters: Object, enabled: false, status: success, fetchStatus: idle, count: 1} @ http://localhost:8788/app/hooks/tasks/use-tasks.ts:28
[  162134ms] [INFO] [cadence:tasks-query] state changed {filters: Object, enabled: true, status: success, fetchStatus: idle, count: 1} @ http://localhost:8788/app/hooks/tasks/use-tasks.ts:28
[  162134ms] [INFO] [cadence:tasks-query] state changed {filters: Object, enabled: false, status: success, fetchStatus: idle, count: 1} @ http://localhost:8788/app/hooks/tasks/use-tasks.ts:28
[  163084ms] [INFO] [cadence:tasks-query] state changed {filters: Object, enabled: false, status: success, fetchStatus: idle, count: 6} @ http://localhost:8788/app/hooks/tasks/use-tasks.ts:28
[  163085ms] [INFO] [cadence:tasks-query] state changed {filters: Object, enabled: false, status: success, fetchStatus: idle, count: 6} @ http://localhost:8788/app/hooks/tasks/use-tasks.ts:28
[  167351ms] [INFO] [cadence:tasks-query] state changed {filters: Object, enabled: true, status: success, fetchStatus: idle, count: 6} @ http://localhost:8788/app/hooks/tasks/use-tasks.ts:28
[  167353ms] [INFO] [cadence:tasks-query] state changed {filters: Object, enabled: false, status: success, fetchStatus: idle, count: 6} @ http://localhost:8788/app/hooks/tasks/use-tasks.ts:28
[  167353ms] [INFO] [cadence:tasks-query] state changed {filters: Object, enabled: false, status: success, fetchStatus: idle, count: 6} @ http://localhost:8788/app/hooks/tasks/use-tasks.ts:28
[  167355ms] [INFO] [cadence:tasks-query] state changed {filters: Object, enabled: true, status: success, fetchStatus: idle, count: 6} @ http://localhost:8788/app/hooks/tasks/use-tasks.ts:28
[  184608ms] [INFO] [cadence:tasks-query] state changed {filters: Object, enabled: true, status: success, fetchStatus: idle, count: 6} @ http://localhost:8788/app/hooks/tasks/use-tasks.ts:28
[  184609ms] [INFO] [cadence:tasks-query] state changed {filters: Object, enabled: true, status: pending, fetchStatus: fetching, count: null} @ http://localhost:8788/app/hooks/tasks/use-tasks.ts:28
[  184609ms] [INFO] [cadence:tasks-query] state changed {filters: Object, enabled: true, status: pending, fetchStatus: fetching, count: null} @ http://localhost:8788/app/hooks/tasks/use-tasks.ts:28
[  184610ms] [INFO] [cadence:tasks-query] state changed {filters: Object, enabled: true, status: pending, fetchStatus: fetching, count: null} @ http://localhost:8788/app/hooks/tasks/use-tasks.ts:28
[  184611ms] [INFO] [cadence:tasks-query] state changed {filters: Object, enabled: true, status: pending, fetchStatus: fetching, count: null} @ http://localhost:8788/app/hooks/tasks/use-tasks.ts:28
[  184611ms] [INFO] [cadence:tasks-query] state changed {filters: Object, enabled: true, status: pending, fetchStatus: fetching, count: null} @ http://localhost:8788/app/hooks/tasks/use-tasks.ts:28
[  184612ms] [INFO] [cadence:tasks-query] state changed {filters: Object, enabled: true, status: pending, fetchStatus: fetching, count: null} @ http://localhost:8788/app/hooks/tasks/use-tasks.ts:28
[  184612ms] [INFO] [cadence:tasks-query] state changed {filters: Object, enabled: true, status: pending, fetchStatus: fetching, count: null} @ http://localhost:8788/app/hooks/tasks/use-tasks.ts:28
[  184613ms] [INFO] [cadence:tasks-query] state changed {filters: Object, enabled: true, status: pending, fetchStatus: fetching, count: null} @ http://localhost:8788/app/hooks/tasks/use-tasks.ts:28
[  184614ms] [INFO] [cadence:tasks-query] state changed {filters: Object, enabled: false, status: success, fetchStatus: idle, count: 6} @ http://localhost:8788/app/hooks/tasks/use-tasks.ts:28
[  184614ms] [INFO] [cadence:tasks-query] state changed {filters: Object, enabled: false, status: success, fetchStatus: idle, count: 6} @ http://localhost:8788/app/hooks/tasks/use-tasks.ts:28
[  184615ms] [INFO] [cadence:tasks-query] state changed {filters: Object, enabled: true, status: success, fetchStatus: idle, count: 6} @ http://localhost:8788/app/hooks/tasks/use-tasks.ts:28
[  184615ms] [INFO] [cadence:tasks-query] state changed {filters: Object, enabled: false, status: success, fetchStatus: idle, count: 1} @ http://localhost:8788/app/hooks/tasks/use-tasks.ts:28
[  184615ms] [INFO] [cadence:tasks-query] state changed {filters: Object, enabled: false, status: success, fetchStatus: idle, count: 1} @ http://localhost:8788/app/hooks/tasks/use-tasks.ts:28
[  184616ms] [INFO] [cadence:tasks-query] state changed {filters: Object, enabled: true, status: success, fetchStatus: idle, count: 1} @ http://localhost:8788/app/hooks/tasks/use-tasks.ts:28
[  184616ms] [INFO] [cadence:tasks-query] state changed {filters: Object, enabled: false, status: success, fetchStatus: idle, count: 1} @ http://localhost:8788/app/hooks/tasks/use-tasks.ts:28
[  184619ms] [INFO] [cadence:tasks-query] state changed {filters: Object, enabled: true, status: pending, fetchStatus: fetching, count: null} @ http://localhost:8788/app/hooks/tasks/use-tasks.ts:28
[  184620ms] [INFO] [cadence:tasks-query] state changed {filters: Object, enabled: true, status: pending, fetchStatus: fetching, count: null} @ http://localhost:8788/app/hooks/tasks/use-tasks.ts:28
[  184620ms] [INFO] [cadence:tasks-query] state changed {filters: Object, enabled: true, status: pending, fetchStatus: fetching, count: null} @ http://localhost:8788/app/hooks/tasks/use-tasks.ts:28
[  184620ms] [INFO] [cadence:tasks-query] state changed {filters: Object, enabled: true, status: pending, fetchStatus: fetching, count: null} @ http://localhost:8788/app/hooks/tasks/use-tasks.ts:28
[  184621ms] [INFO] [cadence:tasks-query] state changed {filters: Object, enabled: true, status: pending, fetchStatus: fetching, count: null} @ http://localhost:8788/app/hooks/tasks/use-tasks.ts:28
[  184621ms] [INFO] [cadence:tasks-query] state changed {filters: Object, enabled: true, status: pending, fetchStatus: fetching, count: null} @ http://localhost:8788/app/hooks/tasks/use-tasks.ts:28
[  184621ms] [INFO] [cadence:tasks-query] state changed {filters: Object, enabled: true, status: pending, fetchStatus: fetching, count: null} @ http://localhost:8788/app/hooks/tasks/use-tasks.ts:28
[  184621ms] [INFO] [cadence:tasks-query] state changed {filters: Object, enabled: true, status: pending, fetchStatus: fetching, count: null} @ http://localhost:8788/app/hooks/tasks/use-tasks.ts:28
[  184627ms] [INFO] [cadence:tasks-query] state changed {filters: Object, enabled: false, status: success, fetchStatus: idle, count: 6} @ http://localhost:8788/app/hooks/tasks/use-tasks.ts:28
[  184627ms] [INFO] [cadence:tasks-query] state changed {filters: Object, enabled: false, status: success, fetchStatus: idle, count: 6} @ http://localhost:8788/app/hooks/tasks/use-tasks.ts:28
[  185347ms] [INFO] [cadence:tasks-query] state changed {filters: Object, enabled: true, status: success, fetchStatus: idle, count: 1} @ http://localhost:8788/app/hooks/tasks/use-tasks.ts:28
[  185348ms] [INFO] [cadence:tasks-query] state changed {filters: Object, enabled: true, status: pending, fetchStatus: fetching, count: null} @ http://localhost:8788/app/hooks/tasks/use-tasks.ts:28
[  185349ms] [INFO] [cadence:tasks-query] state changed {filters: Object, enabled: true, status: pending, fetchStatus: fetching, count: null} @ http://localhost:8788/app/hooks/tasks/use-tasks.ts:28
[  185350ms] [INFO] [cadence:tasks-query] state changed {filters: Object, enabled: true, status: pending, fetchStatus: fetching, count: null} @ http://localhost:8788/app/hooks/tasks/use-tasks.ts:28
[  185350ms] [INFO] [cadence:tasks-query] state changed {filters: Object, enabled: true, status: success, fetchStatus: idle, count: 1} @ http://localhost:8788/app/hooks/tasks/use-tasks.ts:28
[  185351ms] [INFO] [cadence:tasks-query] state changed {filters: Object, enabled: true, status: pending, fetchStatus: fetching, count: null} @ http://localhost:8788/app/hooks/tasks/use-tasks.ts:28
[  185352ms] [INFO] [cadence:tasks-query] state changed {filters: Object, enabled: true, status: pending, fetchStatus: fetching, count: null} @ http://localhost:8788/app/hooks/tasks/use-tasks.ts:28
[  185353ms] [INFO] [cadence:tasks-query] state changed {filters: Object, enabled: true, status: pending, fetchStatus: fetching, count: null} @ http://localhost:8788/app/hooks/tasks/use-tasks.ts:28
[  185363ms] [INFO] [cadence:tasks-query] state changed {filters: Object, enabled: true, status: success, fetchStatus: idle, count: 1} @ http://localhost:8788/app/hooks/tasks/use-tasks.ts:28
[  185363ms] [INFO] [cadence:tasks-query] state changed {filters: Object, enabled: true, status: pending, fetchStatus: fetching, count: null} @ http://localhost:8788/app/hooks/tasks/use-tasks.ts:28
[  185364ms] [INFO] [cadence:tasks-query] state changed {filters: Object, enabled: true, status: pending, fetchStatus: fetching, count: null} @ http://localhost:8788/app/hooks/tasks/use-tasks.ts:28
[  185365ms] [INFO] [cadence:tasks-query] state changed {filters: Object, enabled: true, status: pending, fetchStatus: fetching, count: null} @ http://localhost:8788/app/hooks/tasks/use-tasks.ts:28
[  185365ms] [INFO] [cadence:tasks-query] state changed {filters: Object, enabled: true, status: success, fetchStatus: idle, count: 1} @ http://localhost:8788/app/hooks/tasks/use-tasks.ts:28
[  185366ms] [INFO] [cadence:tasks-query] state changed {filters: Object, enabled: true, status: pending, fetchStatus: fetching, count: null} @ http://localhost:8788/app/hooks/tasks/use-tasks.ts:28
[  185366ms] [INFO] [cadence:tasks-query] state changed {filters: Object, enabled: true, status: pending, fetchStatus: fetching, count: null} @ http://localhost:8788/app/hooks/tasks/use-tasks.ts:28
[  185367ms] [INFO] [cadence:tasks-query] state changed {filters: Object, enabled: true, status: pending, fetchStatus: fetching, count: null} @ http://localhost:8788/app/hooks/tasks/use-tasks.ts:28
[  185424ms] [INFO] [cadence:tasks-query] state changed {filters: Object, enabled: true, status: success, fetchStatus: idle, count: 1} @ http://localhost:8788/app/hooks/tasks/use-tasks.ts:28
[  185425ms] [INFO] [cadence:tasks-query] state changed {filters: Object, enabled: true, status: pending, fetchStatus: fetching, count: null} @ http://localhost:8788/app/hooks/tasks/use-tasks.ts:28
[  185426ms] [INFO] [cadence:tasks-query] state changed {filters: Object, enabled: true, status: pending, fetchStatus: fetching, count: null} @ http://localhost:8788/app/hooks/tasks/use-tasks.ts:28
[  185426ms] [INFO] [cadence:tasks-query] state changed {filters: Object, enabled: true, status: success, fetchStatus: idle, count: 0} @ http://localhost:8788/app/hooks/tasks/use-tasks.ts:28
[  185427ms] [INFO] [cadence:tasks-query] state changed {filters: Object, enabled: true, status: success, fetchStatus: idle, count: 1} @ http://localhost:8788/app/hooks/tasks/use-tasks.ts:28
[  185427ms] [INFO] [cadence:tasks-query] state changed {filters: Object, enabled: true, status: pending, fetchStatus: fetching, count: null} @ http://localhost:8788/app/hooks/tasks/use-tasks.ts:28
[  185428ms] [INFO] [cadence:tasks-query] state changed {filters: Object, enabled: true, status: pending, fetchStatus: fetching, count: null} @ http://localhost:8788/app/hooks/tasks/use-tasks.ts:28
[  185428ms] [INFO] [cadence:tasks-query] state changed {filters: Object, enabled: true, status: success, fetchStatus: idle, count: 0} @ http://localhost:8788/app/hooks/tasks/use-tasks.ts:28
[  185474ms] [INFO] [cadence:tasks-query] state changed {filters: Object, enabled: true, status: success, fetchStatus: idle, count: 1} @ http://localhost:8788/app/hooks/tasks/use-tasks.ts:28
[  185476ms] [INFO] [cadence:tasks-query] state changed {filters: Object, enabled: true, status: success, fetchStatus: idle, count: 0} @ http://localhost:8788/app/hooks/tasks/use-tasks.ts:28
[  185478ms] [INFO] [cadence:tasks-query] state changed {filters: Object, enabled: true, status: success, fetchStatus: idle, count: 5} @ http://localhost:8788/app/hooks/tasks/use-tasks.ts:28
[  185479ms] [INFO] [cadence:tasks-query] state changed {filters: Object, enabled: true, status: success, fetchStatus: idle, count: 0} @ http://localhost:8788/app/hooks/tasks/use-tasks.ts:28
[  185479ms] [INFO] [cadence:tasks-query] state changed {filters: Object, enabled: true, status: success, fetchStatus: idle, count: 1} @ http://localhost:8788/app/hooks/tasks/use-tasks.ts:28
[  185480ms] [INFO] [cadence:tasks-query] state changed {filters: Object, enabled: true, status: success, fetchStatus: idle, count: 0} @ http://localhost:8788/app/hooks/tasks/use-tasks.ts:28
[  185480ms] [INFO] [cadence:tasks-query] state changed {filters: Object, enabled: true, status: success, fetchStatus: idle, count: 5} @ http://localhost:8788/app/hooks/tasks/use-tasks.ts:28
[  185481ms] [INFO] [cadence:tasks-query] state changed {filters: Object, enabled: true, status: success, fetchStatus: idle, count: 0} @ http://localhost:8788/app/hooks/tasks/use-tasks.ts:28
[  185626ms] [INFO] [cadence:tasks-query] state changed {filters: Object, enabled: true, status: success, fetchStatus: idle, count: 1} @ http://localhost:8788/app/hooks/tasks/use-tasks.ts:28
[  185627ms] [INFO] [cadence:tasks-query] state changed {filters: Object, enabled: true, status: success, fetchStatus: idle, count: 0} @ http://localhost:8788/app/hooks/tasks/use-tasks.ts:28
[  185627ms] [INFO] [cadence:tasks-query] state changed {filters: Object, enabled: true, status: success, fetchStatus: idle, count: 5} @ http://localhost:8788/app/hooks/tasks/use-tasks.ts:28
[  185628ms] [INFO] [cadence:tasks-query] state changed {filters: Object, enabled: true, status: success, fetchStatus: idle, count: 0} @ http://localhost:8788/app/hooks/tasks/use-tasks.ts:28
[  185628ms] [INFO] [cadence:tasks-query] state changed {filters: Object, enabled: true, status: success, fetchStatus: idle, count: 1} @ http://localhost:8788/app/hooks/tasks/use-tasks.ts:28
[  185629ms] [INFO] [cadence:tasks-query] state changed {filters: Object, enabled: true, status: success, fetchStatus: idle, count: 0} @ http://localhost:8788/app/hooks/tasks/use-tasks.ts:28
[  185629ms] [INFO] [cadence:tasks-query] state changed {filters: Object, enabled: true, status: success, fetchStatus: idle, count: 5} @ http://localhost:8788/app/hooks/tasks/use-tasks.ts:28
[  185629ms] [INFO] [cadence:tasks-query] state changed {filters: Object, enabled: true, status: success, fetchStatus: idle, count: 0} @ http://localhost:8788/app/hooks/tasks/use-tasks.ts:28
[  185960ms] [INFO] [cadence:tasks-query] state changed {filters: Object, enabled: true, status: success, fetchStatus: idle, count: 1} @ http://localhost:8788/app/hooks/tasks/use-tasks.ts:28
[  185961ms] [INFO] [cadence:tasks-query] state changed {filters: Object, enabled: true, status: success, fetchStatus: idle, count: 0} @ http://localhost:8788/app/hooks/tasks/use-tasks.ts:28
[  185962ms] [INFO] [cadence:tasks-query] state changed {filters: Object, enabled: true, status: success, fetchStatus: idle, count: 5} @ http://localhost:8788/app/hooks/tasks/use-tasks.ts:28
[  185963ms] [INFO] [cadence:tasks-query] state changed {filters: Object, enabled: true, status: success, fetchStatus: idle, count: 0} @ http://localhost:8788/app/hooks/tasks/use-tasks.ts:28
[  185964ms] [INFO] [cadence:tasks-query] state changed {filters: Object, enabled: true, status: success, fetchStatus: idle, count: 1} @ http://localhost:8788/app/hooks/tasks/use-tasks.ts:28
[  185964ms] [INFO] [cadence:tasks-query] state changed {filters: Object, enabled: true, status: success, fetchStatus: idle, count: 0} @ http://localhost:8788/app/hooks/tasks/use-tasks.ts:28
[  185965ms] [INFO] [cadence:tasks-query] state changed {filters: Object, enabled: true, status: success, fetchStatus: idle, count: 5} @ http://localhost:8788/app/hooks/tasks/use-tasks.ts:28
[  185966ms] [INFO] [cadence:tasks-query] state changed {filters: Object, enabled: true, status: success, fetchStatus: idle, count: 0} @ http://localhost:8788/app/hooks/tasks/use-tasks.ts:28
[  188883ms] [INFO] [cadence:tasks-query] state changed {filters: Object, enabled: true, status: success, fetchStatus: idle, count: 6} @ http://localhost:8788/app/hooks/tasks/use-tasks.ts:28
[  188885ms] [INFO] [cadence:tasks-query] state changed {filters: Object, enabled: false, status: success, fetchStatus: idle, count: 6} @ http://localhost:8788/app/hooks/tasks/use-tasks.ts:28
[  188886ms] [INFO] [cadence:tasks-query] state changed {filters: Object, enabled: false, status: success, fetchStatus: idle, count: 6} @ http://localhost:8788/app/hooks/tasks/use-tasks.ts:28
[  188887ms] [INFO] [cadence:tasks-query] state changed {filters: Object, enabled: true, status: success, fetchStatus: idle, count: 6} @ http://localhost:8788/app/hooks/tasks/use-tasks.ts:28
[  188888ms] [INFO] [cadence:tasks-query] state changed {filters: Object, enabled: false, status: success, fetchStatus: idle, count: 1} @ http://localhost:8788/app/hooks/tasks/use-tasks.ts:28
[  188888ms] [INFO] [cadence:tasks-query] state changed {filters: Object, enabled: false, status: success, fetchStatus: idle, count: 1} @ http://localhost:8788/app/hooks/tasks/use-tasks.ts:28
[  188889ms] [INFO] [cadence:tasks-query] state changed {filters: Object, enabled: true, status: success, fetchStatus: idle, count: 1} @ http://localhost:8788/app/hooks/tasks/use-tasks.ts:28
[  188889ms] [INFO] [cadence:tasks-query] state changed {filters: Object, enabled: false, status: success, fetchStatus: idle, count: 1} @ http://localhost:8788/app/hooks/tasks/use-tasks.ts:28
[  188920ms] [INFO] [cadence:tasks-query] state changed {filters: Object, enabled: true, status: success, fetchStatus: idle, count: 0} @ http://localhost:8788/app/hooks/tasks/use-tasks.ts:28
[  188921ms] [INFO] [cadence:tasks-query] state changed {filters: Object, enabled: true, status: success, fetchStatus: idle, count: 0} @ http://localhost:8788/app/hooks/tasks/use-tasks.ts:28
[  188922ms] [INFO] [cadence:tasks-query] state changed {filters: Object, enabled: true, status: success, fetchStatus: idle, count: 5} @ http://localhost:8788/app/hooks/tasks/use-tasks.ts:28
[  188923ms] [INFO] [cadence:tasks-query] state changed {filters: Object, enabled: true, status: success, fetchStatus: idle, count: 0} @ http://localhost:8788/app/hooks/tasks/use-tasks.ts:28
[  188924ms] [INFO] [cadence:tasks-query] state changed {filters: Object, enabled: true, status: success, fetchStatus: idle, count: 0} @ http://localhost:8788/app/hooks/tasks/use-tasks.ts:28
[  188925ms] [INFO] [cadence:tasks-query] state changed {filters: Object, enabled: true, status: success, fetchStatus: idle, count: 0} @ http://localhost:8788/app/hooks/tasks/use-tasks.ts:28
[  188926ms] [INFO] [cadence:tasks-query] state changed {filters: Object, enabled: true, status: success, fetchStatus: idle, count: 5} @ http://localhost:8788/app/hooks/tasks/use-tasks.ts:28
[  188926ms] [INFO] [cadence:tasks-query] state changed {filters: Object, enabled: true, status: success, fetchStatus: idle, count: 0} @ http://localhost:8788/app/hooks/tasks/use-tasks.ts:28
[  188991ms] [INFO] [cadence:tasks-query] state changed {filters: Object, enabled: true, status: success, fetchStatus: idle, count: 5} @ http://localhost:8788/app/hooks/tasks/use-tasks.ts:28
[  188993ms] [INFO] [cadence:tasks-query] state changed {filters: Object, enabled: false, status: success, fetchStatus: idle, count: 5} @ http://localhost:8788/app/hooks/tasks/use-tasks.ts:28
[  188994ms] [INFO] [cadence:tasks-query] state changed {filters: Object, enabled: false, status: success, fetchStatus: idle, count: 5} @ http://localhost:8788/app/hooks/tasks/use-tasks.ts:28
[  188995ms] [INFO] [cadence:tasks-query] state changed {filters: Object, enabled: true, status: success, fetchStatus: idle, count: 5} @ http://localhost:8788/app/hooks/tasks/use-tasks.ts:28
[  188995ms] [INFO] [cadence:tasks-query] state changed {filters: Object, enabled: false, status: success, fetchStatus: idle, count: 0} @ http://localhost:8788/app/hooks/tasks/use-tasks.ts:28
[  188996ms] [INFO] [cadence:tasks-query] state changed {filters: Object, enabled: false, status: success, fetchStatus: idle, count: 0} @ http://localhost:8788/app/hooks/tasks/use-tasks.ts:28
[  188996ms] [INFO] [cadence:tasks-query] state changed {filters: Object, enabled: true, status: success, fetchStatus: idle, count: 0} @ http://localhost:8788/app/hooks/tasks/use-tasks.ts:28
[  188997ms] [INFO] [cadence:tasks-query] state changed {filters: Object, enabled: false, status: success, fetchStatus: idle, count: 0} @ http://localhost:8788/app/hooks/tasks/use-tasks.ts:28
[  190160ms] [INFO] [cadence:tasks-query] state changed {filters: Object, enabled: true, status: success, fetchStatus: fetching, count: 5} @ http://localhost:8788/app/hooks/tasks/use-tasks.ts:28
[  190162ms] [INFO] [cadence:tasks-query] state changed {filters: Object, enabled: false, status: success, fetchStatus: fetching, count: 5} @ http://localhost:8788/app/hooks/tasks/use-tasks.ts:28
[  190163ms] [INFO] [cadence:tasks-query] state changed {filters: Object, enabled: false, status: success, fetchStatus: fetching, count: 5} @ http://localhost:8788/app/hooks/tasks/use-tasks.ts:28
[  190163ms] [INFO] [cadence:tasks-query] state changed {filters: Object, enabled: true, status: success, fetchStatus: fetching, count: 5} @ http://localhost:8788/app/hooks/tasks/use-tasks.ts:28
[  190164ms] [INFO] [cadence:tasks-query] state changed {filters: Object, enabled: false, status: success, fetchStatus: idle, count: 0} @ http://localhost:8788/app/hooks/tasks/use-tasks.ts:28
[  190165ms] [INFO] [cadence:tasks-query] state changed {filters: Object, enabled: false, status: success, fetchStatus: idle, count: 0} @ http://localhost:8788/app/hooks/tasks/use-tasks.ts:28
[  190165ms] [INFO] [cadence:tasks-query] state changed {filters: Object, enabled: true, status: success, fetchStatus: fetching, count: 0} @ http://localhost:8788/app/hooks/tasks/use-tasks.ts:28
[  190166ms] [INFO] [cadence:tasks-query] state changed {filters: Object, enabled: false, status: success, fetchStatus: idle, count: 0} @ http://localhost:8788/app/hooks/tasks/use-tasks.ts:28
[  190924ms] [INFO] [cadence:tasks-query] state changed {filters: Object, enabled: true, status: success, fetchStatus: idle, count: 6} @ http://localhost:8788/app/hooks/tasks/use-tasks.ts:28
[  190926ms] [INFO] [cadence:tasks-query] state changed {filters: Object, enabled: false, status: success, fetchStatus: idle, count: 6} @ http://localhost:8788/app/hooks/tasks/use-tasks.ts:28
[  190926ms] [INFO] [cadence:tasks-query] state changed {filters: Object, enabled: false, status: success, fetchStatus: idle, count: 6} @ http://localhost:8788/app/hooks/tasks/use-tasks.ts:28
[  190927ms] [INFO] [cadence:tasks-query] state changed {filters: Object, enabled: true, status: success, fetchStatus: idle, count: 6} @ http://localhost:8788/app/hooks/tasks/use-tasks.ts:28
[  190928ms] [INFO] [cadence:tasks-query] state changed {filters: Object, enabled: false, status: success, fetchStatus: idle, count: 0} @ http://localhost:8788/app/hooks/tasks/use-tasks.ts:28
[  190928ms] [INFO] [cadence:tasks-query] state changed {filters: Object, enabled: false, status: success, fetchStatus: idle, count: 0} @ http://localhost:8788/app/hooks/tasks/use-tasks.ts:28
[  190928ms] [INFO] [cadence:tasks-query] state changed {filters: Object, enabled: true, status: success, fetchStatus: idle, count: 0} @ http://localhost:8788/app/hooks/tasks/use-tasks.ts:28
[  190929ms] [INFO] [cadence:tasks-query] state changed {filters: Object, enabled: false, status: success, fetchStatus: idle, count: 0} @ http://localhost:8788/app/hooks/tasks/use-tasks.ts:28
[  200566ms] [INFO] [cadence:tasks-query] state changed {filters: Object, enabled: true, status: success, fetchStatus: idle, count: 6} @ http://localhost:8788/app/hooks/tasks/use-tasks.ts:28
[  200567ms] [INFO] [cadence:tasks-query] state changed {filters: Object, enabled: false, status: success, fetchStatus: idle, count: 6} @ http://localhost:8788/app/hooks/tasks/use-tasks.ts:28
[  200567ms] [INFO] [cadence:tasks-query] state changed {filters: Object, enabled: false, status: success, fetchStatus: idle, count: 6} @ http://localhost:8788/app/hooks/tasks/use-tasks.ts:28
[  200568ms] [INFO] [cadence:tasks-query] state changed {filters: Object, enabled: true, status: success, fetchStatus: idle, count: 6} @ http://localhost:8788/app/hooks/tasks/use-tasks.ts:28
[  200569ms] [INFO] [cadence:tasks-query] state changed {filters: Object, enabled: false, status: success, fetchStatus: idle, count: 0} @ http://localhost:8788/app/hooks/tasks/use-tasks.ts:28
[  200569ms] [INFO] [cadence:tasks-query] state changed {filters: Object, enabled: true, status: success, fetchStatus: fetching, count: 0} @ http://localhost:8788/app/hooks/tasks/use-tasks.ts:28
[  200570ms] [INFO] [cadence:tasks-query] state changed {filters: Object, enabled: false, status: success, fetchStatus: idle, count: 0} @ http://localhost:8788/app/hooks/tasks/use-tasks.ts:28
[  200571ms] [INFO] [cadence:tasks-query] state changed {filters: Object, enabled: false, status: success, fetchStatus: idle, count: 0} @ http://localhost:8788/app/hooks/tasks/use-tasks.ts:28
[  201417ms] [INFO] [cadence:tasks-query] state changed {filters: Object, enabled: true, status: success, fetchStatus: idle, count: 6} @ http://localhost:8788/app/hooks/tasks/use-tasks.ts:28
[  201420ms] [INFO] [cadence:tasks-query] state changed {filters: Object, enabled: false, status: success, fetchStatus: idle, count: 6} @ http://localhost:8788/app/hooks/tasks/use-tasks.ts:28
[  201420ms] [INFO] [cadence:tasks-query] state changed {filters: Object, enabled: false, status: success, fetchStatus: idle, count: 6} @ http://localhost:8788/app/hooks/tasks/use-tasks.ts:28
[  201421ms] [INFO] [cadence:tasks-query] state changed {filters: Object, enabled: true, status: success, fetchStatus: idle, count: 6} @ http://localhost:8788/app/hooks/tasks/use-tasks.ts:28
[  201421ms] [INFO] [cadence:tasks-query] state changed {filters: Object, enabled: false, status: success, fetchStatus: idle, count: 0} @ http://localhost:8788/app/hooks/tasks/use-tasks.ts:28
[  201421ms] [INFO] [cadence:tasks-query] state changed {filters: Object, enabled: true, status: success, fetchStatus: idle, count: 0} @ http://localhost:8788/app/hooks/tasks/use-tasks.ts:28
[  201422ms] [INFO] [cadence:tasks-query] state changed {filters: Object, enabled: false, status: success, fetchStatus: idle, count: 0} @ http://localhost:8788/app/hooks/tasks/use-tasks.ts:28
[  201422ms] [INFO] [cadence:tasks-query] state changed {filters: Object, enabled: false, status: success, fetchStatus: idle, count: 0} @ http://localhost:8788/app/hooks/tasks/use-tasks.ts:28
[  201510ms] [INFO] [cadence:tasks-query] state changed {filters: Object, enabled: true, status: success, fetchStatus: idle, count: 6} @ http://localhost:8788/app/hooks/tasks/use-tasks.ts:28
[  201512ms] [INFO] [cadence:tasks-query] state changed {filters: Object, enabled: false, status: success, fetchStatus: idle, count: 6} @ http://localhost:8788/app/hooks/tasks/use-tasks.ts:28
[  201513ms] [INFO] [cadence:tasks-query] state changed {filters: Object, enabled: false, status: success, fetchStatus: idle, count: 6} @ http://localhost:8788/app/hooks/tasks/use-tasks.ts:28
[  201514ms] [INFO] [cadence:tasks-query] state changed {filters: Object, enabled: true, status: success, fetchStatus: idle, count: 6} @ http://localhost:8788/app/hooks/tasks/use-tasks.ts:28
[  201515ms] [INFO] [cadence:tasks-query] state changed {filters: Object, enabled: false, status: success, fetchStatus: idle, count: 0} @ http://localhost:8788/app/hooks/tasks/use-tasks.ts:28
[  201515ms] [INFO] [cadence:tasks-query] state changed {filters: Object, enabled: true, status: success, fetchStatus: idle, count: 0} @ http://localhost:8788/app/hooks/tasks/use-tasks.ts:28
[  201515ms] [INFO] [cadence:tasks-query] state changed {filters: Object, enabled: false, status: success, fetchStatus: idle, count: 0} @ http://localhost:8788/app/hooks/tasks/use-tasks.ts:28
[  201516ms] [INFO] [cadence:tasks-query] state changed {filters: Object, enabled: false, status: success, fetchStatus: idle, count: 0} @ http://localhost:8788/app/hooks/tasks/use-tasks.ts:28
[  204406ms] [INFO] [cadence:tasks-query] state changed {filters: Object, enabled: true, status: success, fetchStatus: idle, count: 6} @ http://localhost:8788/app/hooks/tasks/use-tasks.ts:28
[  204409ms] [INFO] [cadence:tasks-query] state changed {filters: Object, enabled: false, status: success, fetchStatus: idle, count: 6} @ http://localhost:8788/app/hooks/tasks/use-tasks.ts:28
[  204409ms] [INFO] [cadence:tasks-query] state changed {filters: Object, enabled: false, status: success, fetchStatus: idle, count: 6} @ http://localhost:8788/app/hooks/tasks/use-tasks.ts:28
[  204410ms] [INFO] [cadence:tasks-query] state changed {filters: Object, enabled: true, status: success, fetchStatus: idle, count: 6} @ http://localhost:8788/app/hooks/tasks/use-tasks.ts:28
[  204410ms] [INFO] [cadence:tasks-query] state changed {filters: Object, enabled: false, status: success, fetchStatus: idle, count: 0} @ http://localhost:8788/app/hooks/tasks/use-tasks.ts:28
[  204410ms] [INFO] [cadence:tasks-query] state changed {filters: Object, enabled: true, status: success, fetchStatus: idle, count: 0} @ http://localhost:8788/app/hooks/tasks/use-tasks.ts:28
[  204411ms] [INFO] [cadence:tasks-query] state changed {filters: Object, enabled: false, status: success, fetchStatus: idle, count: 0} @ http://localhost:8788/app/hooks/tasks/use-tasks.ts:28
[  204411ms] [INFO] [cadence:tasks-query] state changed {filters: Object, enabled: false, status: success, fetchStatus: idle, count: 0} @ http://localhost:8788/app/hooks/tasks/use-tasks.ts:28
[  209561ms] [INFO] [cadence:tasks-query] state changed {filters: Object, enabled: true, status: success, fetchStatus: idle, count: 7} @ http://localhost:8788/app/hooks/tasks/use-tasks.ts:28
[  209567ms] [INFO] [cadence:tasks-query] state changed {filters: Object, enabled: false, status: success, fetchStatus: idle, count: 7} @ http://localhost:8788/app/hooks/tasks/use-tasks.ts:28
[  209568ms] [INFO] [cadence:tasks-query] state changed {filters: Object, enabled: false, status: success, fetchStatus: idle, count: 7} @ http://localhost:8788/app/hooks/tasks/use-tasks.ts:28
[  209569ms] [INFO] [cadence:tasks-query] state changed {filters: Object, enabled: true, status: success, fetchStatus: idle, count: 7} @ http://localhost:8788/app/hooks/tasks/use-tasks.ts:28
[  209570ms] [INFO] [cadence:tasks-query] state changed {filters: Object, enabled: false, status: success, fetchStatus: idle, count: 1} @ http://localhost:8788/app/hooks/tasks/use-tasks.ts:28
[  209570ms] [INFO] [cadence:tasks-query] state changed {filters: Object, enabled: true, status: success, fetchStatus: idle, count: 1} @ http://localhost:8788/app/hooks/tasks/use-tasks.ts:28
[  209570ms] [INFO] [cadence:tasks-query] state changed {filters: Object, enabled: false, status: success, fetchStatus: idle, count: 1} @ http://localhost:8788/app/hooks/tasks/use-tasks.ts:28
[  209571ms] [INFO] [cadence:tasks-query] state changed {filters: Object, enabled: false, status: success, fetchStatus: idle, count: 1} @ http://localhost:8788/app/hooks/tasks/use-tasks.ts:28
[  210211ms] [INFO] [cadence:tasks-query] state changed {filters: Object, enabled: true, status: success, fetchStatus: idle, count: 7} @ http://localhost:8788/app/hooks/tasks/use-tasks.ts:28
[  210211ms] [INFO] [cadence:tasks-query] state changed {filters: Object, enabled: false, status: success, fetchStatus: idle, count: 7} @ http://localhost:8788/app/hooks/tasks/use-tasks.ts:28
[  210212ms] [INFO] [cadence:tasks-query] state changed {filters: Object, enabled: false, status: success, fetchStatus: idle, count: 7} @ http://localhost:8788/app/hooks/tasks/use-tasks.ts:28
[  210212ms] [INFO] [cadence:tasks-query] state changed {filters: Object, enabled: true, status: success, fetchStatus: idle, count: 7} @ http://localhost:8788/app/hooks/tasks/use-tasks.ts:28
[  210655ms] [INFO] [cadence:tasks-query] state changed {filters: Object, enabled: false, status: success, fetchStatus: idle, count: 7} @ http://localhost:8788/app/hooks/tasks/use-tasks.ts:28
[  210655ms] [INFO] [cadence:tasks-query] state changed {filters: Object, enabled: false, status: success, fetchStatus: idle, count: 7} @ http://localhost:8788/app/hooks/tasks/use-tasks.ts:28
[  211095ms] [INFO] [cadence:tasks-query] state changed {filters: Object, enabled: true, status: success, fetchStatus: idle, count: 7} @ http://localhost:8788/app/hooks/tasks/use-tasks.ts:28
[  211098ms] [INFO] [cadence:tasks-query] state changed {filters: Object, enabled: false, status: success, fetchStatus: idle, count: 7} @ http://localhost:8788/app/hooks/tasks/use-tasks.ts:28
[  211099ms] [INFO] [cadence:tasks-query] state changed {filters: Object, enabled: false, status: success, fetchStatus: idle, count: 7} @ http://localhost:8788/app/hooks/tasks/use-tasks.ts:28
[  211100ms] [INFO] [cadence:tasks-query] state changed {filters: Object, enabled: true, status: success, fetchStatus: idle, count: 7} @ http://localhost:8788/app/hooks/tasks/use-tasks.ts:28
[  211100ms] [INFO] [cadence:tasks-query] state changed {filters: Object, enabled: false, status: success, fetchStatus: idle, count: 1} @ http://localhost:8788/app/hooks/tasks/use-tasks.ts:28
[  211101ms] [INFO] [cadence:tasks-query] state changed {filters: Object, enabled: true, status: success, fetchStatus: idle, count: 1} @ http://localhost:8788/app/hooks/tasks/use-tasks.ts:28
[  211101ms] [INFO] [cadence:tasks-query] state changed {filters: Object, enabled: false, status: success, fetchStatus: idle, count: 1} @ http://localhost:8788/app/hooks/tasks/use-tasks.ts:28
[  211101ms] [INFO] [cadence:tasks-query] state changed {filters: Object, enabled: false, status: success, fetchStatus: idle, count: 1} @ http://localhost:8788/app/hooks/tasks/use-tasks.ts:28
[  212131ms] [INFO] [cadence:tasks-query] state changed {filters: Object, enabled: false, status: success, fetchStatus: idle, count: 7} @ http://localhost:8788/app/hooks/tasks/use-tasks.ts:28
[  212132ms] [INFO] [cadence:tasks-query] state changed {filters: Object, enabled: false, status: success, fetchStatus: idle, count: 7} @ http://localhost:8788/app/hooks/tasks/use-tasks.ts:28
[  222503ms] [INFO] [cadence:tasks-query] state changed {filters: Object, enabled: true, status: success, fetchStatus: idle, count: 7} @ http://localhost:8788/app/hooks/tasks/use-tasks.ts:28
[  222504ms] [INFO] [cadence:tasks-query] state changed {filters: Object, enabled: false, status: success, fetchStatus: idle, count: 7} @ http://localhost:8788/app/hooks/tasks/use-tasks.ts:28
[  222504ms] [INFO] [cadence:tasks-query] state changed {filters: Object, enabled: false, status: success, fetchStatus: idle, count: 7} @ http://localhost:8788/app/hooks/tasks/use-tasks.ts:28
[  222505ms] [INFO] [cadence:tasks-query] state changed {filters: Object, enabled: true, status: success, fetchStatus: idle, count: 7} @ http://localhost:8788/app/hooks/tasks/use-tasks.ts:28
[  225389ms] [INFO] [cadence:tasks-query] state changed {filters: Object, enabled: true, status: success, fetchStatus: idle, count: 7} @ http://localhost:8788/app/hooks/tasks/use-tasks.ts:28
[  225394ms] [INFO] [cadence:tasks-query] state changed {filters: Object, enabled: true, status: success, fetchStatus: idle, count: 1} @ http://localhost:8788/app/hooks/tasks/use-tasks.ts:28
[  225395ms] [INFO] [cadence:tasks-query] state changed {filters: Object, enabled: true, status: success, fetchStatus: idle, count: 0} @ http://localhost:8788/app/hooks/tasks/use-tasks.ts:28
[  225396ms] [INFO] [cadence:tasks-query] state changed {filters: Object, enabled: true, status: success, fetchStatus: idle, count: 6} @ http://localhost:8788/app/hooks/tasks/use-tasks.ts:28
[  225396ms] [INFO] [cadence:tasks-query] state changed {filters: Object, enabled: true, status: success, fetchStatus: idle, count: 0} @ http://localhost:8788/app/hooks/tasks/use-tasks.ts:28
[  225398ms] [INFO] [cadence:tasks-query] state changed {filters: Object, enabled: true, status: success, fetchStatus: idle, count: 1} @ http://localhost:8788/app/hooks/tasks/use-tasks.ts:28
[  225399ms] [INFO] [cadence:tasks-query] state changed {filters: Object, enabled: true, status: success, fetchStatus: idle, count: 0} @ http://localhost:8788/app/hooks/tasks/use-tasks.ts:28
[  225399ms] [INFO] [cadence:tasks-query] state changed {filters: Object, enabled: true, status: success, fetchStatus: idle, count: 6} @ http://localhost:8788/app/hooks/tasks/use-tasks.ts:28
[  225400ms] [INFO] [cadence:tasks-query] state changed {filters: Object, enabled: true, status: success, fetchStatus: idle, count: 0} @ http://localhost:8788/app/hooks/tasks/use-tasks.ts:28
[  225408ms] [INFO] [cadence:tasks-query] state changed {filters: Object, enabled: false, status: success, fetchStatus: idle, count: 7} @ http://localhost:8788/app/hooks/tasks/use-tasks.ts:28
[  225409ms] [INFO] [cadence:tasks-query] state changed {filters: Object, enabled: false, status: success, fetchStatus: idle, count: 7} @ http://localhost:8788/app/hooks/tasks/use-tasks.ts:28
[  225409ms] [INFO] [cadence:tasks-query] state changed {filters: Object, enabled: true, status: success, fetchStatus: idle, count: 7} @ http://localhost:8788/app/hooks/tasks/use-tasks.ts:28
[  225410ms] [INFO] [cadence:tasks-query] state changed {filters: Object, enabled: false, status: success, fetchStatus: idle, count: 1} @ http://localhost:8788/app/hooks/tasks/use-tasks.ts:28
[  225410ms] [INFO] [cadence:tasks-query] state changed {filters: Object, enabled: true, status: success, fetchStatus: idle, count: 1} @ http://localhost:8788/app/hooks/tasks/use-tasks.ts:28
[  225411ms] [INFO] [cadence:tasks-query] state changed {filters: Object, enabled: false, status: success, fetchStatus: idle, count: 1} @ http://localhost:8788/app/hooks/tasks/use-tasks.ts:28
[  225411ms] [INFO] [cadence:tasks-query] state changed {filters: Object, enabled: false, status: success, fetchStatus: idle, count: 1} @ http://localhost:8788/app/hooks/tasks/use-tasks.ts:28
[  225415ms] [INFO] [cadence:tasks-query] state changed {filters: Object, enabled: true, status: success, fetchStatus: idle, count: 1} @ http://localhost:8788/app/hooks/tasks/use-tasks.ts:28
[  225415ms] [INFO] [cadence:tasks-query] state changed {filters: Object, enabled: true, status: success, fetchStatus: idle, count: 0} @ http://localhost:8788/app/hooks/tasks/use-tasks.ts:28
[  225416ms] [INFO] [cadence:tasks-query] state changed {filters: Object, enabled: true, status: success, fetchStatus: idle, count: 6} @ http://localhost:8788/app/hooks/tasks/use-tasks.ts:28
[  225416ms] [INFO] [cadence:tasks-query] state changed {filters: Object, enabled: true, status: success, fetchStatus: idle, count: 0} @ http://localhost:8788/app/hooks/tasks/use-tasks.ts:28
[  225417ms] [INFO] [cadence:tasks-query] state changed {filters: Object, enabled: true, status: success, fetchStatus: idle, count: 1} @ http://localhost:8788/app/hooks/tasks/use-tasks.ts:28
[  225418ms] [INFO] [cadence:tasks-query] state changed {filters: Object, enabled: true, status: success, fetchStatus: idle, count: 0} @ http://localhost:8788/app/hooks/tasks/use-tasks.ts:28
[  225418ms] [INFO] [cadence:tasks-query] state changed {filters: Object, enabled: true, status: success, fetchStatus: idle, count: 6} @ http://localhost:8788/app/hooks/tasks/use-tasks.ts:28
[  225418ms] [INFO] [cadence:tasks-query] state changed {filters: Object, enabled: true, status: success, fetchStatus: idle, count: 0} @ http://localhost:8788/app/hooks/tasks/use-tasks.ts:28
[  225428ms] [INFO] [cadence:tasks-query] state changed {filters: Object, enabled: false, status: success, fetchStatus: idle, count: 7} @ http://localhost:8788/app/hooks/tasks/use-tasks.ts:28
[  225428ms] [INFO] [cadence:tasks-query] state changed {filters: Object, enabled: false, status: success, fetchStatus: idle, count: 7} @ http://localhost:8788/app/hooks/tasks/use-tasks.ts:28
[  226155ms] [INFO] [cadence:tasks-query] state changed {filters: Object, enabled: true, status: success, fetchStatus: idle, count: 1} @ http://localhost:8788/app/hooks/tasks/use-tasks.ts:28
[  226155ms] [INFO] [cadence:tasks-query] state changed {filters: Object, enabled: true, status: success, fetchStatus: idle, count: 0} @ http://localhost:8788/app/hooks/tasks/use-tasks.ts:28
[  226156ms] [INFO] [cadence:tasks-query] state changed {filters: Object, enabled: true, status: success, fetchStatus: idle, count: 6} @ http://localhost:8788/app/hooks/tasks/use-tasks.ts:28
[  226156ms] [INFO] [cadence:tasks-query] state changed {filters: Object, enabled: true, status: success, fetchStatus: idle, count: 0} @ http://localhost:8788/app/hooks/tasks/use-tasks.ts:28
[  226159ms] [INFO] [cadence:tasks-query] state changed {filters: Object, enabled: true, status: success, fetchStatus: idle, count: 1} @ http://localhost:8788/app/hooks/tasks/use-tasks.ts:28
[  226159ms] [INFO] [cadence:tasks-query] state changed {filters: Object, enabled: true, status: success, fetchStatus: idle, count: 0} @ http://localhost:8788/app/hooks/tasks/use-tasks.ts:28
[  226160ms] [INFO] [cadence:tasks-query] state changed {filters: Object, enabled: true, status: success, fetchStatus: idle, count: 6} @ http://localhost:8788/app/hooks/tasks/use-tasks.ts:28
[  226160ms] [INFO] [cadence:tasks-query] state changed {filters: Object, enabled: true, status: success, fetchStatus: idle, count: 0} @ http://localhost:8788/app/hooks/tasks/use-tasks.ts:28
[  226202ms] [INFO] [cadence:tasks-query] state changed {filters: Object, enabled: true, status: success, fetchStatus: idle, count: 1} @ http://localhost:8788/app/hooks/tasks/use-tasks.ts:28
[  226203ms] [INFO] [cadence:tasks-query] state changed {filters: Object, enabled: true, status: success, fetchStatus: idle, count: 0} @ http://localhost:8788/app/hooks/tasks/use-tasks.ts:28
[  226203ms] [INFO] [cadence:tasks-query] state changed {filters: Object, enabled: true, status: success, fetchStatus: idle, count: 6} @ http://localhost:8788/app/hooks/tasks/use-tasks.ts:28
[  226204ms] [INFO] [cadence:tasks-query] state changed {filters: Object, enabled: true, status: success, fetchStatus: idle, count: 0} @ http://localhost:8788/app/hooks/tasks/use-tasks.ts:28
[  226205ms] [INFO] [cadence:tasks-query] state changed {filters: Object, enabled: true, status: success, fetchStatus: idle, count: 1} @ http://localhost:8788/app/hooks/tasks/use-tasks.ts:28
[  226206ms] [INFO] [cadence:tasks-query] state changed {filters: Object, enabled: true, status: success, fetchStatus: idle, count: 0} @ http://localhost:8788/app/hooks/tasks/use-tasks.ts:28
[  226207ms] [INFO] [cadence:tasks-query] state changed {filters: Object, enabled: true, status: success, fetchStatus: idle, count: 6} @ http://localhost:8788/app/hooks/tasks/use-tasks.ts:28
[  226207ms] [INFO] [cadence:tasks-query] state changed {filters: Object, enabled: true, status: success, fetchStatus: idle, count: 0} @ http://localhost:8788/app/hooks/tasks/use-tasks.ts:28
[  231979ms] [INFO] [cadence:tasks-query] state changed {filters: Object, enabled: true, status: success, fetchStatus: idle, count: 7} @ http://localhost:8788/app/hooks/tasks/use-tasks.ts:28
[  231983ms] [INFO] [cadence:tasks-query] state changed {filters: Object, enabled: false, status: success, fetchStatus: idle, count: 7} @ http://localhost:8788/app/hooks/tasks/use-tasks.ts:28
[  231983ms] [INFO] [cadence:tasks-query] state changed {filters: Object, enabled: false, status: success, fetchStatus: idle, count: 7} @ http://localhost:8788/app/hooks/tasks/use-tasks.ts:28
[  231984ms] [INFO] [cadence:tasks-query] state changed {filters: Object, enabled: true, status: success, fetchStatus: idle, count: 7} @ http://localhost:8788/app/hooks/tasks/use-tasks.ts:28
[  231984ms] [INFO] [cadence:tasks-query] state changed {filters: Object, enabled: false, status: success, fetchStatus: idle, count: 1} @ http://localhost:8788/app/hooks/tasks/use-tasks.ts:28
[  231985ms] [INFO] [cadence:tasks-query] state changed {filters: Object, enabled: true, status: success, fetchStatus: idle, count: 1} @ http://localhost:8788/app/hooks/tasks/use-tasks.ts:28
[  231985ms] [INFO] [cadence:tasks-query] state changed {filters: Object, enabled: false, status: success, fetchStatus: idle, count: 1} @ http://localhost:8788/app/hooks/tasks/use-tasks.ts:28
[  231986ms] [INFO] [cadence:tasks-query] state changed {filters: Object, enabled: false, status: success, fetchStatus: idle, count: 1} @ http://localhost:8788/app/hooks/tasks/use-tasks.ts:28
[  232038ms] [INFO] [cadence:tasks-query] state changed {filters: Object, enabled: true, status: success, fetchStatus: idle, count: 0} @ http://localhost:8788/app/hooks/tasks/use-tasks.ts:28
[  232038ms] [INFO] [cadence:tasks-query] state changed {filters: Object, enabled: true, status: success, fetchStatus: idle, count: 0} @ http://localhost:8788/app/hooks/tasks/use-tasks.ts:28
[  232039ms] [INFO] [cadence:tasks-query] state changed {filters: Object, enabled: true, status: success, fetchStatus: idle, count: 6} @ http://localhost:8788/app/hooks/tasks/use-tasks.ts:28
[  232039ms] [INFO] [cadence:tasks-query] state changed {filters: Object, enabled: true, status: success, fetchStatus: idle, count: 0} @ http://localhost:8788/app/hooks/tasks/use-tasks.ts:28
[  232040ms] [INFO] [cadence:tasks-query] state changed {filters: Object, enabled: true, status: success, fetchStatus: idle, count: 0} @ http://localhost:8788/app/hooks/tasks/use-tasks.ts:28
[  232041ms] [INFO] [cadence:tasks-query] state changed {filters: Object, enabled: true, status: success, fetchStatus: idle, count: 0} @ http://localhost:8788/app/hooks/tasks/use-tasks.ts:28
[  232041ms] [INFO] [cadence:tasks-query] state changed {filters: Object, enabled: true, status: success, fetchStatus: idle, count: 6} @ http://localhost:8788/app/hooks/tasks/use-tasks.ts:28
[  232042ms] [INFO] [cadence:tasks-query] state changed {filters: Object, enabled: true, status: success, fetchStatus: idle, count: 0} @ http://localhost:8788/app/hooks/tasks/use-tasks.ts:28
[  232108ms] [INFO] [cadence:tasks-query] state changed {filters: Object, enabled: true, status: success, fetchStatus: idle, count: 6} @ http://localhost:8788/app/hooks/tasks/use-tasks.ts:28
[  232110ms] [INFO] [cadence:tasks-query] state changed {filters: Object, enabled: false, status: success, fetchStatus: idle, count: 6} @ http://localhost:8788/app/hooks/tasks/use-tasks.ts:28
[  232111ms] [INFO] [cadence:tasks-query] state changed {filters: Object, enabled: false, status: success, fetchStatus: idle, count: 6} @ http://localhost:8788/app/hooks/tasks/use-tasks.ts:28
[  232112ms] [INFO] [cadence:tasks-query] state changed {filters: Object, enabled: true, status: success, fetchStatus: idle, count: 6} @ http://localhost:8788/app/hooks/tasks/use-tasks.ts:28
[  232112ms] [INFO] [cadence:tasks-query] state changed {filters: Object, enabled: false, status: success, fetchStatus: idle, count: 0} @ http://localhost:8788/app/hooks/tasks/use-tasks.ts:28
[  232112ms] [INFO] [cadence:tasks-query] state changed {filters: Object, enabled: true, status: success, fetchStatus: idle, count: 0} @ http://localhost:8788/app/hooks/tasks/use-tasks.ts:28
[  232113ms] [INFO] [cadence:tasks-query] state changed {filters: Object, enabled: false, status: success, fetchStatus: idle, count: 0} @ http://localhost:8788/app/hooks/tasks/use-tasks.ts:28
[  232113ms] [INFO] [cadence:tasks-query] state changed {filters: Object, enabled: false, status: success, fetchStatus: idle, count: 0} @ http://localhost:8788/app/hooks/tasks/use-tasks.ts:28
[  233476ms] [INFO] [cadence:tasks-query] state changed {filters: Object, enabled: true, status: success, fetchStatus: fetching, count: 6} @ http://localhost:8788/app/hooks/tasks/use-tasks.ts:28
[  233478ms] [INFO] [cadence:tasks-query] state changed {filters: Object, enabled: false, status: success, fetchStatus: fetching, count: 6} @ http://localhost:8788/app/hooks/tasks/use-tasks.ts:28
[  233479ms] [INFO] [cadence:tasks-query] state changed {filters: Object, enabled: false, status: success, fetchStatus: fetching, count: 6} @ http://localhost:8788/app/hooks/tasks/use-tasks.ts:28
[  233479ms] [INFO] [cadence:tasks-query] state changed {filters: Object, enabled: true, status: success, fetchStatus: fetching, count: 6} @ http://localhost:8788/app/hooks/tasks/use-tasks.ts:28
[  233480ms] [INFO] [cadence:tasks-query] state changed {filters: Object, enabled: false, status: success, fetchStatus: idle, count: 0} @ http://localhost:8788/app/hooks/tasks/use-tasks.ts:28
[  233480ms] [INFO] [cadence:tasks-query] state changed {filters: Object, enabled: true, status: success, fetchStatus: fetching, count: 0} @ http://localhost:8788/app/hooks/tasks/use-tasks.ts:28
[  233480ms] [INFO] [cadence:tasks-query] state changed {filters: Object, enabled: false, status: success, fetchStatus: idle, count: 0} @ http://localhost:8788/app/hooks/tasks/use-tasks.ts:28
[  233481ms] [INFO] [cadence:tasks-query] state changed {filters: Object, enabled: false, status: success, fetchStatus: idle, count: 0} @ http://localhost:8788/app/hooks/tasks/use-tasks.ts:28
[  234246ms] [INFO] [cadence:tasks-query] state changed {filters: Object, enabled: true, status: success, fetchStatus: idle, count: 7} @ http://localhost:8788/app/hooks/tasks/use-tasks.ts:28
[  234246ms] [INFO] [cadence:tasks-query] state changed {filters: Object, enabled: false, status: success, fetchStatus: idle, count: 7} @ http://localhost:8788/app/hooks/tasks/use-tasks.ts:28
[  234247ms] [INFO] [cadence:tasks-query] state changed {filters: Object, enabled: false, status: success, fetchStatus: idle, count: 7} @ http://localhost:8788/app/hooks/tasks/use-tasks.ts:28
[  234248ms] [INFO] [cadence:tasks-query] state changed {filters: Object, enabled: true, status: success, fetchStatus: idle, count: 7} @ http://localhost:8788/app/hooks/tasks/use-tasks.ts:28
[  234324ms] [INFO] [cadence:tasks-query] state changed {filters: Object, enabled: true, status: success, fetchStatus: idle, count: 7} @ http://localhost:8788/app/hooks/tasks/use-tasks.ts:28
[  234327ms] [INFO] [cadence:tasks-query] state changed {filters: Object, enabled: false, status: success, fetchStatus: idle, count: 7} @ http://localhost:8788/app/hooks/tasks/use-tasks.ts:28
[  234327ms] [INFO] [cadence:tasks-query] state changed {filters: Object, enabled: false, status: success, fetchStatus: idle, count: 7} @ http://localhost:8788/app/hooks/tasks/use-tasks.ts:28
[  234328ms] [INFO] [cadence:tasks-query] state changed {filters: Object, enabled: true, status: success, fetchStatus: idle, count: 7} @ http://localhost:8788/app/hooks/tasks/use-tasks.ts:28
[  234329ms] [INFO] [cadence:tasks-query] state changed {filters: Object, enabled: false, status: success, fetchStatus: idle, count: 0} @ http://localhost:8788/app/hooks/tasks/use-tasks.ts:28
[  234330ms] [INFO] [cadence:tasks-query] state changed {filters: Object, enabled: true, status: success, fetchStatus: idle, count: 0} @ http://localhost:8788/app/hooks/tasks/use-tasks.ts:28
[  234330ms] [INFO] [cadence:tasks-query] state changed {filters: Object, enabled: false, status: success, fetchStatus: idle, count: 0} @ http://localhost:8788/app/hooks/tasks/use-tasks.ts:28
[  234331ms] [INFO] [cadence:tasks-query] state changed {filters: Object, enabled: false, status: success, fetchStatus: idle, count: 0} @ http://localhost:8788/app/hooks/tasks/use-tasks.ts:28
[  265372ms] [INFO] [cadence:tasks-query] state changed {filters: Object, enabled: true, status: success, fetchStatus: idle, count: 7} @ http://localhost:8788/app/hooks/tasks/use-tasks.ts:28
[  265373ms] [INFO] [cadence:tasks-query] state changed {filters: Object, enabled: false, status: success, fetchStatus: idle, count: 7} @ http://localhost:8788/app/hooks/tasks/use-tasks.ts:28
[  265373ms] [INFO] [cadence:tasks-query] state changed {filters: Object, enabled: false, status: success, fetchStatus: idle, count: 7} @ http://localhost:8788/app/hooks/tasks/use-tasks.ts:28
[  265374ms] [INFO] [cadence:tasks-query] state changed {filters: Object, enabled: true, status: success, fetchStatus: idle, count: 7} @ http://localhost:8788/app/hooks/tasks/use-tasks.ts:28
[  277632ms] [INFO] [cadence:tasks-query] state changed {filters: Object, enabled: true, status: success, fetchStatus: idle, count: 7} @ http://localhost:8788/app/hooks/tasks/use-tasks.ts:28
[  277633ms] [INFO] [cadence:tasks-query] state changed {filters: Object, enabled: false, status: success, fetchStatus: idle, count: 7} @ http://localhost:8788/app/hooks/tasks/use-tasks.ts:28
[  277633ms] [INFO] [cadence:tasks-query] state changed {filters: Object, enabled: false, status: success, fetchStatus: idle, count: 7} @ http://localhost:8788/app/hooks/tasks/use-tasks.ts:28
[  277634ms] [INFO] [cadence:tasks-query] state changed {filters: Object, enabled: true, status: success, fetchStatus: idle, count: 7} @ http://localhost:8788/app/hooks/tasks/use-tasks.ts:28
[  305397ms] [INFO] [cadence:tasks-query] state changed {filters: Object, enabled: true, status: success, fetchStatus: idle, count: 7} @ http://localhost:8788/app/hooks/tasks/use-tasks.ts:28
[  305407ms] [INFO] [cadence:tasks-query] state changed {filters: Object, enabled: false, status: success, fetchStatus: idle, count: 7} @ http://localhost:8788/app/hooks/tasks/use-tasks.ts:28
[  305415ms] [INFO] [cadence:tasks-query] state changed {filters: Object, enabled: false, status: success, fetchStatus: idle, count: 7} @ http://localhost:8788/app/hooks/tasks/use-tasks.ts:28
[  305417ms] [INFO] [cadence:tasks-query] state changed {filters: Object, enabled: true, status: success, fetchStatus: idle, count: 7} @ http://localhost:8788/app/hooks/tasks/use-tasks.ts:28
[  305418ms] [INFO] [cadence:tasks-query] state changed {filters: Object, enabled: false, status: success, fetchStatus: idle, count: 0} @ http://localhost:8788/app/hooks/tasks/use-tasks.ts:28
[  305418ms] [INFO] [cadence:tasks-query] state changed {filters: Object, enabled: true, status: success, fetchStatus: idle, count: 0} @ http://localhost:8788/app/hooks/tasks/use-tasks.ts:28
[  305419ms] [INFO] [cadence:tasks-query] state changed {filters: Object, enabled: false, status: success, fetchStatus: idle, count: 0} @ http://localhost:8788/app/hooks/tasks/use-tasks.ts:28
[  305420ms] [INFO] [cadence:tasks-query] state changed {filters: Object, enabled: false, status: success, fetchStatus: idle, count: 0} @ http://localhost:8788/app/hooks/tasks/use-tasks.ts:28
[  305941ms] [INFO] [cadence:tasks-query] state changed {filters: Object, enabled: true, status: success, fetchStatus: idle, count: 7} @ http://localhost:8788/app/hooks/tasks/use-tasks.ts:28
[  305952ms] [INFO] [cadence:tasks-query] state changed {filters: Object, enabled: false, status: success, fetchStatus: idle, count: 7} @ http://localhost:8788/app/hooks/tasks/use-tasks.ts:28
[  305953ms] [INFO] [cadence:tasks-query] state changed {filters: Object, enabled: false, status: success, fetchStatus: idle, count: 7} @ http://localhost:8788/app/hooks/tasks/use-tasks.ts:28
[  305954ms] [INFO] [cadence:tasks-query] state changed {filters: Object, enabled: true, status: success, fetchStatus: idle, count: 7} @ http://localhost:8788/app/hooks/tasks/use-tasks.ts:28
[  305955ms] [INFO] [cadence:tasks-query] state changed {filters: Object, enabled: false, status: success, fetchStatus: idle, count: 0} @ http://localhost:8788/app/hooks/tasks/use-tasks.ts:28
[  305956ms] [INFO] [cadence:tasks-query] state changed {filters: Object, enabled: true, status: success, fetchStatus: idle, count: 0} @ http://localhost:8788/app/hooks/tasks/use-tasks.ts:28
[  305957ms] [INFO] [cadence:tasks-query] state changed {filters: Object, enabled: false, status: success, fetchStatus: idle, count: 0} @ http://localhost:8788/app/hooks/tasks/use-tasks.ts:28
[  305958ms] [INFO] [cadence:tasks-query] state changed {filters: Object, enabled: false, status: success, fetchStatus: idle, count: 0} @ http://localhost:8788/app/hooks/tasks/use-tasks.ts:28
[  306626ms] [INFO] [cadence:tasks-query] state changed {filters: Object, enabled: true, status: success, fetchStatus: idle, count: 7} @ http://localhost:8788/app/hooks/tasks/use-tasks.ts?t=1789333343959:28
[  306636ms] [INFO] [cadence:tasks-query] state changed {filters: Object, enabled: false, status: success, fetchStatus: idle, count: 7} @ http://localhost:8788/app/hooks/tasks/use-tasks.ts?t=1789333343959:28
[  306637ms] [INFO] [cadence:tasks-query] state changed {filters: Object, enabled: false, status: success, fetchStatus: idle, count: 7} @ http://localhost:8788/app/hooks/tasks/use-tasks.ts?t=1789333343959:28
[  306640ms] [INFO] [cadence:tasks-query] state changed {filters: Object, enabled: true, status: success, fetchStatus: idle, count: 7} @ http://localhost:8788/app/hooks/tasks/use-tasks.ts?t=1789333343959:28
[  306643ms] [INFO] [cadence:tasks-query] state changed {filters: Object, enabled: false, status: success, fetchStatus: idle, count: 0} @ http://localhost:8788/app/hooks/tasks/use-tasks.ts?t=1789333343959:28
[  306647ms] [INFO] [cadence:tasks-query] state changed {filters: Object, enabled: true, status: pending, fetchStatus: fetching, count: null} @ http://localhost:8788/app/hooks/tasks/use-tasks.ts?t=1789333343959:28
[  306648ms] [INFO] [cadence:tasks-query] state changed {filters: Object, enabled: false, status: success, fetchStatus: idle, count: 0} @ http://localhost:8788/app/hooks/tasks/use-tasks.ts?t=1789333343959:28
[  306649ms] [INFO] [cadence:tasks-query] state changed {filters: Object, enabled: false, status: success, fetchStatus: idle, count: 0} @ http://localhost:8788/app/hooks/tasks/use-tasks.ts?t=1789333343959:28
[  306826ms] [INFO] [cadence:tasks-query] state changed {filters: Object, enabled: true, status: success, fetchStatus: fetching, count: 7} @ http://localhost:8788/app/hooks/tasks/use-tasks.ts?t=1789333343959:28
[  306829ms] [INFO] [cadence:tasks-query] state changed {filters: Object, enabled: false, status: success, fetchStatus: fetching, count: 7} @ http://localhost:8788/app/hooks/tasks/use-tasks.ts?t=1789333343959:28
[  306830ms] [INFO] [cadence:inbox-query] state changed {enabled: true, status: success, fetchStatus: fetching, count: 3, error: null} @ http://localhost:8788/app/hooks/inbox/use-inbox.ts:21
[  306831ms] [INFO] [cadence:tasks-query] state changed {filters: Object, enabled: false, status: success, fetchStatus: fetching, count: 7} @ http://localhost:8788/app/hooks/tasks/use-tasks.ts?t=1789333343959:28
[  306831ms] [INFO] [cadence:inbox-query] state changed {enabled: true, status: success, fetchStatus: fetching, count: 3, error: null} @ http://localhost:8788/app/hooks/inbox/use-inbox.ts:21
[  306833ms] [INFO] [cadence:tasks-query] state changed {filters: Object, enabled: true, status: success, fetchStatus: fetching, count: 7} @ http://localhost:8788/app/hooks/tasks/use-tasks.ts?t=1789333343959:28
[  306834ms] [INFO] [cadence:tasks-query] state changed {filters: Object, enabled: false, status: success, fetchStatus: idle, count: 0} @ http://localhost:8788/app/hooks/tasks/use-tasks.ts?t=1789333343959:28
[  306835ms] [INFO] [cadence:tasks-query] state changed {filters: Object, enabled: true, status: pending, fetchStatus: fetching, count: null} @ http://localhost:8788/app/hooks/tasks/use-tasks.ts?t=1789333343959:28
[  306835ms] [INFO] [cadence:tasks-query] state changed {filters: Object, enabled: false, status: success, fetchStatus: idle, count: 0} @ http://localhost:8788/app/hooks/tasks/use-tasks.ts?t=1789333343959:28
[  306836ms] [INFO] [cadence:tasks-query] state changed {filters: Object, enabled: false, status: success, fetchStatus: idle, count: 0} @ http://localhost:8788/app/hooks/tasks/use-tasks.ts?t=1789333343959:28
[  307221ms] [INFO] [cadence:tasks-query] state changed {filters: Object, enabled: true, status: success, fetchStatus: fetching, count: 7} @ http://localhost:8788/app/hooks/tasks/use-tasks.ts?t=1789333343959:28
[  307223ms] [INFO] [cadence:tasks-query] state changed {filters: Object, enabled: false, status: success, fetchStatus: fetching, count: 7} @ http://localhost:8788/app/hooks/tasks/use-tasks.ts?t=1789333343959:28
[  307224ms] [INFO] [cadence:tasks-query] state changed {filters: Object, enabled: false, status: success, fetchStatus: fetching, count: 7} @ http://localhost:8788/app/hooks/tasks/use-tasks.ts?t=1789333343959:28
[  307224ms] [INFO] [cadence:tasks-query] state changed {filters: Object, enabled: true, status: success, fetchStatus: fetching, count: 7} @ http://localhost:8788/app/hooks/tasks/use-tasks.ts?t=1789333343959:28
[  307225ms] [INFO] [cadence:tasks-query] state changed {filters: Object, enabled: false, status: success, fetchStatus: idle, count: 0} @ http://localhost:8788/app/hooks/tasks/use-tasks.ts?t=1789333343959:28
[  307225ms] [INFO] [cadence:tasks-query] state changed {filters: Object, enabled: true, status: pending, fetchStatus: fetching, count: null} @ http://localhost:8788/app/hooks/tasks/use-tasks.ts?t=1789333343959:28
[  307226ms] [INFO] [cadence:tasks-query] state changed {filters: Object, enabled: false, status: success, fetchStatus: idle, count: 0} @ http://localhost:8788/app/hooks/tasks/use-tasks.ts?t=1789333343959:28
[  307227ms] [INFO] [cadence:tasks-query] state changed {filters: Object, enabled: false, status: success, fetchStatus: idle, count: 0} @ http://localhost:8788/app/hooks/tasks/use-tasks.ts?t=1789333343959:28
[  307289ms] [INFO] [cadence:tasks-query] state changed {filters: Object, enabled: true, status: success, fetchStatus: fetching, count: 7} @ http://localhost:8788/app/hooks/tasks/use-tasks.ts?t=1789333343959:28
[  307291ms] [INFO] [cadence:tasks-query] state changed {filters: Object, enabled: false, status: success, fetchStatus: fetching, count: 7} @ http://localhost:8788/app/hooks/tasks/use-tasks.ts?t=1789333343959:28
[  307292ms] [INFO] [cadence:tasks-query] state changed {filters: Object, enabled: false, status: success, fetchStatus: fetching, count: 7} @ http://localhost:8788/app/hooks/tasks/use-tasks.ts?t=1789333343959:28
[  307292ms] [INFO] [cadence:tasks-query] state changed {filters: Object, enabled: true, status: success, fetchStatus: fetching, count: 7} @ http://localhost:8788/app/hooks/tasks/use-tasks.ts?t=1789333343959:28
[  307293ms] [INFO] [cadence:tasks-query] state changed {filters: Object, enabled: false, status: success, fetchStatus: idle, count: 0} @ http://localhost:8788/app/hooks/tasks/use-tasks.ts?t=1789333343959:28
[  307294ms] [INFO] [cadence:tasks-query] state changed {filters: Object, enabled: true, status: pending, fetchStatus: fetching, count: null} @ http://localhost:8788/app/hooks/tasks/use-tasks.ts?t=1789333343959:28
[  307294ms] [INFO] [cadence:tasks-query] state changed {filters: Object, enabled: false, status: success, fetchStatus: idle, count: 0} @ http://localhost:8788/app/hooks/tasks/use-tasks.ts?t=1789333343959:28
[  307295ms] [INFO] [cadence:tasks-query] state changed {filters: Object, enabled: false, status: success, fetchStatus: idle, count: 0} @ http://localhost:8788/app/hooks/tasks/use-tasks.ts?t=1789333343959:28
[  308248ms] [INFO] [cadence:tasks-query] state changed {filters: Object, enabled: true, status: success, fetchStatus: fetching, count: 7} @ http://localhost:8788/app/hooks/tasks/use-tasks.ts?t=1789333343959:28
[  308255ms] [INFO] [cadence:tasks-query] state changed {filters: Object, enabled: false, status: success, fetchStatus: fetching, count: 7} @ http://localhost:8788/app/hooks/tasks/use-tasks.ts?t=1789333343959:28
[  308256ms] [INFO] [cadence:tasks-query] state changed {filters: Object, enabled: false, status: success, fetchStatus: fetching, count: 7} @ http://localhost:8788/app/hooks/tasks/use-tasks.ts?t=1789333343959:28
[  308257ms] [INFO] [cadence:tasks-query] state changed {filters: Object, enabled: true, status: success, fetchStatus: fetching, count: 7} @ http://localhost:8788/app/hooks/tasks/use-tasks.ts?t=1789333343959:28
[  308258ms] [INFO] [cadence:tasks-query] state changed {filters: Object, enabled: false, status: success, fetchStatus: idle, count: 0} @ http://localhost:8788/app/hooks/tasks/use-tasks.ts?t=1789333343959:28
[  308259ms] [INFO] [cadence:tasks-query] state changed {filters: Object, enabled: true, status: pending, fetchStatus: fetching, count: null} @ http://localhost:8788/app/hooks/tasks/use-tasks.ts?t=1789333343959:28
[  308259ms] [INFO] [cadence:tasks-query] state changed {filters: Object, enabled: false, status: success, fetchStatus: idle, count: 0} @ http://localhost:8788/app/hooks/tasks/use-tasks.ts?t=1789333343959:28
[  308260ms] [INFO] [cadence:tasks-query] state changed {filters: Object, enabled: false, status: success, fetchStatus: idle, count: 0} @ http://localhost:8788/app/hooks/tasks/use-tasks.ts?t=1789333343959:28
[  308288ms] [INFO] [cadence:tasks-query] state changed {filters: Object, enabled: true, status: success, fetchStatus: idle, count: 7} @ http://localhost:8788/app/hooks/tasks/use-tasks.ts?t=1789333343959:28
[  308289ms] [INFO] [cadence:tasks-query] state changed {filters: Object, enabled: false, status: success, fetchStatus: idle, count: 7} @ http://localhost:8788/app/hooks/tasks/use-tasks.ts?t=1789333343959:28
[  308290ms] [INFO] [cadence:tasks-query] state changed {filters: Object, enabled: false, status: success, fetchStatus: idle, count: 7} @ http://localhost:8788/app/hooks/tasks/use-tasks.ts?t=1789333343959:28
[  308291ms] [INFO] [cadence:tasks-query] state changed {filters: Object, enabled: true, status: success, fetchStatus: idle, count: 7} @ http://localhost:8788/app/hooks/tasks/use-tasks.ts?t=1789333343959:28
[  308459ms] [INFO] [cadence:tasks-query] state changed {filters: Object, enabled: true, status: success, fetchStatus: idle, count: 7} @ http://localhost:8788/app/hooks/tasks/use-tasks.ts?t=1789333343959:28
[  308461ms] [INFO] [cadence:tasks-query] state changed {filters: Object, enabled: false, status: success, fetchStatus: idle, count: 7} @ http://localhost:8788/app/hooks/tasks/use-tasks.ts?t=1789333343959:28
[  308462ms] [INFO] [cadence:tasks-query] state changed {filters: Object, enabled: false, status: success, fetchStatus: idle, count: 7} @ http://localhost:8788/app/hooks/tasks/use-tasks.ts?t=1789333343959:28
[  308463ms] [INFO] [cadence:tasks-query] state changed {filters: Object, enabled: true, status: success, fetchStatus: idle, count: 7} @ http://localhost:8788/app/hooks/tasks/use-tasks.ts?t=1789333343959:28
[  309176ms] [INFO] [cadence:tasks-query] state changed {filters: Object, enabled: true, status: success, fetchStatus: idle, count: 7} @ http://localhost:8788/app/hooks/tasks/use-tasks.ts?t=1789333343959:28
[  309182ms] [INFO] [cadence:tasks-query] state changed {filters: Object, enabled: false, status: success, fetchStatus: idle, count: 7} @ http://localhost:8788/app/hooks/tasks/use-tasks.ts?t=1789333343959:28
[  309183ms] [INFO] [cadence:tasks-query] state changed {filters: Object, enabled: false, status: success, fetchStatus: idle, count: 7} @ http://localhost:8788/app/hooks/tasks/use-tasks.ts?t=1789333343959:28
[  309184ms] [INFO] [cadence:tasks-query] state changed {filters: Object, enabled: true, status: success, fetchStatus: idle, count: 7} @ http://localhost:8788/app/hooks/tasks/use-tasks.ts?t=1789333343959:28
[  309185ms] [INFO] [cadence:tasks-query] state changed {filters: Object, enabled: false, status: success, fetchStatus: idle, count: 0} @ http://localhost:8788/app/hooks/tasks/use-tasks.ts?t=1789333343959:28
[  309186ms] [INFO] [cadence:tasks-query] state changed {filters: Object, enabled: true, status: success, fetchStatus: idle, count: 0} @ http://localhost:8788/app/hooks/tasks/use-tasks.ts?t=1789333343959:28
[  309186ms] [INFO] [cadence:tasks-query] state changed {filters: Object, enabled: false, status: success, fetchStatus: idle, count: 0} @ http://localhost:8788/app/hooks/tasks/use-tasks.ts?t=1789333343959:28
[  309187ms] [INFO] [cadence:tasks-query] state changed {filters: Object, enabled: false, status: success, fetchStatus: idle, count: 0} @ http://localhost:8788/app/hooks/tasks/use-tasks.ts?t=1789333343959:28
[  309430ms] [INFO] [cadence:tasks-query] state changed {filters: Object, enabled: false, status: success, fetchStatus: idle, count: 7} @ http://localhost:8788/app/hooks/tasks/use-tasks.ts?t=1789333343959:28
[  309431ms] [INFO] [cadence:inbox-query] state changed {enabled: true, status: success, fetchStatus: idle, count: 3, error: null} @ http://localhost:8788/app/hooks/inbox/use-inbox.ts:21
[  309431ms] [INFO] [cadence:tasks-query] state changed {filters: Object, enabled: false, status: success, fetchStatus: idle, count: 7} @ http://localhost:8788/app/hooks/tasks/use-tasks.ts?t=1789333343959:28
[  309432ms] [INFO] [cadence:inbox-query] state changed {enabled: true, status: success, fetchStatus: idle, count: 3, error: null} @ http://localhost:8788/app/hooks/inbox/use-inbox.ts:21
[  309784ms] [INFO] [cadence:tasks-query] state changed {filters: Object, enabled: true, status: success, fetchStatus: idle, count: 7} @ http://localhost:8788/app/hooks/tasks/use-tasks.ts?t=1789333343959:28
[  309787ms] [INFO] [cadence:tasks-query] state changed {filters: Object, enabled: false, status: success, fetchStatus: idle, count: 7} @ http://localhost:8788/app/hooks/tasks/use-tasks.ts?t=1789333343959:28
[  309788ms] [INFO] [cadence:tasks-query] state changed {filters: Object, enabled: false, status: success, fetchStatus: idle, count: 7} @ http://localhost:8788/app/hooks/tasks/use-tasks.ts?t=1789333343959:28
[  309788ms] [INFO] [cadence:tasks-query] state changed {filters: Object, enabled: true, status: success, fetchStatus: idle, count: 7} @ http://localhost:8788/app/hooks/tasks/use-tasks.ts?t=1789333343959:28
[  309789ms] [INFO] [cadence:tasks-query] state changed {filters: Object, enabled: false, status: success, fetchStatus: idle, count: 0} @ http://localhost:8788/app/hooks/tasks/use-tasks.ts?t=1789333343959:28
[  309789ms] [INFO] [cadence:tasks-query] state changed {filters: Object, enabled: true, status: success, fetchStatus: idle, count: 0} @ http://localhost:8788/app/hooks/tasks/use-tasks.ts?t=1789333343959:28
[  309789ms] [INFO] [cadence:tasks-query] state changed {filters: Object, enabled: false, status: success, fetchStatus: idle, count: 0} @ http://localhost:8788/app/hooks/tasks/use-tasks.ts?t=1789333343959:28
[  309790ms] [INFO] [cadence:tasks-query] state changed {filters: Object, enabled: false, status: success, fetchStatus: idle, count: 0} @ http://localhost:8788/app/hooks/tasks/use-tasks.ts?t=1789333343959:28
[  309857ms] [INFO] [cadence:tasks-query] state changed {filters: Object, enabled: true, status: success, fetchStatus: idle, count: 7} @ http://localhost:8788/app/hooks/tasks/use-tasks.ts?t=1789333343959:28
[  309860ms] [INFO] [cadence:tasks-query] state changed {filters: Object, enabled: false, status: success, fetchStatus: idle, count: 7} @ http://localhost:8788/app/hooks/tasks/use-tasks.ts?t=1789333343959:28
[  309861ms] [INFO] [cadence:tasks-query] state changed {filters: Object, enabled: false, status: success, fetchStatus: idle, count: 7} @ http://localhost:8788/app/hooks/tasks/use-tasks.ts?t=1789333343959:28
[  309861ms] [INFO] [cadence:tasks-query] state changed {filters: Object, enabled: true, status: success, fetchStatus: idle, count: 7} @ http://localhost:8788/app/hooks/tasks/use-tasks.ts?t=1789333343959:28
[  309862ms] [INFO] [cadence:tasks-query] state changed {filters: Object, enabled: false, status: success, fetchStatus: idle, count: 0} @ http://localhost:8788/app/hooks/tasks/use-tasks.ts?t=1789333343959:28
[  309862ms] [INFO] [cadence:tasks-query] state changed {filters: Object, enabled: true, status: success, fetchStatus: idle, count: 0} @ http://localhost:8788/app/hooks/tasks/use-tasks.ts?t=1789333343959:28
[  309862ms] [INFO] [cadence:tasks-query] state changed {filters: Object, enabled: false, status: success, fetchStatus: idle, count: 0} @ http://localhost:8788/app/hooks/tasks/use-tasks.ts?t=1789333343959:28
[  309863ms] [INFO] [cadence:tasks-query] state changed {filters: Object, enabled: false, status: success, fetchStatus: idle, count: 0} @ http://localhost:8788/app/hooks/tasks/use-tasks.ts?t=1789333343959:28
[  312793ms] [WARNING] The resource http://localhost:8788/app/app.css was preloaded using link preload but not used within a few seconds from the window's load event. Please make sure it has an appropriate `as` value and it is preloaded intentionally. @ http://localhost:8788/schedule:0
